module	path	sha256
WeakH1	LeanCode/Internal/FunctionalAnalysis/WeakH1.lean	0ac7064d21e1c875e703497bf4346ad5e069a3c683e14b5ccbb90ef40817d43f
OrthogonalPullback	LeanCode/Internal/FunctionalAnalysis/OrthogonalPullback.lean	e5578ef224527f1453292bf7b0b69cd6829c6cee11557c9aa2d0664898407d7e
ArrayPullback	LeanCode/Internal/FunctionalAnalysis/ArrayPullback.lean	aa9b1deae68c8ee73e9bc0e6ff7769bec4699aa505b39d78bea25710d10df2a1
TL1TensorLpInterface	LeanCode/Internal/FunctionalAnalysis/TL1TensorLpInterface.lean	93d63f30512d295eae993e05abca1bd63a1be626a84edc137ab1167471f4c70c
TCX1Interface	LeanCode/Internal/FunctionalAnalysis/TCX1Interface.lean	486830954d4e94b2d2706c443b7b5d20502b1992a01013c4e2c442a652f8af42
TCX1Proof	LeanCode/Internal/FunctionalAnalysis/TCX1Proof.lean	4649f6e59aecc1c9aa06cc3fbb17dc8059fa3431b9dfbdcc80eda96f665fc046
GC1Interface	LeanCode/Internal/FunctionalAnalysis/GC1Interface.lean	df74cf860bc97fca09a567de9101db96f73791520c50b9df814cb503fe9c628d
GC1Proof	LeanCode/Internal/FunctionalAnalysis/GC1Proof.lean	1e59a96a64a239c1f893d992eaa9d5cd3f21b950cef193ab25a3a0aa740548bc
CE1Interface	LeanCode/Internal/FunctionalAnalysis/CE1Interface.lean	1d94bc9a4fb4f5664ac7cd78e1d69cb5ccdf43ed50f0fc22e17a01f75cb362d2
CE1Proof	LeanCode/Internal/FunctionalAnalysis/CE1Proof.lean	88c83d187192493c6c7e104fc5043b1feea4dc71814cee061c141f71dba165c5
SK2Interface	LeanCode/Internal/FunctionalAnalysis/SK2Interface.lean	bd4e3c836850db139c13be103597b20c205a9acb2528ef4e3637e7b544258d27
SK1Interface	LeanCode/Internal/FunctionalAnalysis/SK1Interface.lean	3706c47a8d9bb347ac0169c426ea1c0e3dee842bd32289e8659eddee172b0bd0
SK1Proof	LeanCode/Internal/FunctionalAnalysis/SK1Proof.lean	c45a9a383a2b981d56c787ee29149d4b7076cfc8480e4ef2afe50e93055a2795
SK2Estimates	LeanCode/Internal/FunctionalAnalysis/SK2Estimates.lean	163bab2fbdc6309714cc43263efa3b07e455264bf550a8b16ef4fa6fae4e269d
SK2Proof	LeanCode/Internal/FunctionalAnalysis/SK2Proof.lean	1ec65453700bbb4c465ecb35061e67956472b9d836e2147a80aa5a5ca88fe8c0
SI1Interface	LeanCode/Internal/FunctionalAnalysis/SI1Interface.lean	082ba5042b953c3b2c2bf48ab93bcae6d76883ff0d647e967b043f697e0cc144
SI1Proof	LeanCode/Internal/FunctionalAnalysis/SI1Proof.lean	8674de3e80780f695fcf77dbe268dd04f26aaad9e0de2718626dbc4b59d46d6f
DP1DomainInterface	LeanCode/Internal/FunctionalAnalysis/DP1DomainInterface.lean	95fb59185b128b49703ea70a8b4da4fd13f66a5de950cb44af54a2ed3c9120a7
SI2Interface	LeanCode/Internal/FunctionalAnalysis/SI2Interface.lean	c0b1d2ceeb1df66cc2f36839893a290d558e1f81675450eba80181559ee8d1ce
SI2Tonelli	LeanCode/Internal/FunctionalAnalysis/SI2Tonelli.lean	eddc46f36ad81dfd9dd96122dc88f6908ca71c7db84be68fc57bab20eb094171
DP1MeasurePreserving	LeanCode/Internal/FunctionalAnalysis/DP1MeasurePreserving.lean	fb8ba2cb27eb17e5b6e986b11cc5deb8773af067e13ab969ffb8b0121f86b72d
SI2Proof	LeanCode/Internal/FunctionalAnalysis/SI2Proof.lean	75d66639ec60572d62925a1cf4f07674fb6c984d7d4c83ba82c4de5d74c9570a
SI3Interface	LeanCode/Internal/FunctionalAnalysis/SI3Interface.lean	a8cdcc1b0b84002438d15e05316ff896506ddd934213a37795ff348b07f2435f
SI3Proof	LeanCode/Internal/FunctionalAnalysis/SI3Proof.lean	be6a816f8e6475b68e186672b8f191d9808439be9f590a80f20ee4532089148f
KI1Interface	LeanCode/Internal/FunctionalAnalysis/KI1Interface.lean	f5d98657e8a77be6adbf076fec13a85b3c247212deca6edd48198512149901c5
KI1Analysis	LeanCode/Internal/FunctionalAnalysis/KI1Analysis.lean	efdfbfd25591676daca5181768ca95996003f0f921901ac40b2b2b0b41a050f7
KI1Construction	LeanCode/Internal/FunctionalAnalysis/KI1Construction.lean	c75e5f12ed6449e9898033ec5ab6cc355a65d1b6514bb1fc3b0ef21764179739
KI1ProofConsumer	LeanCode/Internal/FunctionalAnalysis/KI1ProofConsumer.lean	4ddac99f9fc686c3a3c0344f3c349ae6a35e450151787aa89d38b3ea1a1a740d
CPGInterface	LeanCode/Internal/FunctionalAnalysis/CPGInterface.lean	16eb7d115d562ebbf5179f5a1fb4cdf02286b39335601d67ae770b59e97c65be
CPGProof	LeanCode/Internal/FunctionalAnalysis/CPGProof.lean	35fa4a25afc388418c86f570fd6d115f133a7d533e6b31ffaa07797051eb54e0
FullCellKernelInterface	LeanCode/Internal/FunctionalAnalysis/FullCellKernelInterface.lean	2dde4853605b05a67dc6156ea0ba53789b5a63cb811a7478fc529d65ec6918fd
CellFieldExchange	LeanCode/Internal/FunctionalAnalysis/CellFieldExchange.lean	c145e862f9d136f5b1bd95dd8c7c5566c35b8bcf1e9025e230d39a65efda3b05
FullCellKernelProof	LeanCode/Internal/FunctionalAnalysis/FullCellKernelProof.lean	4279a847158d5de87192a0159ff7145e7403aa7ee35a25ee81e6e2ea3662e532
CellWeightsInterface	LeanCode/Internal/FunctionalAnalysis/CellWeightsInterface.lean	f2b3b06db25c49a066e8575990f6f8deccedcd314f95218d552c441b670a61a1
CellWeightsProof	LeanCode/Internal/FunctionalAnalysis/CellWeightsProof.lean	0a39255285539f1d3a6e28ad6bdc93cbc6b67ec7959e3ecca35ece1053c3f9f1
WT1Interface	LeanCode/Internal/FunctionalAnalysis/WT1Interface.lean	0c6c3d556f55eb654528a6f47d9c01fc6028fadef3717c2cb68300c315f7544f
WT1Proof	LeanCode/Internal/FunctionalAnalysis/WT1Proof.lean	b808c48daf306aaa0516b1a31c6374090f4ffe92246b72db94ac5512994e2393
WT2Interface	LeanCode/Internal/FunctionalAnalysis/WT2Interface.lean	79a826bc06a78b7007d7b2e9c9c94200d7adc332a603178e6cb6bb117a289f4d
WT2Proof	LeanCode/Internal/FunctionalAnalysis/WT2Proof.lean	07f276865b0586404b1ba236c26844137be86f6293f16bab3ea87e59eb092b85
WeightedJetInterface	LeanCode/Internal/FunctionalAnalysis/WeightedJetInterface.lean	57714bdc23d162f4f62399b226d93b66309afca9176c5ae21c119b9365c4e4e3
WeightedJetProof	LeanCode/Internal/FunctionalAnalysis/WeightedJetProof.lean	fb52b13854d81e977d2f67bbeda973865e2cb8bf75fb980b10df0c731c7bd2c4
JetInclusionsInterface	LeanCode/Internal/FunctionalAnalysis/JetInclusionsInterface.lean	deda10e1d43cf013ee5aa6b389e4fe6b80d15369f1fc1de10ee85b5987c7ebc4
JetInclusionsProof	LeanCode/Internal/FunctionalAnalysis/JetInclusionsProof.lean	a98b5515dce1565d5f119f4bf950fcdcad2e09a4e43ba2926bff44bc61bfc609
CellMultiplierGraphs	LeanCode/Internal/FunctionalAnalysis/CellMultiplierGraphs.lean	b23aa89f96000965c34b1b7bc96eadb8920ae372d79aa1b7214ca593a725609b
JRInterface	LeanCode/Internal/FunctionalAnalysis/JRInterface.lean	12ef281f5a92934e319546c8dd94b912b1b27ef34821ab0d7c6f38082ba6caeb
JRProof	LeanCode/Internal/FunctionalAnalysis/JRProof.lean	75d4c9fb38326b3e9e28330caf8fd0e58c7a3fd5843cfe2d7db0e697cd6efca4
CB1Interface	LeanCode/Internal/FunctionalAnalysis/CB1Interface.lean	f9929eadc0305b1fc35b354a59f1893b5407c37e03b61c7fa656241d304f8a75
CB1Scalar	LeanCode/Internal/FunctionalAnalysis/CB1Scalar.lean	33eb79c1e1ab1d17a670e8fdc03709a6397bdbfc9348836aca1d047fe21e3477
WTCInterface	LeanCode/Internal/FunctionalAnalysis/WTCInterface.lean	c15e6f12388f7a241fdfdfaeaf80fa228dd50fcf84bc5dba42db87589aa1222a
RK1Data	LeanCode/Internal/FunctionalAnalysis/RK1Data.lean	54215911c10c5a8adfc6fbab8706b32a5db53226f595dbb76326f6f2f4cb76c3
RK1Moments	LeanCode/Internal/FunctionalAnalysis/RK1Moments.lean	f5368ec594c26f1b114e169c2ede971f7e14dd7c2eebab6d0da87103f78c1ca0
RK1Realization	LeanCode/Internal/FunctionalAnalysis/RK1Realization.lean	2f7e51cf9478af11796a5fa5af29272a22438c259c6df22a464a9373e757f35f
RK1Algebra	LeanCode/Internal/FunctionalAnalysis/RK1Algebra.lean	e8fa755eb75de074d27765741b0e4a68bf52c32075af000284c6b34bc0767368
AW1Phase	LeanCode/AnalyticAlgebras/AW1Phase.lean	f92c63e0c95b2285983a536d444c6e2d0fee6fbb92fd7ffbf635057f78673aa2
AW2Interface	LeanCode/AnalyticAlgebras/AW2Interface.lean	594d9cfee2d81c3b2b4394d6c8dc5cff00083a6d63df27f2b09ebcd8588cb27e
AW2Basic	LeanCode/AnalyticAlgebras/AW2Basic.lean	a2e84cf153b3d936b1df280af3e8c1fb85f913bf7b016388f5f0a574dc4fdf88
AW2First	LeanCode/AnalyticAlgebras/AW2First.lean	1a194c53b61e58192e4bf27ddddc4224459eb2177b535450de341c838fe04edc
AW2Hessian	LeanCode/AnalyticAlgebras/AW2Hessian.lean	fa699e546d8dac809f353b77f4041b4cf696f9193cf486d6de77998e6a3ca83b
AW2Weights	LeanCode/AnalyticAlgebras/AW2Weights.lean	9a2dccae700c1ec68b0001b47eaad9059e59cd7be919d24d4be4ef838dd9c193
AW2Proof	LeanCode/AnalyticAlgebras/AW2Proof.lean	f35be753499ca2cd47f881b20284a144b270dcab0f88c9aff3b3a2317847a1b8
AW3Interface	LeanCode/AnalyticAlgebras/AW3Interface.lean	a544020492542e803fa0d01a3877242342496a77ad56641f5a97c832cdb0d335
AW3Sqrt	LeanCode/AnalyticAlgebras/AW3Sqrt.lean	7a27745a403bcbcfcddc25149dc3fb2001b86e94137c3f3ec910b89cab796d60
AW3Quadratic	LeanCode/AnalyticAlgebras/AW3Quadratic.lean	34478103bd47c9df8e93e1b7877c1cd18ea6ac1deff79150f43756548403ed28
AW3Profile	LeanCode/AnalyticAlgebras/AW3Profile.lean	9a247247f0ec95c230b1f28790bc51ae693afd37a5f65c6ed147c5d831276529
AW3Spectral	LeanCode/AnalyticAlgebras/AW3Spectral.lean	b95f5fd7fcb77217cfb4730041ed59414c109881648786e0ba07ed98d85e7736
AW3Tensors	LeanCode/AnalyticAlgebras/AW3Tensors.lean	5c8abcae1b9e25c9514c54975e41011b9f8b127438e5288ec7c0efc4fffd4d2f
AW3Phase	LeanCode/AnalyticAlgebras/AW3Phase.lean	3809439971b708bed6fb3b2ddbb0696cff9404335e63f73b1baa3da5e40859e5
AW3Allocation	LeanCode/AnalyticAlgebras/AW3Allocation.lean	ef1f62a64937ebff36df4c7cdbd9cded348c4a2a7f58e9963e5157798f62df32
AW3Exponential	LeanCode/AnalyticAlgebras/AW3Exponential.lean	04a6eda82ce07a7c51f0294adc6bcadaac5fab225a574bd153afcdcf4eb4b63c
GradOrthogonalCoefficientsInterface	LeanCode/Internal/FunctionalAnalysis/GradOrthogonalCoefficientsInterface.lean	b4846620633b711ac94cc12b8dc86c6b77a9f5782004eea99b54951e917c1684
OC2CompositionInterface	LeanCode/Internal/FunctionalAnalysis/OC2CompositionInterface.lean	1c7732a41e46c2fbe51dd52a4038fe6246b542e4715deb8eed244dfa43ba277a
OC2CoefficientComposition	LeanCode/Internal/FunctionalAnalysis/OC2CoefficientComposition.lean	3d12b9ed24978a5840f621e0028967a32c46a7a8c623742004f69538f07c8d16
TensorCoefficientsInterface	LeanCode/Internal/FunctionalAnalysis/TensorCoefficientsInterface.lean	15a410d564dd9936febe37901d3dad754227bf12bd18379675278f531483b456
SP1Interface	LeanCode/Internal/FunctionalAnalysis/SP1Interface.lean	a57af9703fe01c24716b14306489d61f260c426f7bdbb462e418d0f625fe2b63
SP1Positions	LeanCode/Internal/FunctionalAnalysis/SP1Positions.lean	5ad67fdf973f57ff5f28966fca7a47cca749271752932199d4191bd007265fab
SP1Bilinear	LeanCode/Internal/FunctionalAnalysis/SP1Bilinear.lean	a82e6406c3b0f7fce0426af7bae20f6a24a641bb2d3f69dadd9bc838cb34776a
AW3Leibniz	LeanCode/AnalyticAlgebras/AW3Leibniz.lean	eb78af9c25c9e94954921e37ee8ab5d09446f5eba2cefdb21bc9bf79abed25db
AW3Formulas	LeanCode/AnalyticAlgebras/AW3Formulas.lean	7b8876b1d1d69ace0aff5ccf8d94f24ebb0d645e9a672b035de9a473e3e5d7e2
AW3Bounds	LeanCode/AnalyticAlgebras/AW3Bounds.lean	f22545f980a42c32a975827b928227c6ec2f9f6cecc9820a3cb342a0a3010b98
AW3Axes	LeanCode/AnalyticAlgebras/AW3Axes.lean	56b003e1093924a595223278fbf16109a00d8167b786030f4d02195f81223d0c
AW3Proof	LeanCode/AnalyticAlgebras/AW3Proof.lean	c088ee7dd44f0a65bf39e14e2958741c180fbfaf3e48fed67ef5b9e35b40c638
GC8Interface	LeanCode/Internal/PhysicalAnalysis/GC8Interface.lean	0b85ef57ff32e39b6cff335898aa45777d88a9e9d78dd1536a1b200369c3376f
GC8Envelope	LeanCode/Internal/PhysicalAnalysis/GC8Envelope.lean	e1c464500dab59ae99beccc30bc528ce127bc80d4a882cc343294038e3d012e0
GC8Scaled	LeanCode/Internal/PhysicalAnalysis/GC8Scaled.lean	640ff3f90bc3dc28ccdea0e1159070467b8dba2b6d08105f9f488d48f147a17a
GC8Proof	LeanCode/Internal/PhysicalAnalysis/GC8Proof.lean	1cda70c727fcbdb6e9cabbad5a8b828c4d073a96cdb7e427e1b9a2d8588ec224
COR01Interface	LeanCode/Internal/FunctionalAnalysis/COR01Interface.lean	bb70ac1378ba49858a783cd31a913ed99f7d0c1badd74ba41c0d083ff7aec32e
COR01Topology	LeanCode/Internal/FunctionalAnalysis/COR01Topology.lean	0a4a39cd8540e89a5e0e9ef20cb2b186b20852d217e4557adff55017d59c83c8
COR01Disk	LeanCode/Internal/FunctionalAnalysis/COR01Disk.lean	e957c819f4e5a2f6cc22435fcc535f5b9e7b99f2e5379ebe3d785f02a6ecdf88
COR01DiskCell	LeanCode/Internal/FunctionalAnalysis/COR01DiskCell.lean	d628f7a4c9b3f4fe57aee8a2988ffacefc8710879a0d5934a074930392e0df85
COR01Proof	LeanCode/Internal/FunctionalAnalysis/COR01Proof.lean	6a34c1834b4068b934c4762df821450003ef5b2016eb11f3fb64b3ce68c27e6c
GC10Interface	LeanCode/Internal/PhysicalAnalysis/GC10Interface.lean	5c681e8d8324c3a41f3b505bd8e9e3b634b35e260a122c4baa36c7182c168fa4
GC10Basic	LeanCode/Internal/PhysicalAnalysis/GC10Basic.lean	3c174dabb76bcc18e5dcff29d4d13fa45aaca511d121f6352caa572e6434ee7b
GC10Weights	LeanCode/Internal/PhysicalAnalysis/GC10Weights.lean	14c2e0f4e3db18650e1edf6e6baa84d0a1a431db51075e305851b174f7f55d3a
GC18APWeights	LeanCode/Internal/PhysicalAnalysis/GC18APWeights.lean	57ddd2d3df9750bfc16f9eb1bae3c39421fa39dc28ee0176c1c81fca1987472a
GC18APRatio	LeanCode/Internal/PhysicalAnalysis/GC18APRatio.lean	a9397f8a6091f9524cb4db97188619c79b97811ccf11bcd25fa7fcb6746bcaf6
AKAA1SharpScaledPhaseAllocation	LeanCode/Internal/PhysicalAnalysis/AKAA1SharpScaledPhaseAllocation.lean	349bf547e3aa1b011362094f68a38c3f822c942dec593bc8b2fd7313de488db7
AKAA2SharpActualPhaseJets	LeanCode/Internal/PhysicalAnalysis/AKAA2SharpActualPhaseJets.lean	6fb1694e10c750e2247220b2bcadb2fe2007aa5f88c5a2f8a136a02cb76b1f79
FC2Interface	LeanCode/FourierAnalysis/FC2Interface.lean	7405538d237425988a9a27a9954829ae7626b593318bbc63365adfd80359d496
FC2Phase	LeanCode/FourierAnalysis/FC2Phase.lean	85ba17db985521dbb1e7e63c4226922114a565d76ead28369d22477d0fd23dff
FC2WeightedJet	LeanCode/FourierAnalysis/FC2WeightedJet.lean	986c59ac1a39c2bc4350217aa7edaaa0eb27895977843bce954ec203e01456d0
FC2Proof	LeanCode/FourierAnalysis/FC2Proof.lean	3be0bf86cbe39037023988705fa38f49d6a8e5610c107dc19eb9eef86918e977
FC3LinearJet	LeanCode/FourierAnalysis/FC3LinearJet.lean	7d3ebc7933f97c921080c06d4f68610fac07f666d0a60d65ae7a1b67285edbc4
FC3Coordinates	LeanCode/FourierAnalysis/FC3Coordinates.lean	bc441e73190f79cce351b86d45c3fbcd4db91754578a27463d739085aa9ef674
GC18APSpace	LeanCode/Internal/PhysicalAnalysis/GC18APSpace.lean	42c789af8b6220bc817db098066a2c7b4f9f564f1d2d3066db594cc2a1d8a363
FC3Core	LeanCode/FourierAnalysis/FC3Core.lean	431c19a6c8b3fba49cc99a3d6e084b048e06a9f363d69b6fa5e7d5de0e609fed
FC3Interface	LeanCode/FourierAnalysis/FC3Interface.lean	7fa458384c92b3ebeeb3b17e85e8e40e8092edc3744dda2d99d7968f09955eec
FC3Proof	LeanCode/FourierAnalysis/FC3Proof.lean	788e66141a8a66ca643995eac705baa8b3f578aa8bdb1ca732ee6ef1765ce045
FC4GradeCore	LeanCode/FourierAnalysis/FC4GradeCore.lean	8bd6a37fbfaf58678e669954820a7e4c1ef84948fb3f19498055a018b6e53638
FC4Interface	LeanCode/FourierAnalysis/FC4Interface.lean	4e86b3328d3a1cf1688d350889effa07efb9600d3b883a6dfdc66646d189af0c
FC4Proof	LeanCode/FourierAnalysis/FC4Proof.lean	b42048381bddb1e2794b1d7d0613fea4a83aaf9894aeea7632b6c5479360cfd0
FC5Definite	LeanCode/FourierAnalysis/FC5Definite.lean	b11d8dc6d1c909bb9854168e79a09304b712ed2b070972553301708a5aa7938e
FC5Hilbert	LeanCode/FourierAnalysis/FC5Hilbert.lean	d8482a489ca6146e157b788ed44ad843c414d7d87d7fcbfc4357f51e677167dd
FC5Interface	LeanCode/FourierAnalysis/FC5Interface.lean	588d891fbd703607384b211ed742af268d94dbeba94baa4843010e923e16c5e0
FC5Proof	LeanCode/FourierAnalysis/FC5Proof.lean	f3965d8abb6190259e6103e591c90d547eed552ed09adc16c9604c8fc8a039bb
FC7Truncation	LeanCode/FourierAnalysis/FC7Truncation.lean	c3cc38c1ccb998e023844cc69994bf2d66cf0ecb5b5557311bfa840fcea1d44d
FC7Conjugation	LeanCode/FourierAnalysis/FC7Conjugation.lean	41ed8458ff214fb20c7ed697b5f035cd365b92d1c130c2d3e62e9d6b5c219000
FC7Interface	LeanCode/FourierAnalysis/FC7Interface.lean	2bacba6bb50c2d5a6700cb26332c0414653966556996e136cb6120a3e4c89877
FC7Proof	LeanCode/FourierAnalysis/FC7Proof.lean	dbe25d6d4dd0452f2e3c67a04d3f80122ee0fbafb41dba3dfbda7e351a8ee385
FP17CoefficientCore	LeanCode/FourierAnalysis/FP17CoefficientCore.lean	9a2697a75171ffa5e5e52fd7374febf50d1b209a45b22efe67e7a67e602a5ced
FP17DiskSup	LeanCode/FourierAnalysis/FP17DiskSup.lean	c85354c791ca832d825de1d78e8685d0327036bd3a97a0a94a7827e2bd901700
WTCWords	LeanCode/Internal/FunctionalAnalysis/WTCWords.lean	8f569722bd1debe9923eeb3d0f5dcb1fadd6002991ac7b5f9d9abd0c0971c20e
SP1Words	LeanCode/Internal/FunctionalAnalysis/SP1Words.lean	460fd40849743fe83343e40bdc968d8712f0b9a9a5a99faf3105fd5cf072a4ba
FP17DerivativeShift	LeanCode/FourierAnalysis/FP17DerivativeShift.lean	c774a816c1075aa810a5516eb54a2005bd4d2df4ffbb16a838a970809d375c00
FG1Frequency	LeanCode/FourierAnalysis/FG1Frequency.lean	0205a19148919365c593ca7e1005c90870c9d8384f3661b13e683a96ba8229e6
FG1Grade	LeanCode/FourierAnalysis/FG1Grade.lean	4c1ded842462224bb305dcb72cf52f8220cb6f5d426736468d620ba52f7f9974
FG1Inclusion	LeanCode/FourierAnalysis/FG1Inclusion.lean	46e6806eb03e6d528c1d66de430f168a0622f36d12062be1ee0e1f19ab86a16d
FG1Core	LeanCode/FourierAnalysis/FG1Core.lean	eb12626303d0faa570b0fec098baa785fb9c00c12f437f9f04e2a31e5e3f030e
FG1Interface	LeanCode/FourierAnalysis/FG1Interface.lean	9a0f07308a28d116ea00ec0d4cc188d5f5658ad3fb0e535d84eb64ce42cd90b4
FG1Proof	LeanCode/FourierAnalysis/FG1Proof.lean	2802f426a7018f3112524726b9cea3b8de60c33313c2130f125ce743729c6a9a
FT1Torus	LeanCode/FourierAnalysis/FT1Torus.lean	b19e11aa3332b0dfca42daae51d9747e9a8058d8a9ea228a101b7df03de4ed0b
FT2Sobolev	LeanCode/FourierAnalysis/FT2Sobolev.lean	6ec22c0a6f91233b5384f602bca7a4eddfa443c8aa030d260939b45fc0cd5066
FT3Reconstruction	LeanCode/FourierAnalysis/FT3Reconstruction.lean	2790fdb63f4a01e5b51a9c1d983ed55543e9e6354fc61b0a9b267a0325ef560b
FP17M15	LeanCode/FourierAnalysis/FP17M15.lean	1c0b49d9a0e38e7de237e5703197248cdb92e9aea53ba97b8e3a634c62f13b78
FP17Reconstruction	LeanCode/FourierAnalysis/FP17Reconstruction.lean	2d00f7e4378e65d5823ee2150858c62c4f6591fc4bdad6eb1e1d4e4b482f1457
FP17SmoothReconstruction	LeanCode/FourierAnalysis/FP17SmoothReconstruction.lean	88ae710069e6e39710ea0ea62c50e149bdd7a9083cc4ed6c5bcb84f9059ed52d
FP17ClosedJet	LeanCode/FourierAnalysis/FP17ClosedJet.lean	2d8b31dcfe9f63ed7549b2946da7f2c4a5f1967ecb48181bfe67e7bbfe9b4cdb
FP17Inverse	LeanCode/FourierAnalysis/FP17Inverse.lean	44c3174b9c61802f57b8a47948381e699d44df55349ceef55b44ad35ea2f8210
FP17Decay	LeanCode/FourierAnalysis/FP17Decay.lean	c83a5b9288f6c7b6b5b53d13ee682fd95bd69a4b01dc3d23cf05652644674640
FP17Bijection	LeanCode/FourierAnalysis/FP17Bijection.lean	d67d3a38b4a0aeb21f79089fdb313eb90b8b882855cfae85920398f758250d00
FC6Monotone	LeanCode/FourierAnalysis/FC6Monotone.lean	ffa65599c87adb0a0b53ae09491447e7947bd429323568bc8764cba17ec5360c
NGP01CoordinateBound	LeanCode/Applications/MHS/NGP01CoordinateBound.lean	05dd061cd9afa19a4198105fa2bb146b4a75af9d0c4ffca1d8d4bd2408d02005
GC10Terms	LeanCode/Internal/PhysicalAnalysis/GC10Terms.lean	8ee849dee8ede8ac5e59b6bb62a88231c20660577951db0daf168e36d161a65c
GC10Convolution	LeanCode/Internal/PhysicalAnalysis/GC10Convolution.lean	1f1e37a22815fb2ec765c67704335574ceebd4bc985225f1b77ce0bacb554619
GC10TermSums	LeanCode/Internal/PhysicalAnalysis/GC10TermSums.lean	baa64b165e7319ca2b111da5714c7c2219afa943ac48a41a838e4a3babd2f1a6
GC10Raw	LeanCode/Internal/PhysicalAnalysis/GC10Raw.lean	3cf061a91e078c7fdfa7e20fead6e361cc1d3659f2600d3b5cbf8f68e27142c8
OM1Interface	LeanCode/Internal/FunctionalAnalysis/OM1Interface.lean	feac5853e9e949440c1a11c925406a9f3de07317024e6fb3ab7f7da961bdb5ff
OM1Proof	LeanCode/Internal/FunctionalAnalysis/OM1Proof.lean	c08c27c589e69264a180e371ab79aee9a5d4142b22a5b12fd5a1e79899babd44
GC10Combinatorics	LeanCode/Internal/PhysicalAnalysis/GC10Combinatorics.lean	f0e4abc6c80fb1474bee9816a8488260063bfc680ea2becc2d62dd8cd53c4828
GC10Smooth	LeanCode/Internal/PhysicalAnalysis/GC10Smooth.lean	6cbec9f700a68a02a7773c1656e2d1f741eb446735768c08cad827228a64ff2c
GC10Core	LeanCode/Internal/PhysicalAnalysis/GC10Core.lean	31241d30fd3f8bc92d8c7e50ec0bf5935c8c5cc2a8afbfca32a435a59f3c677d
GC10Bilinear	LeanCode/Internal/PhysicalAnalysis/GC10Bilinear.lean	7dfb49a057b9b6d54e8df0f52ce0e758d2aee96be17f2a3bc07393d13ae69b76
GC10Closure	LeanCode/Internal/PhysicalAnalysis/GC10Closure.lean	d477d6e0c2502557ee7bc2d31465e644d518f82d961887000cd765206bd59caf
GC10Derivative	LeanCode/Internal/PhysicalAnalysis/GC10Derivative.lean	8e6c4244daabea2ccd4a9ae8c4f42ab5dda8098c876da684c0cb1eb992089173
GC10Norm	LeanCode/Internal/PhysicalAnalysis/GC10Norm.lean	13f69e74ce6897c5e7673ee4503f1558802c2bd30e5abda0baad880963e36627
GC10Fourier	LeanCode/Internal/PhysicalAnalysis/GC10Fourier.lean	ff0290f5607cb3f73eb91afb53ceb26c370c5b8f2bd7950ecf47fb6332ae9155
GC10Identity	LeanCode/Internal/PhysicalAnalysis/GC10Identity.lean	1fe20d1b0b6f339707241f15967d219f6ed999ecdad01414f5366ec9526512c7
GC10Proof	LeanCode/Internal/PhysicalAnalysis/GC10Proof.lean	965cff95721f7535531781221add01ca9d65dc483d2a322fdfa1455282673860
SP1Chain	LeanCode/Internal/FunctionalAnalysis/SP1Chain.lean	d1a41996922247849ec3ab1320619bdb0d4ae3891f1945fc8c732b9a50ae6272
SP1Proof	LeanCode/Internal/FunctionalAnalysis/SP1Proof.lean	dd8af9745b1d9921992c172d4fcfbaac42a58b5b8a5a9c7a71b31febfb3414e5
SP1Consumers	LeanCode/Internal/FunctionalAnalysis/SP1Consumers.lean	45518905f75647d71215d98289eb46a844001e2e860603c5df35dda9b545e466
GC13Interface	LeanCode/Internal/PhysicalAnalysis/GC13Interface.lean	ccc51dbf44b83b97d96a2176b8706afcbc4e60e79f86949ebc91b06c25b51b93
GC13Smooth	LeanCode/Internal/PhysicalAnalysis/GC13Smooth.lean	26fc194ce3638dbe2f84b34f6aaddce26e707d2afe8271bbfda7b9902ec0a855
GC13OrthogonalSmooth	LeanCode/Internal/PhysicalAnalysis/GC13OrthogonalSmooth.lean	63e7168a86a3b3c1327353cf0894e2ffa32f2cdb5e51b6fadeac275f16347ed5
GC13Laplacian	LeanCode/Internal/PhysicalAnalysis/GC13Laplacian.lean	0ec8079d9e8d6a61e11cc458108d1fd24b489d4db0b12ab5f777f33cb3ed5e7b
GC13Orthogonal	LeanCode/Internal/PhysicalAnalysis/GC13Orthogonal.lean	bf4b41b2bc825940cb2d231a6d10603c1d93cbfcf7d881326cd3afa7d2b17e43
GC13Angular	LeanCode/Internal/PhysicalAnalysis/GC13Angular.lean	988f17aec293ff0ff19d95db2d142c7af79e2d4a0196e6b9a68ca89fc7f3d875
GC13RadialSmooth	LeanCode/Internal/PhysicalAnalysis/GC13RadialSmooth.lean	9d7e1da34426d026dd2df6b8d78f6e51dc7370ad371597b021f31daf59401b73
GC13Radial	LeanCode/Internal/PhysicalAnalysis/GC13Radial.lean	8aca56dd8a0159d62475e7712caeadd646c032374c6da56249113358ce745dbc
GC13RadialClosure	LeanCode/Internal/PhysicalAnalysis/GC13RadialClosure.lean	7c5e7350fd8e527dc4c71bf1662050735bbb730b8fd7e18ae3473f1121472831
GC13Fixed	LeanCode/Internal/PhysicalAnalysis/GC13Fixed.lean	ee6feffb0317e598471bff23aeee21461b34733fdf525ef680e38be2308fef85
GC13Proof	LeanCode/Internal/PhysicalAnalysis/GC13Proof.lean	77e3b07e444202b8862dc209a7f2842ab6981088ac117b72756cb344305e0f35
GC14InversePhase	LeanCode/Internal/PhysicalAnalysis/GC14InversePhase.lean	843de3336d6c9a3c09fd29ac1564e1b3c0a72e0a180638b19b23bfaa7a03655e
GC14WeightedSup	LeanCode/Internal/PhysicalAnalysis/GC14WeightedSup.lean	003b0ac85e8d0cefbb1714620258dcba1829daf315274b2013fbd393a4b4520b
GC14ScaledJet	LeanCode/Internal/PhysicalAnalysis/GC14ScaledJet.lean	b3cc03d45c26d490050723b95fb914bba0063eaa23f0a6a1b72da23bc818e95f
GC14ScaledBound	LeanCode/Internal/PhysicalAnalysis/GC14ScaledBound.lean	421dfbdeea27b5eec8350585bd658c058cf2f20dcf20ffb151be9223dbef6956
GC14Coefficient	LeanCode/Internal/PhysicalAnalysis/GC14Coefficient.lean	6975d8c64f009bd69f3871377675c47541321be2be9fa101807c099a3e94109c
GC14ValueAdapters	LeanCode/Internal/PhysicalAnalysis/GC14ValueAdapters.lean	5eaeabe5c4730f74da8a73e955eef5352bfea1774fd6fa8f921bca6fbeee5d31
OriginalCoefficientCore	LeanCode/Applications/MHS/OriginalCoefficientCore.lean	802faa06471ea6fa0a83a869e3ad6a4801409acbe5a0b1e21bc28abbfc689727
NGP01MixedBound	LeanCode/Applications/MHS/NGP01MixedBound.lean	d9b0f03f2e607caaa898d1009ac0f4ad27fed6826c7d7dd789e85e7edc1548e4
DE1Interface	LeanCode/Internal/FunctionalAnalysis/DE1Interface.lean	8d3baea9f7cc0467fc2df2eca9bd9bdfd3a13e4b46ed5a3c98f551733d5eb94a
DE1Finite	LeanCode/Internal/FunctionalAnalysis/DE1Finite.lean	8bf5ba3c6a7b3728d53a21d9f6093ebefee83a97d70a904d25935e45ce056fd4
DE1Products	LeanCode/Internal/FunctionalAnalysis/DE1Products.lean	3b20440dacad1a7bbd9ca442f478bdb7449ab13e991e8646996234425364112c
DE1Bounds	LeanCode/Internal/FunctionalAnalysis/DE1Bounds.lean	dc634f25fa91e6e189689b740eb6ad2e7d1151c4761464b7d88d092b48873705
DE1Limit	LeanCode/Internal/FunctionalAnalysis/DE1Limit.lean	5e5f2ca7ff02b8326e5464d6036639760db3fe7b07e88741eb5daf0808592cef
DE1Summability	LeanCode/Internal/FunctionalAnalysis/DE1Summability.lean	19972403874552537503069448c62f0b59e3a033d83b7ce5f1475c257344cde6
DE1Moments	LeanCode/Internal/FunctionalAnalysis/DE1Moments.lean	7b0b70544ccd56a6281b5b83079cc9caa62668c0a3e009bc7ba154510e5bdca8
DE1Polynomial	LeanCode/Internal/FunctionalAnalysis/DE1Polynomial.lean	0f350f757e587ba4419b450ebce6470d55fc86ad5918813158934927d5fd2d7c
DE1Proof	LeanCode/Internal/FunctionalAnalysis/DE1Proof.lean	7182b73ca7f262d3dddb0d0e4b4f125e1095862d096b34db5857d6f3fe75c288
P0910Interface	LeanCode/Internal/FunctionalAnalysis/P0910Interface.lean	9cae646715a3e1114004060e120c8956c16b82a8f9a8fda66f8c02d54fc42fb6
P0910Plateau	LeanCode/Internal/FunctionalAnalysis/P0910Plateau.lean	dad4c26cd674fe4916c5e75eb5b3b105c0a867e69d1ecd95093c0b90c83ad133
P0910Series	LeanCode/Internal/FunctionalAnalysis/P0910Series.lean	244326061b54edf941c7beeb8b4ececb9d57c865447d9ee39c6e9f07443d96e2
P0910Restriction	LeanCode/Internal/FunctionalAnalysis/P0910Restriction.lean	97ccbd6be0ec2b947fade0103ad1e6a385a89ce52a36c46877b5578d0a48a4b1
P0910Algebra	LeanCode/Internal/FunctionalAnalysis/P0910Algebra.lean	b670e5beb6f74b013c911a00a2bc15173ca54c6d0e1198dce86e3ed74d59ab89
P0910Geometry	LeanCode/Internal/FunctionalAnalysis/P0910Geometry.lean	6c733fe4d4e53f2a243644daab90128c4ac23467b375883ef4424f3046265fd2
P0910Continuity	LeanCode/Internal/FunctionalAnalysis/P0910Continuity.lean	0f58f70430235631c88817e578744de1f50534a9585394dd92ae99e8a12ec05f
P0910Seam	LeanCode/Internal/FunctionalAnalysis/P0910Seam.lean	40ab1c0b1b0fa3c8f7f09d79823d9dde0cc9e1c2467c5e262d7cfb17487c0bcc
P0910JetBoundary	LeanCode/Internal/FunctionalAnalysis/P0910JetBoundary.lean	d044a4aa2e5e3b5947c6192f99695adbbb5e164651a12fa6233011c169fe6a3d
P0910Periodization	LeanCode/Internal/FunctionalAnalysis/P0910Periodization.lean	8b03104c860f32f783bc82a07a51b7859b597be5d9f01426a08c8229b78a4f0b
P0910ExteriorDerivative	LeanCode/Internal/FunctionalAnalysis/P0910ExteriorDerivative.lean	b1f546c719f55cf179e2e6b8344936170d2e2b62ab5fce60055f0fbe37c4d0af
P0910FirstSeam	LeanCode/Internal/FunctionalAnalysis/P0910FirstSeam.lean	ba52d106a478600f132e81b0e6e4b323be48b006f19ff1f73bfe51d6742d6101
P0910HigherJet	LeanCode/Internal/FunctionalAnalysis/P0910HigherJet.lean	b5804f8167182f9f3e7fe0085ecc3770495872031d75a51507bf12249c4cea21
P0910HigherCollar	LeanCode/Internal/FunctionalAnalysis/P0910HigherCollar.lean	294c6803101e005696fd39e18ecb700f0a0276edfa7827aa0be92dc80024317e
P0910HigherExterior	LeanCode/Internal/FunctionalAnalysis/P0910HigherExterior.lean	fb67240dd233c3d81472d9bb2f6291b4ec5e84312d0691a08e2ad7f3270a3d36
NGP01OperatorBound	LeanCode/Applications/MHS/NGP01OperatorBound.lean	510c5f7a905b43b7bc2232da9b434fab7b1eb588e6299101c24555f60c95d170
OriginalEvaluationBound	LeanCode/Applications/MHS/OriginalEvaluationBound.lean	e5a39b0ab28ee5ac6f489bc10f5bbc319283ec08b55d174d7cedef7b3e1af62e
NGP01Reality	LeanCode/Applications/MHS/NGP01Reality.lean	de11097985c10c903ac8b8757916c31055dfd208ead65d9ce113a737665be40a
OriginalEvaluationReality	LeanCode/Applications/MHS/OriginalEvaluationReality.lean	f9f5770a5f223a9521434b5b9409e4655cd7eabdbefe32b4b283c8b236e8b4a8
OriginalEvaluationProof	LeanCode/Applications/MHS/OriginalEvaluationProof.lean	6ac1df2febb32f08ef16e142440ae1833a3a3b0cd50eccdff08d696c457d6242
GC14Proof	LeanCode/Internal/PhysicalAnalysis/GC14Proof.lean	0ceb0c59fe942cce2a0c7a9a3ae7f42066fa5784b44b5991907015d6f9ec3314
Grad.GeometryClosure.Harmonic	LeanCode/Applications/MHS/Grad/GeometryClosure/Harmonic.lean	53fa3b8963cfb340e1625ebf6b14ca3d1e0d0ebd765c423bff94355d38710102
Grad.GeometryClosure.Seed	LeanCode/Applications/MHS/Grad/GeometryClosure/Seed.lean	e2ae00533a8ba895036a74b452f3321ecc7643e04c36ef745536ff596ae3e819
GC14FrameInterface	LeanCode/Internal/PhysicalAnalysis/GC14FrameInterface.lean	70998f700befcf86d6ac9cbde26477a45e6f795272fc73f13f095d8cf7ea9818
GC14FamilyAssembly	LeanCode/Internal/PhysicalAnalysis/GC14FamilyAssembly.lean	8936c33fb71955da5f0c396e46b621a523582dbf5cdede5e1a6b6ccf1b05018a
GC14SeedConstants	LeanCode/Internal/PhysicalAnalysis/GC14SeedConstants.lean	255a2b5a3c9f7fe65723eb02dae2e78b3d66639ee7609af8ecb651af47d0faff
GC14StateDerivativeCoefficients	LeanCode/Internal/PhysicalAnalysis/GC14StateDerivativeCoefficients.lean	52ce76966cb9700b68b088dcfa9c984e0cf34e760ea757aca57c9c63b7f5add0
GC14ReferenceJet	LeanCode/Internal/PhysicalAnalysis/GC14ReferenceJet.lean	0c21d2365ff560e283cc15e75362cf0e555a6c3d4ea5c5970818d7c259e19f11
GC14ReferenceCoefficient	LeanCode/Internal/PhysicalAnalysis/GC14ReferenceCoefficient.lean	00b5935f9a6fa87a2bdd90e291632d4af78aacc42a385754776dcc556aa06a86
GC14FrameConstruction	LeanCode/Internal/PhysicalAnalysis/GC14FrameConstruction.lean	986827d84301c49eb2a7ebcdb0e870e9ee9f22bb1226379ef4d137a9aeb56b18
GC14FrameBound	LeanCode/Internal/PhysicalAnalysis/GC14FrameBound.lean	1aa9925c9842e58db15c9ab1d4e4c7b86ae32a732575ac03ff1d9f194c87d762
GC11Interface	LeanCode/Internal/PhysicalAnalysis/GC11Interface.lean	d6fca4e1e8927ccc74da8dfb0b00518f503ff58c85706bc98bb5ec499e2ba8c4
GC11Algebra	LeanCode/Internal/PhysicalAnalysis/GC11Algebra.lean	a1622368dca6488c5e0908a199f9e9d7e9fee532dfe77a10e45a4a5362ec8a01
GC11Associativity	LeanCode/Internal/PhysicalAnalysis/GC11Associativity.lean	03da7b7a8c2dcde3180978e2e60360953f7fe0a2aa30193754e14ecbd89e1622
GC11Powers	LeanCode/Internal/PhysicalAnalysis/GC11Powers.lean	003afaeb54bd9a4f3ca11bcc1f37284cf9c1020248b70be42280ddeb12f05c67
GC11Inverse	LeanCode/Internal/PhysicalAnalysis/GC11Inverse.lean	2e3aac291ec881118ae8d5d6d2a9937cabfaed76d58ba667f0b9b52052f8bbf6
GC11Pointwise	LeanCode/Internal/PhysicalAnalysis/GC11Pointwise.lean	f4d94821f594b849c72e90b4524ab860e4e6e721dca52ca630bafce5a2907525
GC11Proof	LeanCode/Internal/PhysicalAnalysis/GC11Proof.lean	5adf90618258602d26b48a4e6ff7419f391564545a18109127a32700c3ec26fc
GC12Interface	LeanCode/Internal/PhysicalAnalysis/GC12Interface.lean	19c4b99f6e6545c1fe848e7182db1fab4bdc158017789066950977d2242edb23
GC12Base	LeanCode/Internal/PhysicalAnalysis/GC12Base.lean	bc89a811cf8af88ee31d7758a2a747246fc1950cc1f10d281fcc14f67f30480a
GC12Powers	LeanCode/Internal/PhysicalAnalysis/GC12Powers.lean	83f8663f4bdb94b216f8048d9cde18673c153dbbdffce9d4f338bb3382d50367
GC14SeedExponential	LeanCode/Internal/PhysicalAnalysis/GC14SeedExponential.lean	36c4f0b8b08b96f565c4fdeff2ed083833f78b25e84427b74c8514821186aafd
GC14SeedEvaluation	LeanCode/Internal/PhysicalAnalysis/GC14SeedEvaluation.lean	e68f1905bd8ebee952451aa7f83b06c4160b868923bcab5644f7335b7e728864
GC14SeedLaurent	LeanCode/Internal/PhysicalAnalysis/GC14SeedLaurent.lean	7ccfe2da1ac641bba4af8179164f8fdf85c1d91756cc3e3b5ac4254f56044e46
GC14SeedRealization	LeanCode/Internal/PhysicalAnalysis/GC14SeedRealization.lean	ab83aacbd3db39613113c156c57f915dc3a0512696fa1f5740be6784c62967d6
GC14SeedMatrixFormula	LeanCode/Internal/PhysicalAnalysis/GC14SeedMatrixFormula.lean	236e0181c4710cf1033a6723f26b9ad033a15e6dceba76f1ce9d09d9feaacbb6
GC14SeedBounds	LeanCode/Internal/PhysicalAnalysis/GC14SeedBounds.lean	d727c63827054ce3ddab8dc596313e0515d5aab34b4e1e3e852febf0a787a9f7
GC14SeedScalarLift	LeanCode/Internal/PhysicalAnalysis/GC14SeedScalarLift.lean	16dfd8dfa5d5ba03d217918a6b7d9a4e5c16de532af6bde4dcfa6b5127d3900d
GC14SeedMatrix	LeanCode/Internal/PhysicalAnalysis/GC14SeedMatrix.lean	a6db3ddf74d093b79fd5db9fa2b50be7b8ecda4a4d81152280306402e95682bc
GC14SeedFourierRecovery	LeanCode/Internal/PhysicalAnalysis/GC14SeedFourierRecovery.lean	d89d3f5fac07c8853929f68a8cbff7633b2a49782186c2798b2a162f002a14b2
GC14SeedDeviation	LeanCode/Internal/PhysicalAnalysis/GC14SeedDeviation.lean	977a4f997730c0ac6be10a01a316f33bb74981a9bc2abd0f2450ffafe58ced2a
GC12Majorant	LeanCode/Internal/PhysicalAnalysis/GC12Majorant.lean	a72ae9a6495d75e9034488b441262d4b9bdda5663ce0ba97bf11ec218e7d324e
GC12Allocation	LeanCode/Internal/PhysicalAnalysis/GC12Allocation.lean	dc689cd94e992c06a58f138930786a225e68b64f22981411a3303c9c0856b3df
GC12Slots	LeanCode/Internal/PhysicalAnalysis/GC12Slots.lean	548ec0df52e70140d33c070e3432ae9cf0084b631030a567ac006c1a1c632501
GC12SlotSplit	LeanCode/Internal/PhysicalAnalysis/GC12SlotSplit.lean	6b3d7535dbae0cfa62145004c9f5c2cc09a766f87d8b201cf554a38cbc698826
GC12SlotProduct	LeanCode/Internal/PhysicalAnalysis/GC12SlotProduct.lean	588740221dab336aedfebaaba9d80c29f73e026439c77b69b8b2a68b8599fecd
GC12Recurrence	LeanCode/Internal/PhysicalAnalysis/GC12Recurrence.lean	d5c17673f97483048b5cd215d4defebaf5370384cc0d6d287feb22e4337ce6d5
GC12PowerSlots	LeanCode/Internal/PhysicalAnalysis/GC12PowerSlots.lean	eb5e6d94b15e95fb65bf07327ebdbed1ded62e7cad99443facfb14c871d7825b
GC12PowerNorm	LeanCode/Internal/PhysicalAnalysis/GC12PowerNorm.lean	7507ed0cafe2ee6a833d5bb617ec04151b6721a95fccada81b57b3bbbaa837d0
GC12BaseInverse	LeanCode/Internal/PhysicalAnalysis/GC12BaseInverse.lean	98ca026e1503ef8f9418536ce23fb534ab6a825ccf76d9b88fd4da7024698b96
GC12SeriesEquation	LeanCode/Internal/PhysicalAnalysis/GC12SeriesEquation.lean	6d23452d7e05fe4d8d87b801fb3e7c85125ba1c17789e1de29333933ead590a9
GC14SeedSpatialConstancy	LeanCode/Internal/PhysicalAnalysis/GC14SeedSpatialConstancy.lean	cad5063bdbcababcab66a0b692e545126523d501d2000f4fa0963e963fae2129
GC14SeedDerivativeCoefficient	LeanCode/Internal/PhysicalAnalysis/GC14SeedDerivativeCoefficient.lean	ba7c0207a077fbd34166f37e11db5b3ba514a0941a44bcb2c4a0e26588ad8a73
GC14SeedDerivativeFourier	LeanCode/Internal/PhysicalAnalysis/GC14SeedDerivativeFourier.lean	21913b870948c1af962b9a6d64012530268ccf657cead191b1362f2d2415b3fe
GC14ActualFrameProof	LeanCode/Internal/PhysicalAnalysis/GC14ActualFrameProof.lean	2c931477e3af40c758311da2a3043a3c807685d1d9d581069b99c8423e30ba19
GC14ActualFrameConsumer	LeanCode/Internal/PhysicalAnalysis/GC14ActualFrameConsumer.lean	c06ca31bf5e13f9eb3b4a9e931754be43579f6dd00500a13f2fddeb4ea834383
P0910AllOrderSeam	LeanCode/Internal/FunctionalAnalysis/P0910AllOrderSeam.lean	6bc199700c828b8cc29590c3adb6d83a03688e996abfd573db1025a156fcb4d3
P0910PeriodizedSmooth	LeanCode/Internal/FunctionalAnalysis/P0910PeriodizedSmooth.lean	48337d9c138056a741ab7dac802025d9d88f0ed0ffdae7d43366780f9614738c
P0910OperatorCore	LeanCode/Internal/FunctionalAnalysis/P0910OperatorCore.lean	8278c7fad335a972acd851114d423c72af18bb7d6769a34b6af9edfc3482ec8b
P0910CellCommutation	LeanCode/Internal/FunctionalAnalysis/P0910CellCommutation.lean	15269be93fe19cca14d255c372dad443e6989ffe29b0914d77fe8254eae5d03b
P0910GradeMeasure	LeanCode/Internal/FunctionalAnalysis/P0910GradeMeasure.lean	f960b89a547ea3b9689e329d34a6658d2694d5e7892aec60ca56e92487d7ac83
P0910GradeExtension	LeanCode/Internal/FunctionalAnalysis/P0910GradeExtension.lean	5fcd651e14458eed66549c350e25035f176267df529bc153b8e089ac16366a58
P0910ExteriorGrade	LeanCode/Internal/FunctionalAnalysis/P0910ExteriorGrade.lean	04e7519c86a69abb6539d817e81bd7994306e373159ba68118ff48a2005a252f
P0910GradeBound	LeanCode/Internal/FunctionalAnalysis/P0910GradeBound.lean	a76e576b44c165aa69dfbec425d3fad5927dc9f083159733269e1332ac8e76ef
P0910Proof	LeanCode/Internal/FunctionalAnalysis/P0910Proof.lean	712eb6ac05a5205c81ee11a261a2d2ddba480135f3e6e7c3e21a36a443e3ef9f
FT4ExactDerivatives	LeanCode/FourierAnalysis/FT4ExactDerivatives.lean	98fea8004466fb5170c913e261fa1dbd0b6d7687bf54b0c3bafa520d1ab8f119
FTP1315Interface	LeanCode/FourierAnalysis/FTP1315Interface.lean	4edc63e40d46d19cfe926a08ceec35ebda0ec9023fa16844a029e9b4855cb96d
FTP1315Proof	LeanCode/FourierAnalysis/FTP1315Proof.lean	751558c3e5b15d0f1b3026b719cdb3548451e7461141b48c72334d5a918ef632
COR12TorusBridge	LeanCode/Internal/FunctionalAnalysis/COR12TorusBridge.lean	05cc6e4caef4e0c2e017d72cfb9e8ff45a0a3610b557116b9626c9831035e9f0
COR12Measure	LeanCode/Internal/FunctionalAnalysis/COR12Measure.lean	1edca63e77df34a2a97f4f88faf6b9111e7929e2b92aec699ddaf7f3f1826079
COR12CellParseval	LeanCode/Internal/FunctionalAnalysis/COR12CellParseval.lean	eea3104d23db26a917536e36ce259891b443833198fdc258be6cd199e45090a0
COR12DiskCoefficient	LeanCode/Internal/FunctionalAnalysis/COR12DiskCoefficient.lean	f436c21dfc0fdd74c161bbceec8ade8fda2e960a960f92da422ed9f181e369a4
COR12OriginalGrade	LeanCode/Internal/FunctionalAnalysis/COR12OriginalGrade.lean	93a78a57542ccee0a35d2d1c6f1d08bbb241f6300bdce9ba2008b6c87625edd9
COR12TorusFubini	LeanCode/Internal/FunctionalAnalysis/COR12TorusFubini.lean	c0d63c9e1e78881fa2b04cb0c0736294937365a6f1dca18f04a7093a56256551
COR12TorusEnergy	LeanCode/Internal/FunctionalAnalysis/COR12TorusEnergy.lean	329b3fdb1c88161c0fea775a7f8eb6e498567a6d32ba8caf8bb63e37753bdb1b
COR12TorusNormalization	LeanCode/Internal/FunctionalAnalysis/COR12TorusNormalization.lean	fe6dc1f108aaa3e02ea460392c513c835a7b7736c6b81131b404f8432a2eab57
COR12DiskEnergy	LeanCode/Internal/FunctionalAnalysis/COR12DiskEnergy.lean	3debd094b8fef5d2abb276a2627a1b896d245c12e218136f91b28169381781da
COR12GradeComparison	LeanCode/Internal/FunctionalAnalysis/COR12GradeComparison.lean	9366cb6f470154d38766b26bca0884be626935397885dead6157ca5f1695a115
COR12FourierInverse	LeanCode/Internal/FunctionalAnalysis/COR12FourierInverse.lean	85f3d58c41ef86646d91ac4b2307ba116a683e37ee89cf882a5edcab166c0df9
COR12Maps	LeanCode/Internal/FunctionalAnalysis/COR12Maps.lean	802d3018aa1e824348d0a56fa0b3bef01646906bda6671aec5c4a76b1501a3d4
COR12Interface	LeanCode/Internal/FunctionalAnalysis/COR12Interface.lean	ae44ab15129c2e263ee57d1c9be4ac472fb21690c30cbbb4ccf6abffe5767b81
COR12Bounds	LeanCode/Internal/FunctionalAnalysis/COR12Bounds.lean	ba1b8309cacacb8f1bdc3e2240b4a1cb5380cc5cd6f5a03eae04d51869b41392
COR12Proof	LeanCode/Internal/FunctionalAnalysis/COR12Proof.lean	f0808b55ce70c0ba9861eb7644aef1da15e7cf65554d37636e02db4fdfe88128
COR12Consumer	LeanCode/Internal/FunctionalAnalysis/COR12Consumer.lean	2d5267253347cb4660786f5e73cd73022a172a19c3e09db618987dcbc594644d
JInterpolation	LeanCode/FourierAnalysis/JInterpolation.lean	b97f9f1edc4e3b7d809c76d8471939b0764636c6c8e174e2018db1f2e20e6fbc
AQ3Allocation	LeanCode/Internal/FunctionalAnalysis/AQ3Allocation.lean	8475a65435ed011e541e0977173d897b7f547b72ae9eacb3f56d7a3541880e72
AQ3Consumers	LeanCode/Internal/FunctionalAnalysis/AQ3Consumers.lean	538e6a87fd932d67eb0a7c53495b2bd29c5edfc951dd6a121d07a9c21a68ee89
ProductInterface	LeanCode/Internal/NonlinearAnalysis/ProductInterface.lean	5864f38669e4581198b711b23be415c26219920731725a56e038ce743b32e159
OriginalInterpolation	LeanCode/Internal/NonlinearAnalysis/OriginalInterpolation.lean	8be3ee58b7ee7e37b8f458ccebc91491afd5771a6f91ce9e4446379ff1c8be03
OriginalOneHighAllocation	LeanCode/Internal/NonlinearAnalysis/OriginalOneHighAllocation.lean	0aaa10ea07481bbe4038a2c1ae7e131051144349f25b7ab193d4df07db686382
GC15Interface	LeanCode/Internal/PhysicalAnalysis/GC15Interface.lean	b977304c565f2eeafe018d8f6fe2afa7ecedff2334fb0b9ad4fd0409c207acef
GC15RectangularSlots	LeanCode/Internal/PhysicalAnalysis/GC15RectangularSlots.lean	4990bf68ead8d13d64446c9d2d96c747391433cfeebe396d6676fec1a9298f70
GC15GradeSlots	LeanCode/Internal/PhysicalAnalysis/GC15GradeSlots.lean	f955ab5f7586f271b2a0a87f7540cbe53089b5a988ac25c980241cb9105a3d39
GC15Coherence	LeanCode/Internal/PhysicalAnalysis/GC15Coherence.lean	ad17c479f60d3714b177bc07c241ee22360c5518225870726c08458bb07565b9
GC15PhysicalInterpolation	LeanCode/Internal/PhysicalAnalysis/GC15PhysicalInterpolation.lean	2d97cf26c7ff2fed48d9266d84c0331bc47ca1c92b2dc23720bc1769f17d9e6c
GC15BudgetAllocation	LeanCode/Internal/PhysicalAnalysis/GC15BudgetAllocation.lean	ae01d07d7ba9f8034da0ef45e7cf85f18ad92fd827ed2cfa554d9fbc8152a173
GC15ProductBounds	LeanCode/Internal/PhysicalAnalysis/GC15ProductBounds.lean	8f99a389392ef54a327666a11ac2f0d09bad6dff90af9b166447c6ee465a063b
GC15ExpressionProof	LeanCode/Internal/PhysicalAnalysis/GC15ExpressionProof.lean	b16a6921dd845b687cd81acce388766a8df059a326113b1042864f9c944b4802
GC15Consumer	LeanCode/Internal/PhysicalAnalysis/GC15Consumer.lean	80c6e029c0732a83857a80bb573b82a0b776779bf63c2babd9f267e599d69186
GC12CellAlgebra	LeanCode/Internal/PhysicalAnalysis/GC12CellAlgebra.lean	4163a2df23997229ccf72f0c2d30dde44a33a87d29f4d3321675cfa7cd588466
GC12CellInverse	LeanCode/Internal/PhysicalAnalysis/GC12CellInverse.lean	fb4093b75cc692c2b7dffb50c3d5c54d8728f74bc9a330fd8a0c0f598016bc95
GC12DerivativeRecurrence	LeanCode/Internal/PhysicalAnalysis/GC12DerivativeRecurrence.lean	38fdfe0da4172048df223aabee1fd1c3118c1c5ff90509b1aff19c94140da04b
GC12Partitions	LeanCode/Internal/PhysicalAnalysis/GC12Partitions.lean	bca9e3ba788f1eb74798ebd6167bcc9956c1dc133e9321176ac9c59b7e0ba967
GC12Proof	LeanCode/Internal/PhysicalAnalysis/GC12Proof.lean	01a04bd3e5d8fbfbb8cd058d5791733a62fa19970f3878f06744f5d473f75e8f
GC16Interface	LeanCode/Internal/PhysicalAnalysis/GC16Interface.lean	e0e1a0139e8b9077478b07aac5553a9ba6c7835358f392f845b29c6e108649a0
GC16Slots	LeanCode/Internal/PhysicalAnalysis/GC16Slots.lean	9e5aeee8f39dac026c1eb0e440510f2ee492d3565e6e438ff99bd025c31363f2
GC16Constants	LeanCode/Internal/PhysicalAnalysis/GC16Constants.lean	fd64aad14c05802b90d89dee7789383dbf502055ad9977f73deff4da3e23fab9
GC16SlotForcing	LeanCode/Internal/PhysicalAnalysis/GC16SlotForcing.lean	e545a8cc1b609e4d1da04208c2067fe26340d59a13faa56cd63fde75ed4bd353
GC16Proof	LeanCode/Internal/PhysicalAnalysis/GC16Proof.lean	ae4d21be2ff9f393a63e389663f73f51c8c54da53002250250feac6c07e7a69b
GC16Consumer	LeanCode/Internal/PhysicalAnalysis/GC16Consumer.lean	ffc7eabc07effc3e311de8164759b86901d2dfea71ccdc85eb58787e641dec7a
GC17Interface	LeanCode/Internal/PhysicalAnalysis/GC17Interface.lean	29a66c48cc514a50e7882b2dca1a6d9c44f288cb8f87bc96389c313d7ce6a073
GC17InverseCoherence	LeanCode/Internal/PhysicalAnalysis/GC17InverseCoherence.lean	78852c12b5c191ee775c0df81403f6e74046d1f4abb662fe07b1a6b718ade466
GC17LowMargin	LeanCode/Internal/PhysicalAnalysis/GC17LowMargin.lean	16ed38ec602d4aed62ae9a703d45bb9153c01eeda20af9e975a827f57502f447
GC17FixedFamily	LeanCode/Internal/PhysicalAnalysis/GC17FixedFamily.lean	96b292361261f286a70f7523e135c1d01e0f67ba019d5db591ab9d9c9044d90a
GC17FrameInverse	LeanCode/Internal/PhysicalAnalysis/GC17FrameInverse.lean	0205041622a36f1c7be0b544086834627b722e95160b50b7a33c5ee84c3d3b84
GC17InverseRealization	LeanCode/Internal/PhysicalAnalysis/GC17InverseRealization.lean	c372a2f6a15afabffc3cdf2f1484b62abb0fdba5476e7c0946457e5f952c5d07
GC17SeedInverse	LeanCode/Internal/PhysicalAnalysis/GC17SeedInverse.lean	a7a83a535923a8cf22339faabf499f8f45b7b06d48a5cedd1233aa02f18e98e5
GC17MatrixOperators	LeanCode/Internal/PhysicalAnalysis/GC17MatrixOperators.lean	38615dfa100dd05d31067e2f5143b3157bfc12fb4f5552d276cfac16e962bbe1
GC17DerivativeShift	LeanCode/Internal/PhysicalAnalysis/GC17DerivativeShift.lean	8b7ebe3900a33961cda5134ab9c8c9d0828e0d72c90285714e806c7425533c7d
GC17PolynomialFamily	LeanCode/Internal/PhysicalAnalysis/GC17PolynomialFamily.lean	09c0ea15cb71840ddc13c93f01d3f55c81bbbf75a650a599e1584595956e20ca
GC17EstimateAlgebra	LeanCode/Internal/PhysicalAnalysis/GC17EstimateAlgebra.lean	cce7fb41219bcff0c8175fa6c1f759f215a33020460f89aec76698a4fe3d44dc
GC17FiniteSums	LeanCode/Internal/PhysicalAnalysis/GC17FiniteSums.lean	a566329160ecd0244833ed014ba43eb964cb29145e869395fc3f6f28d9f4b4a2
GC17Transpose	LeanCode/Internal/PhysicalAnalysis/GC17Transpose.lean	9a9345a4145e8beb1ec11cff0dea40ab3d287cf7bb4001d2a732c233b9d3f6dd
GC17RotatedFrame	LeanCode/Internal/PhysicalAnalysis/GC17RotatedFrame.lean	7e4605866c7fbe361de833f89fb1eabb8d44ae26c9bb5477a59f59d206dd64c1
GC17PrimitiveEstimates	LeanCode/Internal/PhysicalAnalysis/GC17PrimitiveEstimates.lean	89598601afa7d977459c9a2cf4b0f03e2dd06b12500347e22a8ccd477c2084cc
GC17FixedMatrices	LeanCode/Internal/PhysicalAnalysis/GC17FixedMatrices.lean	b79023dcdca99201318f3941244d51fedbabc922e4ccf5861b7f1f52148fda3f
GC17FamilyMatrices	LeanCode/Internal/PhysicalAnalysis/GC17FamilyMatrices.lean	750e57d8737910bbb75161982ea9720214f2f07bb876d76de4d01d2265900270
GC17TraceProducts	LeanCode/Internal/PhysicalAnalysis/GC17TraceProducts.lean	45286a7154ea5613a0980b6afca1ac8f4e73805cc04a1a53daaca93dc48f913c
GC17ScalarMatrices	LeanCode/Internal/PhysicalAnalysis/GC17ScalarMatrices.lean	538ba08322a7b2c7cb7a0c4baf87f63a98984731ed6d87f1b4cec9e65024cb2f
GC17Determinant	LeanCode/Internal/PhysicalAnalysis/GC17Determinant.lean	f463aaec6602f1f8a2a8a797a2e160b25a7a6a2f62d548002d675143c552b101
GC17GaugeFormula	LeanCode/Internal/PhysicalAnalysis/GC17GaugeFormula.lean	d21380c0787c0ac094a942bf165174b9b9583f97d230245c5f07bcb1a2853ca7
GC17Flux	LeanCode/Internal/PhysicalAnalysis/GC17Flux.lean	6ea256be5f710385bd45fb97466888dd7ab0bda9d1b9c948d9b8c1919d89c70a
GC17Assembly	LeanCode/Internal/PhysicalAnalysis/GC17Assembly.lean	d1b1b3b5a33197008100c35bf2993814cd9127244e67490dede8585d9dc7d94f
GC17PhysicalWitness	LeanCode/Internal/PhysicalAnalysis/GC17PhysicalWitness.lean	a8dc8575758a02080f34a56fc1b988a4227aab5877367e76377c38057812d466
GC17Bounds	LeanCode/Internal/PhysicalAnalysis/GC17Bounds.lean	d189331c4029bf84540e59fb000703baf3a12c36402c3f290eeafabcf3bec642
GC17Proof	LeanCode/Internal/PhysicalAnalysis/GC17Proof.lean	9995981f03e25d42e68e88f19704435c7060aeeba014887c4fc7bef4e9786622
GC17Consumer	LeanCode/Internal/PhysicalAnalysis/GC17Consumer.lean	19bae37b6e5c893c5dde7d069e2171bd73c4461c6b2392993c9bc382fa6162d8
GC18RadialFamilies	LeanCode/Internal/PhysicalAnalysis/GC18RadialFamilies.lean	b1e3002cb779a16ecb2a9595c216862cfd9dbea0087c055a558c6142448f230c
GC18Interface	LeanCode/Internal/PhysicalAnalysis/GC18Interface.lean	a78a338aab44ddaa7566547e852074a7430aa2741a455e60899f0b849f284baf
GC18NumeratorBounds	LeanCode/Internal/PhysicalAnalysis/GC18NumeratorBounds.lean	9eeab3f467ece485052e3a92a20ae13a2422916dd6b2d07518cfb5c9b05189ca
GC18CoefficientBounds	LeanCode/Internal/PhysicalAnalysis/GC18CoefficientBounds.lean	79caf2cd5c71bbde44148d87070854b6b3b8291a907a3bb747da0ac8d4356aa0
GC18Algebra	LeanCode/Internal/PhysicalAnalysis/GC18Algebra.lean	ce79861fca30e1fd2493fbf9c142eac9e798edfc88aebeab0b1f9c639b6f08c8
GC18Determinant	LeanCode/Internal/PhysicalAnalysis/GC18Determinant.lean	2453356ce00779dd6a4aff8fce003580707eca4584a8fec1a386affe00cdd621
GC18Inverse	LeanCode/Internal/PhysicalAnalysis/GC18Inverse.lean	7a6024fe9243da3a44a7bad53560239768cad1c313b3e02c0569d23a3bb30c0e
GC18ExtensionAlgebra	LeanCode/Internal/PhysicalAnalysis/GC18ExtensionAlgebra.lean	df43dc5e0db2e6100678a5a0aeb733209ad40bdcb72e88e4ee7b38d1bb427271
GC18ExtensionEstimate	LeanCode/Internal/PhysicalAnalysis/GC18ExtensionEstimate.lean	ab9be0502a1444a511842dc226417bc364f359ee888174d9b36961016750cb44
GC18NumeratorConsumer	LeanCode/Internal/PhysicalAnalysis/GC18NumeratorConsumer.lean	f36379f780332cecea8a545e3f2af171dbab55abf956ade86c1fdbf4f1144872
GC18BoundsConsumer	LeanCode/Internal/PhysicalAnalysis/GC18BoundsConsumer.lean	e945311b27660541634babf95fb47e70df9b6ce0bb0ce1e555448c10657f596a
CompactSmoothIntegral	LeanCode/Applications/MHS/CompactSmoothIntegral.lean	d5368285a3a55082f622c97b7f4db3a648ac39cfe270962c5ca8d2cb703cc9f1
CompactIntegralDerivatives	LeanCode/Applications/MHS/CompactIntegralDerivatives.lean	baad524ce798f99af0a890efe0995df9a38f31f459369bf845efcbe1d6281bae
ClosedJetOrthogonal	LeanCode/Applications/MHS/ClosedJetOrthogonal.lean	741446a5a85f6a97c7df842447d9b128d7c4520b875ab835e217e31efa9f879a
ClosedJetSmoothRestriction	LeanCode/Applications/MHS/ClosedJetSmoothRestriction.lean	fad95ca4d1f0e99e3c29ef044721b4ff556bd44894e10faf3793be210ebd8fda
ClosedJetSmoothExtension	LeanCode/Applications/MHS/ClosedJetSmoothExtension.lean	a876817e5e9305a0753aa4e62f886749352b69175cb4fbcee2e2e5f8883932ac
MainStatement	LeanCode/Applications/MHS/MainStatement.lean	b7faca2ecabc2a8da7a022bc40448998dc47c53689b69856ff36ea824704bff9
CellSolutionFamily	LeanCode/Applications/MHS/CellSolutionFamily.lean	1b444d3b329d2b7892e5222e858579de21ace5586c4caae5c2ece36d917de1cc
NonlinearQuotientInterface	LeanCode/Internal/NonlinearAnalysis/NonlinearQuotientInterface.lean	c313c7a0910e0ceeb800f1368fbc340c01b38247e65cb2a8eed425db97629277
RadialIntegralFTC	LeanCode/Internal/NonlinearAnalysis/RadialIntegralFTC.lean	f4f69f3015f5d465b302c5d54395939a8ca2e7803597470dce3416bec52ec7d5
RadialIntegralBounds	LeanCode/Internal/NonlinearAnalysis/RadialIntegralBounds.lean	97b44c21e2fb74f0e50c5319abb34eb049f5fd2343e45b376bb4b045847d247c
FC9Completion	LeanCode/FourierAnalysis/FC9Completion.lean	eaf607e3eee5efaa3b9c267d2ee4eb3bb63f21257fc04f0f4b5ddcd3a5d43c87
FC9Interface	LeanCode/FourierAnalysis/FC9Interface.lean	2cee42db5c5a10039897dcea578d42dff44c38393fe9e7df9c825f65145dfe3a
FC9Proof	LeanCode/FourierAnalysis/FC9Proof.lean	f58cdad40f3c1a8ad4f138e900f3b7292e051dd7d4ec20aca8889fd4293b99fa
FC10Extension	LeanCode/FourierAnalysis/FC10Extension.lean	c3cfface28274fe0e4ca73b6ec5eeb57dcc7e61439005eff934bff3dc3b6387a
RadialWeightedInterface	LeanCode/Internal/NonlinearAnalysis/RadialWeightedInterface.lean	da28471258e7bc2a2f7576a411914a4aa0fe10ef006bf188fd5ae83784cf4c8c
AW1Submultiplicative	LeanCode/AnalyticAlgebras/AW1Submultiplicative.lean	50a338d6a3ff69fde6d9d9eea7ca8465dc8ea51e567d6dbf78b5af1fd230572a
ProductPhaseDefect	LeanCode/Internal/NonlinearAnalysis/ProductPhaseDefect.lean	63f57a0256e3c4cb77de0064451a49debda684719ea56509850d5778988a646e
ProductPhaseDerivative	LeanCode/Internal/NonlinearAnalysis/ProductPhaseDerivative.lean	bd2c783a8d23410d65d07664d033223c9bc3b9a705b770bb62eeaecd8b5dd2ce
RadialDilationJet	LeanCode/Internal/NonlinearAnalysis/RadialDilationJet.lean	9f07d0d75cadce16d0c77cad717350900d24a6cf49a377c222da253409d95ac7
RadialSmoothIntegral	LeanCode/Internal/NonlinearAnalysis/RadialSmoothIntegral.lean	58bc10783b3ea33d8afff38825fb22709a2a5a9a9e3beab62cfb3569f465ad14
RadialDilationPhase	LeanCode/Internal/NonlinearAnalysis/RadialDilationPhase.lean	2bff415c27fb28c52643f1d3028eaedc174d1f40bfa5922ad7cb7bd8447ec6a3
ProductClosedJet	LeanCode/Internal/NonlinearAnalysis/ProductClosedJet.lean	b46e38075da7066ac10f5f49d60d4e1ca441a7db829fb8a7ca8edf78fb48797a
ProductDerivativeAllocation	LeanCode/Internal/NonlinearAnalysis/ProductDerivativeAllocation.lean	26b0d6e864cc109ce7896e70b49d889ca9bb4ff0d34182c2818cb600ad1523d1
ProductWeightedInputs	LeanCode/Internal/NonlinearAnalysis/ProductWeightedInputs.lean	bb43dbe37edb77a39e8238c6cd5b46fa4efc6fadc46e898f216bdff87bc985ed
ProductSequenceConvolution	LeanCode/Internal/NonlinearAnalysis/ProductSequenceConvolution.lean	d80dc2520e5650f38a85bcbb1b49b4c76f44ffd7678aaec3144daf57cd7173cc
ProductLastFactor	LeanCode/Internal/NonlinearAnalysis/ProductLastFactor.lean	70a1a1ee53889238fc457ba5a60cd1cb37fdc789dd5bb90574cfeb846b00adaf
ProductDiskL2	LeanCode/Internal/NonlinearAnalysis/ProductDiskL2.lean	fb8e5eaa0c0f020f4add53baf65d8f89a9336d4985d5444ad6341c1ab52dc46c
RadialDilationL2	LeanCode/Internal/NonlinearAnalysis/RadialDilationL2.lean	afdf732b70e6bc1b0baa69226dc694019253eb450072592a1cf5aed923eedb86
RadialWeightedDerivative	LeanCode/Internal/NonlinearAnalysis/RadialWeightedDerivative.lean	f988ada2ac14ee8a12a07f517bbf391a50b079846831e1e21228e5820f5b0e40
ClosedJetOrthogonalL2	LeanCode/Applications/MHS/ClosedJetOrthogonalL2.lean	5059542e502c0d826aaa47d5578b51621510f17315e4e5835f8c1c2500d1d08f
ClosedJetIntegralL2	LeanCode/Applications/MHS/ClosedJetIntegralL2.lean	be067ba0a24ee6ac353049fbd288b0dcd8f9dc724e6140245224fb50cbdc8119
RadialIntegralJet	LeanCode/Internal/NonlinearAnalysis/RadialIntegralJet.lean	32871c5464a52c774aedb4c6f6d25d9b0a8f9094eb8b8e77e9ca561b40904338
RadialLogIntegral	LeanCode/Internal/NonlinearAnalysis/RadialLogIntegral.lean	782aba7ef4b4f74a148be50e3a0dae1d2fe842836aa87062c1d81f2926cb28d3
ProductFiniteAllocations	LeanCode/Internal/NonlinearAnalysis/ProductFiniteAllocations.lean	ff65810d81d2802e2be70200da302e0ea4654b76ac570152ace87256d76d36b9
ProductFrequencyAllocation	LeanCode/Internal/NonlinearAnalysis/ProductFrequencyAllocation.lean	11ba9914d793508fbe07810c3dae5474ea5bf8a179dffa593996151e6ddd46a1
ProductWeightedCell	LeanCode/Internal/NonlinearAnalysis/ProductWeightedCell.lean	16daf3575f52149425c2c9bf5baedd023882021adf8d515d115200c3e020e819
ProductPointAllocations	LeanCode/Internal/NonlinearAnalysis/ProductPointAllocations.lean	d451a1426fa3a4509e8b97b108b82695a731534c4613f06516f9d4ce32d33b1d
ProductAllocationIndex	LeanCode/Internal/NonlinearAnalysis/ProductAllocationIndex.lean	ba57d0912bd17f5113bc2e38a24b5b4be7699683093c245a39966e7a1adb4153
ProductOperatorL2	LeanCode/Internal/NonlinearAnalysis/ProductOperatorL2.lean	b739d4b7221e257fc1d00e9961bc7406139c7f06c4315759141d83b33a0b6202
ProductFiniteTensorSum	LeanCode/Internal/NonlinearAnalysis/ProductFiniteTensorSum.lean	c0a06ab72682cacb6ab0751fbdff61fabf108d010f192dd983ff40146e1fc9bc
ProductSeriesMajorant	LeanCode/Internal/NonlinearAnalysis/ProductSeriesMajorant.lean	91e84ed190db82b54bf7f746d088e74485c3a3068f73e35c07f990dffed3a71e
ProductSmoothSeries	LeanCode/Internal/NonlinearAnalysis/ProductSmoothSeries.lean	dd146231ee05b523e31e64706bce1b25e075f846418d4da1e23520cfcb6d61d2
ProductClosedSeries	LeanCode/Internal/NonlinearAnalysis/ProductClosedSeries.lean	7b95fa53142b322c348092cba09499b0892ba292d1b8b823008de18c0c24e37d
ProductCellSeries	LeanCode/Internal/NonlinearAnalysis/ProductCellSeries.lean	dec4ad45f0ad4c82d7c96f13b4873c28f90624e97f9f56865633ab7b4ecf67fe
ProductCoefficientJet	LeanCode/Internal/NonlinearAnalysis/ProductCoefficientJet.lean	0863445dcf70da260d5b65d7f7c9378401f157aa275ca4046d09bd926c30816b
ProductSeriesL2	LeanCode/Internal/NonlinearAnalysis/ProductSeriesL2.lean	dd2f7315e414cb9d8b4aa714e33bc90ba3e5fd7dd4d5cbdf97069808acb463b4
ProductTermL2	LeanCode/Internal/NonlinearAnalysis/ProductTermL2.lean	542a205b9ac51bbbef6a777af8a21b1677100eedfcdcdd2bf9569627ee3b1df1
ProductFiberConvolution	LeanCode/Internal/NonlinearAnalysis/ProductFiberConvolution.lean	2fae70361ff581500f58960e0969024804d5b8eaa81fc475f2e78ce7cd950b90
ProductAllocatedConvolution	LeanCode/Internal/NonlinearAnalysis/ProductAllocatedConvolution.lean	2741a9b3043c8b709d068f71ca2db74c29839b60fca448fb82e4b14fa03364af
ProductZeroGradeAllocation	LeanCode/Internal/NonlinearAnalysis/ProductZeroGradeAllocation.lean	748815db0731d7f28ea5dfd0c39f53ed30a7c9bb94a793e5fb3600d1b67fc457
ProductAllocationBounds	LeanCode/Internal/NonlinearAnalysis/ProductAllocationBounds.lean	400f68e119568e41ee9f75cee74eace0a7a4bece8310201a801d7a62490a6b5f
ProductFiniteSeriesBound	LeanCode/Internal/NonlinearAnalysis/ProductFiniteSeriesBound.lean	76af02e247bc9c7e04527010ecb7c2e67079098be61c7a732c9b9bd4a324d871
ProductWordMajorant	LeanCode/Internal/NonlinearAnalysis/ProductWordMajorant.lean	2e89ff18973b80b1302598fbe354b676eca5f3b7d47ab4f4ac19ad2ec66b21ee
ProductCoreConstruction	LeanCode/Internal/NonlinearAnalysis/ProductCoreConstruction.lean	e54e9c95ff681af85757cdf46b8f58b3113df6f6ac66290997ca1af84df939fd
RadialDilationCore	LeanCode/Internal/NonlinearAnalysis/RadialDilationCore.lean	09d4fb0def37617be76afdce1ca7a43c4dfbef15bf199a6ccc523036c71b1f7c
RadialIntegralL2	LeanCode/Internal/NonlinearAnalysis/RadialIntegralL2.lean	cb50ad0d34408054e4e360a173bd6b6f73fb704e6ae3563794d189a4e1cdbf7d
RadialIntegralCore	LeanCode/Internal/NonlinearAnalysis/RadialIntegralCore.lean	88af1122ddaa6db45cb04b6cfbacff6ddda34528c5ac42f72f6929a45032f02d
RadialCompletion	LeanCode/Internal/NonlinearAnalysis/RadialCompletion.lean	e685ed3871524dddb016797eb9a5cf7a70b939c7bb0cc35b60221f41690de5d5
RadialTruncation	LeanCode/Internal/NonlinearAnalysis/RadialTruncation.lean	04cec9ed6f08a31fe3647cae0e3b41800c718a82c124d584bff00d131061b99b
RadialDifferential	LeanCode/Internal/NonlinearAnalysis/RadialDifferential.lean	ceec84936d16e984993c82d8a3640654565f783247f2208b6db98e4164f78a49
LiteralRowAlgebra	LeanCode/Internal/NonlinearAnalysis/LiteralRowAlgebra.lean	39ba743216a3180fb658f2c37e730293c39569d1e39d9cfcd3eb5b507e293b08
RadialDivision	LeanCode/Internal/NonlinearAnalysis/RadialDivision.lean	e40f5c388c4f6b5c78d47470b95ea3a82729777f7ce56f4f053ba845a9a752f1
RadialLiteralConsumer	LeanCode/Internal/NonlinearAnalysis/RadialLiteralConsumer.lean	be39a7fd66621b6151b1adce20a398acae30231a42e123c60d62aed4cc1e56ef
QuotientDerivativeInterface	LeanCode/Internal/NonlinearAnalysis/QuotientDerivativeInterface.lean	be6f683b752bcf397a9b2704aa2a324de8e3b470ee0a9bd8692181b53ebb6321
QuotientDerivativeJet	LeanCode/Internal/NonlinearAnalysis/QuotientDerivativeJet.lean	6cb96447b1c427f3b27a2c2e7439b8cab69b0c592b026c8c5342094cb63d198c
ClosedJetValueMap	LeanCode/Applications/MHS/ClosedJetValueMap.lean	341f505ca94541d681ca64b223172db8a8f53d22f10aae526e78d51e1a7e1f08
SmoothAngularAverage	LeanCode/Applications/MHS/SmoothAngularAverage.lean	65899734b298e94b3b90d2939403bb3ce0144320b0ef1075309b17308bb3a74e
AngularCharacters	LeanCode/Applications/MHS/AngularCharacters.lean	abfdac9d04b0f4403c73d6b534d2e1c2d92aee53f05460f78f02861597627793
AngularSmoothProjection	LeanCode/Applications/MHS/AngularSmoothProjection.lean	64af326890ba9d7074a276c5af334877a04b92f315b54c0a95c34ba7e951b614
AngularProjectionAlgebra	LeanCode/Applications/MHS/AngularProjectionAlgebra.lean	fd4893a0e7bfeb354880b661828cece68a3073cbd823d83132d722b54f957bc8
AngularProjectionDerivatives	LeanCode/Applications/MHS/AngularProjectionDerivatives.lean	4a2a9c61226635e3246c8f3ed0ffb29d903a28518f0bdb216c5f0569c19d7322
AngularProjectionL2	LeanCode/Applications/MHS/AngularProjectionL2.lean	8ed226ba87b26a5bcb29f4e7db7286485ab9aa5af5979b7548a9a1e0a92df490
AngularProjectionMaps	LeanCode/Applications/MHS/AngularProjectionMaps.lean	a87a3e5b26f3b5887d4823f9418228d0837af973eb422f9be7b4d53e6e550da2
ValueMapAngular	LeanCode/Applications/MHS/ValueMapAngular.lean	3554b4186ffea8a865120f9320dd129ecc93a8a5aef3f295041cd85b3ce17661
ClosedJetWordCoordinates	LeanCode/Applications/MHS/ClosedJetWordCoordinates.lean	654a19ad1cf3fe544795f5fb6c64171a98cd65d0e4e37f017815757862da8e2b
OrthogonalGradeBound	LeanCode/Applications/MHS/OrthogonalGradeBound.lean	2027ec7bedacb7d922569c87ce09b3d528e2a9041836dcf17adcdb16c4dace47
OrthogonalCore	LeanCode/Applications/MHS/OrthogonalCore.lean	904194222405616ff564f8670fe76e3550ce1756596b200df911582d457264fb
ValueMapGrade	LeanCode/Applications/MHS/ValueMapGrade.lean	7cf9662c98541e5838508412027d072ecaae789f7a2ca3aee8c4d46b28bb505f
PlanarValueMaps	LeanCode/Applications/MHS/PlanarValueMaps.lean	e1bbee68c4a39e953198ed27ce092916701817cc43ad5e56f4de0f474525a980
HelicityAlgebra	LeanCode/Applications/MHS/HelicityAlgebra.lean	23c45c58bb027ab16ff2268f4ddd87641a7b74034960b3ba8d8dd8a372b1a06b
AngularGradeBound	LeanCode/Applications/MHS/AngularGradeBound.lean	cb1a36eb562a4f16a37c58f8fbaa6e98489f1e918575c2d828c24169dd9f6ae0
AngularCore	LeanCode/Applications/MHS/AngularCore.lean	6540cf24d42c95287638ccf76a419cc79232cc7e60469ee7c6c1734319c4e09a
CartesianReflection	LeanCode/Applications/MHS/CartesianReflection.lean	d1f3a715740af8060d9e4d7f0110ab193446c4e156718cde555d58b3e135286f
EquivariantAverage	LeanCode/Applications/MHS/EquivariantAverage.lean	94e19f203773a72825a4d5a9764ef9bd1f43ad51d8ae8e873f83550cf74d37b3
EquivariantAverageProjection	LeanCode/Applications/MHS/EquivariantAverageProjection.lean	7fca2a3c3cd271b17ec2a05fbac2c3e69131ebec33c910673f7d7547a1f0a387
TangentialZeroJets	LeanCode/Applications/MHS/TangentialZeroJets.lean	e99f444be1b2c7cd53e796da3ad92fbde2e3fc1c2a22502c254aaeb687d1d18f
QuotientDerivativeL2	LeanCode/Internal/NonlinearAnalysis/QuotientDerivativeL2.lean	1a284fc9e8224b14206e692aca649f21581a6a8dadf4bdf97d755cc0acf3a652
QuotientCoordinateJet	LeanCode/Internal/NonlinearAnalysis/QuotientCoordinateJet.lean	15c4c019d9a477a815c66365253bca51862f43202e5eb6039efec9762b3abd5b
QuotientDerivativeCore	LeanCode/Internal/NonlinearAnalysis/QuotientDerivativeCore.lean	bc6e87868f128e4cee4cae36f76f39ed1e1f60a935f48ed2f5f52fc3ed919f14
QuotientDerivativeCompletion	LeanCode/Internal/NonlinearAnalysis/QuotientDerivativeCompletion.lean	5b3910af3d94ae92ed1183ea44a75a030fa83792508555419914d35b5cc27f2a
QuotientLaplacian	LeanCode/Internal/NonlinearAnalysis/QuotientLaplacian.lean	f0c4634fbb7a8e20fb18039a0ec71f8c82654f6e70060a5b60ce11010ebd3887
QuotientCoordinateCore	LeanCode/Internal/NonlinearAnalysis/QuotientCoordinateCore.lean	165173dd360baf638ba1810c299553f3039a5f89c74c2dc1cbc491940cf0aa62
QuotientVectorDerivatives	LeanCode/Internal/NonlinearAnalysis/QuotientVectorDerivatives.lean	03787b8d17fb1594fa9acef482f63f575e23be702cb012c47186f68b56facc36
QuotientBilinearInterface	LeanCode/Internal/NonlinearAnalysis/QuotientBilinearInterface.lean	4e253e6bb6bbfe4bf88333f467264678ee0dbfa0f7ba975dedb8d70ac8a55b97
QuotientBilinearBound	LeanCode/Internal/NonlinearAnalysis/QuotientBilinearBound.lean	0611eb754da1c1d2c486afb0dca1107f5fcd3bff9eb8ccb680ebb5f3e30dde5a
QuotientDotConsumer	LeanCode/Internal/NonlinearAnalysis/QuotientDotConsumer.lean	09dda570540b5ff715f512463d5d299714ca6c0a9b4953d403468143d64c869e
QuotientLaplacianConsumer	LeanCode/Internal/NonlinearAnalysis/QuotientLaplacianConsumer.lean	06f5040fd57d89197938edbeccb830130e98aad0542f8adf5fd862f9b21f441d
DivisionInterface	LeanCode/Internal/NonlinearAnalysis/DivisionInterface.lean	e8fa0a73db10da2e433c90099ff9e45f15b5761d90372acb863abc7b872d3620
DivisionClosedIdentity	LeanCode/Internal/NonlinearAnalysis/DivisionClosedIdentity.lean	40c07199141fae032825b0075981475c519215f4a1aa009ca4231191b7032991
DivisionConsumer	LeanCode/Internal/NonlinearAnalysis/DivisionConsumer.lean	32f1899339ce7b1e7420888ff9df55fbaee031dde54a97c5859fa278885b769b
PolarVectorAlgebra	LeanCode/Applications/MHS/PolarVectorAlgebra.lean	b06e3d45f7eca43cf0a086c5bc06d6bd1b3d5e28922b0614081825d96f48d591
TangentialPolar	LeanCode/Applications/MHS/TangentialPolar.lean	3c8b8a229936170a4503a44f208ae9182629fce884608f2e9804c3e8df5f4efb
GC18JetBridge	LeanCode/Internal/PhysicalAnalysis/GC18JetBridge.lean	08568b4e1afd79ea5127b626684e265df3eacc9e9c1010f25be36901986c7d69
GC18APProduct	LeanCode/Internal/PhysicalAnalysis/GC18APProduct.lean	8bef0df17952f98de06c1799d2444d318fbb27ad152ad941851ff792f5e8144a
MK1Interface	LeanCode/AnalyticAlgebras/MK1Interface.lean	b74afdccad10f918a1a06fde322bf394ef36c5d6b78c5319133fc5d8a95e916b
MK1Construction	LeanCode/AnalyticAlgebras/MK1Construction.lean	83b87ca32fff4c0a86d23ec345b3dfa744b9603e64dbb87c8ce6ae897ccbe158
GC18APL2Action	LeanCode/Internal/PhysicalAnalysis/GC18APL2Action.lean	b3133201e694076b16b8595138e5e9c73550c8982f19053cc962c06b54ea70f5
GC18APKernel	LeanCode/Internal/PhysicalAnalysis/GC18APKernel.lean	d4bd0d0b1a02a24c46d3968e8ff272197c6c53887995baa2d4c2144579e8085b
GC18APScalarJet	LeanCode/Internal/PhysicalAnalysis/GC18APScalarJet.lean	8bec0e951d2584bc3211614bfa597071d49c970dfebbc7b05d15ae8b28ebb2d3
GC18APShift	LeanCode/Internal/PhysicalAnalysis/GC18APShift.lean	3dcfc6927ecdfe3b145329ef817705f53e4b99189c3b3d9c429c6d8b7de52294
GC18APAllocation	LeanCode/Internal/PhysicalAnalysis/GC18APAllocation.lean	30569f39966b262ae98bc83571f914d8a026ed8d1afedec800d119bb1943efc1
GC18APWeightedProduct	LeanCode/Internal/PhysicalAnalysis/GC18APWeightedProduct.lean	28e1422d1cdd3777be5a5d533b6f8317bd9885df75d22e800500b1eb6f8fdc16
GC18APRowAction	LeanCode/Internal/PhysicalAnalysis/GC18APRowAction.lean	dc76fcd51249b9945983f5d0c046dedeead6f4c86bb34748876c1f43eca1efb1
GC18APConvolution	LeanCode/Internal/PhysicalAnalysis/GC18APConvolution.lean	1a992c92f6d7dfeae65fe2691154c5c2bad64a722d0adec1c1e87f901658746a
GC18APSeries	LeanCode/Internal/PhysicalAnalysis/GC18APSeries.lean	8ff0521d6b0a5d14a7ab016fbba81aa88b04d03abf81428d3801ebc3089239d9
GC18APLinearity	LeanCode/Internal/PhysicalAnalysis/GC18APLinearity.lean	7e08b6e16eb1ebd21b35ce96e3c3b14aec13dadad08a9c025e2a163a47602d02
GC18APBilinear	LeanCode/Internal/PhysicalAnalysis/GC18APBilinear.lean	e52af16ab1e4a92939d70fca793272d336733b823b5a43fe5aca4dd5c4d01201
GC18APCoreKernel	LeanCode/Internal/PhysicalAnalysis/GC18APCoreKernel.lean	054e5504fb4f293010406929c0c1cf58814e920642313e9900ba0bc617bdc396
GC18APCoreSeries	LeanCode/Internal/PhysicalAnalysis/GC18APCoreSeries.lean	ed13287631585ca501d6d1bbde2e31fc7d3b44e18c47b6bf5333dd1d3bd59219
GC18APCoreRows	LeanCode/Internal/PhysicalAnalysis/GC18APCoreRows.lean	0d7d96690f344fa718b750e2b6640bdc7bc13bc7cec3d798e1dc2ef754249d3a
GC18APCoreProduct	LeanCode/Internal/PhysicalAnalysis/GC18APCoreProduct.lean	4e46f6983f3d6927cd8a9b4d5deeb267690e501e5fd4908f31a148eb6e2e4492
GC18APClosure	LeanCode/Internal/PhysicalAnalysis/GC18APClosure.lean	7f242e1fe17d2d1650e4a3cdf8a872542bfc4febec731dac9f4e595464c9dd21
GC18APOrthogonal	LeanCode/Internal/PhysicalAnalysis/GC18APOrthogonal.lean	0a492d2670a44abffa34d2506ad1f3fa02b76b98ccfc9e48a6950d4e251926f3
GC18APAngular	LeanCode/Internal/PhysicalAnalysis/GC18APAngular.lean	a231d3b5ecd82ede5cafd655d93eeb68b4429110231a2fbf63d0362b02702ae8
GC18APJetBounds	LeanCode/Internal/PhysicalAnalysis/GC18APJetBounds.lean	6b5ca29d9b5f8759f6712c4e34706095d44308f7f82c6cd21ac09c444403df9e
GC18AngularGenerator	LeanCode/Internal/PhysicalAnalysis/GC18AngularGenerator.lean	6409731495dd0dfd4cfbfb84110ba3e77b0ec6cd9c3850fd1197fa8d8e584c2b
GC18RadialJetIdentity	LeanCode/Internal/PhysicalAnalysis/GC18RadialJetIdentity.lean	8f44ed8f8803fff538c2c69ffbe1b53bf112481dc8615b31e87b1fcd3ee3a67b
GC18LaplacianGenerator	LeanCode/Internal/PhysicalAnalysis/GC18LaplacianGenerator.lean	bcabf3f3eda966ffc851825b2f87aa7f57f250ba2b4698cf8ea7d41f8a96f360
GC18RadialClosure	LeanCode/Internal/PhysicalAnalysis/GC18RadialClosure.lean	7bc420f12832500b4121dc99c1ed9a47b60cb3c828cf6217826b8d987029c78f
GC18RadialFamilyIdentity	LeanCode/Internal/PhysicalAnalysis/GC18RadialFamilyIdentity.lean	42c18a273600ffd78957fd26eff22d75c321a6620d20aa9db0021bb0fa647829
GC18RadialPhysicalIdentity	LeanCode/Internal/PhysicalAnalysis/GC18RadialPhysicalIdentity.lean	8b0f069f773e72f26980845aa297013c9bb8c32b62eea28930d24176c9ebc781
GC18NumeratorOrigin	LeanCode/Internal/PhysicalAnalysis/GC18NumeratorOrigin.lean	e3aef0f48cc08cad358afd8468e8463e44c724229626840b53ce160057ed675c
GC18ActualRadialIdentities	LeanCode/Internal/PhysicalAnalysis/GC18ActualRadialIdentities.lean	a4811c7379046defdfebfb0e91a7c7d1a7e5726dd91520314559a8908246f561
GC18ComplementAlgebra	LeanCode/Internal/PhysicalAnalysis/GC18ComplementAlgebra.lean	d86f4199a445880448f485b764f581f930142c00bea4ba482b2c7c3e876af8cc
TangentialCore	LeanCode/Applications/MHS/TangentialCore.lean	4ec87f7b3e8be666aadd93241950bc8b1583f6b668e3b492ef846c21c1a6bca3
FiniteAngularProjection	LeanCode/Applications/MHS/FiniteAngularProjection.lean	5252ab7c6f041bc533b94244afebeaa5d655fa1b9bd698166c68064fcd2d7e6d
AngularCoordinateShift	LeanCode/Applications/MHS/AngularCoordinateShift.lean	62202b2d536fcdd6901f411b6f9a67fc1695542201613edb23eb2c5876eba888
PolarAngularMean	LeanCode/Applications/MHS/PolarAngularMean.lean	00cc1f8f9422b2f718bec5d7abdac0af4a0d7e08125991cde7ff64f00ae1a124
PolarCoverage	LeanCode/Applications/MHS/PolarCoverage.lean	8958936483e15cdcd153214c44cef3bcb7976e64d0bf4c8f7daff9efc9126bd1
RadialAngularMean	LeanCode/Applications/MHS/RadialAngularMean.lean	f56b716e99345f5d52c7653877bfa82beba8e7671f58af36a72d9610619e4166
AngularLaplacian	LeanCode/Applications/MHS/AngularLaplacian.lean	10fbe1e7b95234a9ea256577456b0fa12b34104a0e9a5840ed7d4423c617d395
AveragesInterface	LeanCode/Applications/MHS/AveragesInterface.lean	e4aa3f996f7f809e31703400043e17fe43e43638a678e2fd44e04da5139af860
AveragesProof	LeanCode/Applications/MHS/AveragesProof.lean	f4e579c94bb7a5fb882cff27fc3b743f6c6fc905ba360dcfc8e54e028415874d
CompletedAverages	LeanCode/Applications/MHS/CompletedAverages.lean	048493b01cffa56059ed47e4078358dbfc08c10e86c1dddcb76c8faee007b9e9
MultiplierInterface	LeanCode/Applications/MHS/MultiplierInterface.lean	e8a2e37c9492f9640925e3202b28b94ec9c85e579785ad716db985ba8d081486
MultiplierPhase	LeanCode/Applications/MHS/MultiplierPhase.lean	b8ba19b49a18f5451cbd3713cf2df03bd5d08c3e018dc9fbf399a7da57bd3c8a
MultiplierJet	LeanCode/Applications/MHS/MultiplierJet.lean	aefc4e154a73e14c14bdbfcfb3067f93b522ab45c86e68ab479f33a5166fcfeb
MultiplierGrade	LeanCode/Applications/MHS/MultiplierGrade.lean	c8c6b75f61903fdba139a949c9241c9e6f17ea8d8765f30e23320876489cc35f
MultiplierShift	LeanCode/Applications/MHS/MultiplierShift.lean	cb4d4c808aa190fdab52427a2d5e2ccee78a559c77dce9c05f78e3bb4c69101c
MultiplierCompletion	LeanCode/Applications/MHS/MultiplierCompletion.lean	c496b2908bb2484648fe575ab1dbbfa5eb19806a64205c46526ed0982acbea8e
MultiplierSeries	LeanCode/Applications/MHS/MultiplierSeries.lean	05240080ba1c335aa05337f83762690a8f387135f6f2dbce5807fcd0f54ecc99
AveragesConsumer	LeanCode/Applications/MHS/AveragesConsumer.lean	64d1d43d2bff0ee77bac3a9b9412b046bf83284a22fcdf457548418c0913faea
MultiplierConsumer	LeanCode/Applications/MHS/MultiplierConsumer.lean	3c884cfbbff61e9468814696ce533ff63fe4e1003a712e185307b39f199c94b5
SeedInterface	LeanCode/Applications/MHS/SeedInterface.lean	927009e98e9496060926c8a94b3cca629e349a2c9fdb48f517325fbbcbaff302
SeedAlgebra	LeanCode/Applications/MHS/SeedAlgebra.lean	dc2ce80129dfdd682f18585700e987d28f547a8da64c838fc3db19cf9140ee0e
SeedEnvelope	LeanCode/Applications/MHS/SeedEnvelope.lean	9b9de3ad38dcb7b4ad4174737e5af9b11f2c944056c81774e959b0c881788216
SeedBasicBounds	LeanCode/Applications/MHS/SeedBasicBounds.lean	56a900fbfb436b7b90404a7286af652b2b71bc98129e99dc72af9ee3d0a55bdc
SeedInverseGeometry	LeanCode/Applications/MHS/SeedInverseGeometry.lean	877cca529361f6fcd95a298f97fdd38907fd48520c693560bc4169e168fe0e9e
SeedInverseCoefficient	LeanCode/Applications/MHS/SeedInverseCoefficient.lean	033410be2eed4e8c2b243aa57c009cdeb0c1277ccf478fd8d6fb23e2ebc10a26
SeedInverseBounds	LeanCode/Applications/MHS/SeedInverseBounds.lean	f8a718346fae959af324c18c25b28f421b52c2b9a3014aa22ee32a4d4960266e
SeedQuantitative	LeanCode/Applications/MHS/SeedQuantitative.lean	9fea84843e40f33d9e304d7921ed5cdb79e63558c6fc8dfac99dc162ba0d2f50
SeedExponentialOperator	LeanCode/Applications/MHS/SeedExponentialOperator.lean	49536fc0e42a9b8bb4320628bf95ff727a00d408246344066aee039d8ba89997
SeedOperatorCalculus	LeanCode/Applications/MHS/SeedOperatorCalculus.lean	5bcc7503dae1728d594fee91ea31482a0af9dd6afe7291e87a35b9d87c17b7eb
SeedExponentialSmooth	LeanCode/Applications/MHS/SeedExponentialSmooth.lean	af20dca07250145e1f2e3fa2fc7bfa5bf59d5b9dd69c5db8f087b339622bec1d
SeedCoefficientLinear	LeanCode/Applications/MHS/SeedCoefficientLinear.lean	14ba0c1dcfd12388c0779dd877fa9e57ded2680686ad73f14faa7cfccd4fd503
SeedParameterCoefficients	LeanCode/Applications/MHS/SeedParameterCoefficients.lean	b99e168348b69f2db735f1a18d8c1c52ec1ad29d116112771c4c79d37400ee6d
SeedWeightedCoordinates	LeanCode/Applications/MHS/SeedWeightedCoordinates.lean	be523961ab174a971b5949fed92eb0251002efad473443cde42971fbe9340123
SeedSequenceDerivative	LeanCode/Applications/MHS/SeedSequenceDerivative.lean	3fae8bb1492661687fb7059794cc8a79366f8703c3237e4323d24e5b70fbdd60
SeedParameterFamily	LeanCode/Applications/MHS/SeedParameterFamily.lean	d24865d5b4573100f1816dd56cae7003edeb90f3cccc42f8f1d7558e5eb2e211
SeedConsumer	LeanCode/Applications/MHS/SeedConsumer.lean	aa74ea4b7e674726cf61d28044d50b65831ce5e64500aca5daaff2f76ce75e29
COR13Maps	LeanCode/Internal/FunctionalAnalysis/COR13Maps.lean	d9c25ad546df4d1a126ab7efb828b2bcda3042c1de96346395a04fa988132649
COR13Realization	LeanCode/Internal/FunctionalAnalysis/COR13Realization.lean	93082203058237f39ab74040d2fb12939d340b188d1f1ef757aed1030cc899cb
COR13Interface	LeanCode/Internal/FunctionalAnalysis/COR13Interface.lean	bc06189fd46d1a61124b7a8a467336c44c516eaf25e61d8dc55ea3c42e936dac
COR13Proof	LeanCode/Internal/FunctionalAnalysis/COR13Proof.lean	4331a8b03cd423f85c01a4b8960be1682ec169dd1992fe95da95ab5d23d87023
COR13Consumer	LeanCode/Internal/FunctionalAnalysis/COR13Consumer.lean	f0d42eeaf5a5f25d4f22d1fb8130dc010db49aa685afb86ae6091c4c23b307b3
COR14Inclusion	LeanCode/Internal/FunctionalAnalysis/COR14Inclusion.lean	87b2d82b6db5d2d2a52f50606e06b6f3f61549dc7d8ff4c42b4627263afb089d
COR16Compatible	LeanCode/Internal/FunctionalAnalysis/COR16Compatible.lean	1ee1a81eaaf700a8e3c487ecc9753a7d0b7ec2c2efb9caaa6ca7de7af6f7c8a8
COR16Topology	LeanCode/Internal/FunctionalAnalysis/COR16Topology.lean	0886e1a5847661384ef00a38ff3a80760604eae556bf7914fc2c33240eb751b1
COR16Interface	LeanCode/Internal/FunctionalAnalysis/COR16Interface.lean	453cd26a840c7af4f2a2a282debae0f970a9b0f9c8be33984db7fd260c442d94
COR16Proof	LeanCode/Internal/FunctionalAnalysis/COR16Proof.lean	4f9c0301c00061679f50b709424ea2a14f9ef7c76e64087496de29cebed20c1c
COR16Consumer	LeanCode/Internal/FunctionalAnalysis/COR16Consumer.lean	d08ca1e07fff71b9ff7b597749316a5a0cb00711f3989321d1eb6001e37fe152
GaugeMultiplier	LeanCode/Applications/MHS/GaugeMultiplier.lean	367287604c0b99d73d995f3450f0c507c364e49208aa4b546fd742d43eb6afa6
GaugeMultiplierEvaluation	LeanCode/Applications/MHS/GaugeMultiplierEvaluation.lean	f0b4824c17fe9b24e4d4d443a0463f3b5807bd213a636e2b3794f245b273b365
GaugeSeed	LeanCode/Applications/MHS/GaugeSeed.lean	95705529a1fd40df4390ad5f5f3951f923d2214ac457a6c242894162602c2de1
GaugeFourierConvolution	LeanCode/Applications/MHS/GaugeFourierConvolution.lean	2ec09e9fc9e4df3b0a935dc93b0082d5613e303a044a4ee10a221ac28f0fd40d
GaugeMultiplierPhysical	LeanCode/Applications/MHS/GaugeMultiplierPhysical.lean	504fd9e32524c9166e408ba13e4ef51766d75e2253e380820b87dff1b809b664
GaugeSeedPhysical	LeanCode/Applications/MHS/GaugeSeedPhysical.lean	d3e1336e7ddf91de29ded0eec8bb4cc4fc1bc8fff1dc1a9b47b5859e72b47e0a
GaugeTriangularAlgebra	LeanCode/Applications/MHS/GaugeTriangularAlgebra.lean	1e790950da480a1d8cfe0de630e37516925673742b4eaa5b062a0c55f9218309
GaugeValueAlgebra	LeanCode/Applications/MHS/GaugeValueAlgebra.lean	093dca7ef6314f6cf3c42d695a21cdcf61c00bb8c6f60f203530e2d506e77821
GaugeSplittings	LeanCode/Applications/MHS/GaugeSplittings.lean	d20521ee67e92af11ca59237cf78f4a52875dcead932821211d6ec3ac7144f09
GC18FixedComplement	LeanCode/Internal/PhysicalAnalysis/GC18FixedComplement.lean	70270811c2e8080e70cff644194a421f759ea72cfe53c5d1e178db0be0ce03a0
GC18CoordinateMatrices	LeanCode/Internal/PhysicalAnalysis/GC18CoordinateMatrices.lean	89d647b47eac87114d4197e1552d71b635422190f8011824d1e393a38071b3cd
GC18DeterminantValue	LeanCode/Internal/PhysicalAnalysis/GC18DeterminantValue.lean	3e82ff4f64ad49ba6ac488d7ca14ccefd8849b336f183231ed46a32a7ce461e1
GC18FourierMean	LeanCode/Internal/PhysicalAnalysis/GC18FourierMean.lean	13b6ac40aaa8f8c0768f2b2442d694a9f9b33b6acc5f79fad859aa59f66c5e76
DivisionUniqueness	LeanCode/Internal/NonlinearAnalysis/DivisionUniqueness.lean	441f7b886f08380ee2d00a264fc2427b9e09d338e0ee3503f53c8d6b368aacdb
GC18FourierContinuity	LeanCode/Internal/PhysicalAnalysis/GC18FourierContinuity.lean	9e599beed63f812ecd0f60837138fb7c739f98f3c5458c538bf1be8d2c5a1bf0
GC18CircleNormalization	LeanCode/Internal/PhysicalAnalysis/GC18CircleNormalization.lean	1efaccb08cb3dfd56c4011142104d28f450a588083428a04df970c8808fdbb8e
RotationAverageAlgebra	LeanCode/Applications/MHS/RotationAverageAlgebra.lean	0eb02a746a8609619540f98ee54bf1c8801f30ec3f665200df9102122dd926db
GC18ClosedMean	LeanCode/Internal/PhysicalAnalysis/GC18ClosedMean.lean	872aabf4190668f0b047bd08080299ac4c75ff1818576911cac7cdb8fd34eb3e
GC18FullNumerators	LeanCode/Internal/PhysicalAnalysis/GC18FullNumerators.lean	4e9d9e9d59b713d104ef9259553e7a7cb92df3bef22a384e5053c8ed6e4850ea
GC18ExtensionValue	LeanCode/Internal/PhysicalAnalysis/GC18ExtensionValue.lean	558091b807a9524d7905daa2f349ec9c095bc5001f8a342f1a8cb78486ca05e7
GC18CrossNormalization	LeanCode/Internal/PhysicalAnalysis/GC18CrossNormalization.lean	496e791ff35edd23e50122479d4d8bdc50df740a1df5303d2509102309248ab7
GC18ScalarNormalization	LeanCode/Internal/PhysicalAnalysis/GC18ScalarNormalization.lean	e29bdd5383cbe152d62aaa0baae4b747f1fd2be9cdbc3627bb5028a3cc1e9a5a
GC18ActualExtension	LeanCode/Internal/PhysicalAnalysis/GC18ActualExtension.lean	bec3e6eb133237a8d70f55585d5ce95580ffb74023d836210d8586220bd80c36
GC18PointwiseComplement	LeanCode/Internal/PhysicalAnalysis/GC18PointwiseComplement.lean	d79ca7aac6a7b0d22232cfaa5b990ce1e7b9ceae66c2d264c089f046f4bda87b
GC18CartesianValue	LeanCode/Internal/PhysicalAnalysis/GC18CartesianValue.lean	92f8f606e60c79743666d9c51540a9d967e48d5c73dfcdd2a5863573c47cceae
GC18CartesianMean	LeanCode/Internal/PhysicalAnalysis/GC18CartesianMean.lean	0ec0e2ad17b46951803a1cb0d441648fbe60192a3de45d012afd94ac0268d7d2
GC18PolarMean	LeanCode/Internal/PhysicalAnalysis/GC18PolarMean.lean	5dde48389b0bded74f2ad96e606b191641257b368fbb3f504edef5fce0d8be96
GC18CartesianPolar	LeanCode/Internal/PhysicalAnalysis/GC18CartesianPolar.lean	f50e702286485c6f108051f8b78548a57545aac7ed0f9c7f0a29291f25dd85c4
QuotientTimeDerivative	LeanCode/Internal/NonlinearAnalysis/QuotientTimeDerivative.lean	72ff09b0d07abae82ddfa08daf0f90a29d4314823849a489830b581e870d290e
QuotientStateSpace	LeanCode/Internal/NonlinearAnalysis/QuotientStateSpace.lean	476f07887910c26f5e0db3261d20df128e6f5d6fa16a2bc424b0f683576db141
QuotientProductLinearity	LeanCode/Internal/NonlinearAnalysis/QuotientProductLinearity.lean	4e8304cbb938097ac16f49f90527a1d5b1a5b8487c29bec18ab4739680641e4a
QuotientConstantFields	LeanCode/Internal/NonlinearAnalysis/QuotientConstantFields.lean	863c652a1e13a5fc3c2e336e646226458e47a59c9d6a626a076e7a16cae5f920
TameCoefficientAlgebra	LeanCode/Internal/NonlinearAnalysis/TameCoefficientAlgebra.lean	957927cb87aebc70a56cfadf9ae7bdb13ce19f74b1d704abc4805e5007f518ec
TameCoefficientBridge	LeanCode/Internal/NonlinearAnalysis/TameCoefficientBridge.lean	f183d5d38ffbbefe7ed19de87e597765adf862d15ce42b5a35d5877205481808
TameCoefficientRing	LeanCode/Internal/NonlinearAnalysis/TameCoefficientRing.lean	0383eed172a01e13ca221e6bcaa5836d03922cf7727e3da8ae9a3e72a0787449
TameCoefficientBounds	LeanCode/Internal/NonlinearAnalysis/TameCoefficientBounds.lean	88c8927907a981349034435c9eeed08df1c1665782f53881132d88ec6598a653
TameRootSeries	LeanCode/Internal/NonlinearAnalysis/TameRootSeries.lean	b5273c7da39866162d25786786536b37d6f11cea612451d54e5245bb98d12611
MajorantInterface	LeanCode/Internal/NonlinearAnalysis/MajorantInterface.lean	99e0bc071c3d2b686e6bbc3199e021855fb780b511f5483ff6f1175834d3bf7b
MajorantRootBound	LeanCode/Internal/NonlinearAnalysis/MajorantRootBound.lean	b88bde766dae46065b39cc43175257cc4411bb3095325fe2f0db4aa0382c90a1
MajorantRootSummable	LeanCode/Internal/NonlinearAnalysis/MajorantRootSummable.lean	2dffeca4f6d24cb182b87d4e47c47fd5a0222f2ab43c03156782942cf6e7f7a9
MajorantExpBound	LeanCode/Internal/NonlinearAnalysis/MajorantExpBound.lean	76fb881cc71a553f1a4ecaf612d307872636c2a629d1da2ecb8494646540a780
MajorantExpSummable	LeanCode/Internal/NonlinearAnalysis/MajorantExpSummable.lean	e04a67f65b86d152f592c2083c460d5db6a9d53bbe12bcc06e9fd7d3b8fd594e
MajorantProof	LeanCode/Internal/NonlinearAnalysis/MajorantProof.lean	a27c8ece24c371008fe1327153fb1b90be810ffe646e21a62295387b28b35ccc
Q8FixedGradeWeights	LeanCode/Internal/NonlinearAnalysis/Q8FixedGradeWeights.lean	beb3b764d08f65a4b149178480192d7edc4e9a834e273b758616a25a28a8bda3
Q8FixedGradeCarrier	LeanCode/Internal/NonlinearAnalysis/Q8FixedGradeCarrier.lean	c2184c6600e77f64e9cb59e6165197f0760dadfb073db9bb48f4770a4e11e132
Q8FixedGradeMaps	LeanCode/Internal/NonlinearAnalysis/Q8FixedGradeMaps.lean	8d5961ee650e2b9b8814be97242ac558951bbf77723c5a043a0dac098f85312b
Q8FixedGradeBounds	LeanCode/Internal/NonlinearAnalysis/Q8FixedGradeBounds.lean	990b724250d125289604ba37071a79d39dcb10e0f5cd4cb0de54d2cbf2876726
MajorantExpActual	LeanCode/Internal/NonlinearAnalysis/MajorantExpActual.lean	f0972fe5a7653ee11b968be70cdde4ce61574af702e6914486e9da86a157c1ab
N3AllOrders	LeanCode/Internal/NonlinearAnalysis/N3AllOrders.lean	271b88ddaf0baff1121b34f1f850d662ae6b2b78670b8b03d5ab69e99e50c2b5
Q8FixedGradeDerivatives	LeanCode/Internal/NonlinearAnalysis/Q8FixedGradeDerivatives.lean	a16013aa39a5222266767739f17ad6432a28e9e9d103819277bc817391477119
BanachCalcSeriesInterface	LeanCode/BanachCalculus/BanachCalcSeriesInterface.lean	cddefaedcffa0a8895e81c531cc2bbe719f48b04254bdc99b6fdbc6a674c646d
BanachCalcSeriesProof	LeanCode/BanachCalculus/BanachCalcSeriesProof.lean	196c21b77d9c85c6b66c53d304e8270eeb30c933a46a8278a6b2a55b90bc80fe
BanachCalcSeriesConsumer	LeanCode/BanachCalculus/BanachCalcSeriesConsumer.lean	11d6d38c65b51ff5a0319ccedfd1ff360841dad6c652258e7bd2c27bb780d40f
Q8OperatorMajorants	LeanCode/Internal/NonlinearAnalysis/Q8OperatorMajorants.lean	b4a1a615af47ab083276255cc423687f6c8faab4ca6ba749c33272372e7db8cc
Q24RootAgreement	LeanCode/Internal/NonlinearAnalysis/Q24RootAgreement.lean	8cbc5ea14047e68eb7b953c549a0432fa7c8ca640f86bd213f355167f4879c8a
GaugeTraceCollapse	LeanCode/Applications/MHS/GaugeTraceCollapse.lean	fa0083f3d76f71c714cfb2711e809f951ffae69db06f840bcacf6f337a8a3dc1
GaugeModeAlgebra	LeanCode/Applications/MHS/GaugeModeAlgebra.lean	ec6699d9fc7cd01a01901c91fa49ea3780d33f5534d6a767fff034cd5e391aee
GaugeSandwichComposition	LeanCode/Applications/MHS/GaugeSandwichComposition.lean	8a280875c6aebe07e714ae1074a733e27a8e2685e184a5d0a7159b47e9e728db
GaugeSeedFamilies	LeanCode/Applications/MHS/GaugeSeedFamilies.lean	5e3e04cd84848e563579099422202ae1ee5d5a708f60b7d50f125be16f679e39
GaugeConvolutionFourier	LeanCode/Applications/MHS/GaugeConvolutionFourier.lean	23c71babd18d2aa4e1a195f1d078a9a64087a9e021007034f118af03473e752c
GaugeSeedTrace	LeanCode/Applications/MHS/GaugeSeedTrace.lean	35cb63b1d44aad23465af43793caa1e237fe36fcd9140b3990e1c4531d6a191f
GaugeSeedInverse	LeanCode/Applications/MHS/GaugeSeedInverse.lean	5d480b102ddd227d92f22dfd40053d74d4b4137e99ff92aa0007afbf3cc0dfbe
GaugeCoordinateJet	LeanCode/Applications/MHS/GaugeCoordinateJet.lean	f65508b10f58ebbaf8c3126c4a3f9240708a21d64a53fefe89b53d4d323c364d
GaugeCoordinateRow	LeanCode/Applications/MHS/GaugeCoordinateRow.lean	8d787fb38c99c33f8d3774cda0fcdb79fb3e63aca3fa3acf842126fc53f9ec11
GaugeCoordinateCore	LeanCode/Applications/MHS/GaugeCoordinateCore.lean	58a5b891cc2008cdab1106b6cbba7d1f50fe262fc3f931bd09bd78469d1c4e97
GaugeProjectionMaps	LeanCode/Applications/MHS/GaugeProjectionMaps.lean	f02bb138482ce03365d7ed32bc7ff5e181e6335722aaea7a994a4ed9baea5ddc
GaugeProjectionBounds	LeanCode/Applications/MHS/GaugeProjectionBounds.lean	71f05ad3d79d21a1bcb27abcf30e6371cad66f468804c03ae02658eae5c7be12
GaugeRadialRow	LeanCode/Applications/MHS/GaugeRadialRow.lean	87ad24ee1fd1f4867a2f845f2bd78bc5bf3351649485fb9964095fd5fe939fc9
GaugeInterface	LeanCode/Applications/MHS/GaugeInterface.lean	7cdb70f1bc5242e07933043afcfaab6c9abf0064d18bbec2df0f5ec8f561e246
GaugeProof	LeanCode/Applications/MHS/GaugeProof.lean	272d546c01fdad63e17c6ba03dc582166ad5387b988e4011e107fa67d552dd7d
GaugeConsumer	LeanCode/Applications/MHS/GaugeConsumer.lean	1434f7ddec8116e01a32e1a70e0c30eeec7c976f92734b051534ee1160e73107
SM1Cutoff	LeanCode/FourierAnalysis/SM1Cutoff.lean	fb99bd60fe2101b67e8bbad2fc8a9e564e17b7d617bc15dbb467e7ce7f525b7c
BT1Boundary	LeanCode/Internal/FunctionalAnalysis/BT1Boundary.lean	0f965cb9f085b8fd864d82212bf6e5de12593d63e1cf3e691ca850cb3243fc88
BT2TraceEnergy	LeanCode/Internal/FunctionalAnalysis/BT2TraceEnergy.lean	04689901f78d06c979a789c1708056585fd6977738c7bf8cc2a4c48e39ca87ba
BT3FourierBoundary	LeanCode/Internal/FunctionalAnalysis/BT3FourierBoundary.lean	8ce54b874335cd315bcb6df09fee912e2b31df77a1729b1b070b0417d6b95117
BT4CollarGeometry	LeanCode/Internal/FunctionalAnalysis/BT4CollarGeometry.lean	40b3bad61bc1ee0e825b40916a895101084b04a736c1e20394c8644a95cce230
BT5CollarDerivatives	LeanCode/Internal/FunctionalAnalysis/BT5CollarDerivatives.lean	3c37c709f5ed1608e39eac81c86402d0becf8270e163a6fd58bab9e4490200fc
BT6OriginalDensity	LeanCode/Internal/FunctionalAnalysis/BT6OriginalDensity.lean	9b06938c87f1582ad71a8974441568d5b589df7607eda2db207a580a933e113e
BT7CollarMeasure	LeanCode/Internal/FunctionalAnalysis/BT7CollarMeasure.lean	ef5e51ea2de7c043aa7ea8b74bec446e169d5763565e96f39dce408acb1804b8
BT8CollarGrade	LeanCode/Internal/FunctionalAnalysis/BT8CollarGrade.lean	4307697e93c5122940f02aab30f0bd2a25ef4cb1b6d70ec89cce046dedbd1382
BT9AngularParseval	LeanCode/Internal/FunctionalAnalysis/BT9AngularParseval.lean	1920bcc6fe5d2d5639742eea6c1223753c2b1536a7d78b6aeb20c18342027379
BT10AngularDerivative	LeanCode/Internal/FunctionalAnalysis/BT10AngularDerivative.lean	cfb7cbf382fab70cd6aeaf7abba8b39980c70a6abc017337594f061147490a62
BT11AngularJets	LeanCode/Internal/FunctionalAnalysis/BT11AngularJets.lean	acd82d8876081ed318f47b7ec112ed3b680a46b80aada286d667cd92f82b21c4
BT12RadialJets	LeanCode/Internal/FunctionalAnalysis/BT12RadialJets.lean	4ef5669d3dee3dd4f148b3e2788a91a9b0ac4c08f7b1e2087e462432c815eb9f
BT13CoefficientCalculus	LeanCode/Internal/FunctionalAnalysis/BT13CoefficientCalculus.lean	b5145da26e8ebd2a63957f803252dc56536b014c4c791c126058f0ddba9cf921
BT14FrequencyEnergy	LeanCode/Internal/FunctionalAnalysis/BT14FrequencyEnergy.lean	27ae1852363e9bd9e21d31619a93d06743faff4c09037dae9619c0fcbb20379d
BT15IntegratedBessel	LeanCode/Internal/FunctionalAnalysis/BT15IntegratedBessel.lean	8a94548b54f601f0dcbee236ed293d3cbdac3da64a9199f07781890e8db5de94
BT16FiniteTrace	LeanCode/Internal/FunctionalAnalysis/BT16FiniteTrace.lean	5cfc2f5024a7d26a92063829d2884a9e9f97b45d605f4164b7eb1a3ccff37fb4
BT17TraceGrade	LeanCode/Internal/FunctionalAnalysis/BT17TraceGrade.lean	5f226ac56ea828a07e0da61a6552ebb8c984ec5fe39e905e5fa6409139edc359
BT18Summation	LeanCode/Internal/FunctionalAnalysis/BT18Summation.lean	b3e702e1c54f2ba597b7ca02adcdd43c4b4de90364e3f44f905a549eac93f103
BT19CoreMap	LeanCode/Internal/FunctionalAnalysis/BT19CoreMap.lean	615989ed4326224a904a5faf1afcf573bcdd0068117ec09f2cf3420efb472198
BT20Completion	LeanCode/Internal/FunctionalAnalysis/BT20Completion.lean	64d56e0d2f092a7e4b66c376962547fc62d8547e94c4ff8a675e7c19f52ad5f6
BTInterface	LeanCode/Internal/FunctionalAnalysis/BTInterface.lean	74b91f998071dafd0a72ac3f2ffd7ad2cd106795acd739b57944c336465da627
BTProof	LeanCode/Internal/FunctionalAnalysis/BTProof.lean	4ed6c33baf1bf3b72fcfc24b25881a171afe4087c3706d3f55849c6376f04feb
BTConsumer	LeanCode/Internal/FunctionalAnalysis/BTConsumer.lean	5558e69c77da11262cdff5ac545b302cdbb0134814eb2c59ae74e586ece9bf3c
BL1BoundaryCore	LeanCode/Internal/FunctionalAnalysis/BL1BoundaryCore.lean	825ea907b2cff851eb62984485328dd2687d90a8d23eb4c39fb848d7acc78638
BLInterface	LeanCode/Internal/FunctionalAnalysis/BLInterface.lean	bc6a4fa53b6181bf20b2bb455182e67ec90b19e4aa627a12d88cd3c38851d717
BL2Profile	LeanCode/Internal/FunctionalAnalysis/BL2Profile.lean	91de08925cbd68a07426ac7a15695a75b23a0b057db11155450d3aa4c679af14
BL3RadialWeight	LeanCode/Internal/FunctionalAnalysis/BL3RadialWeight.lean	8cba960518fa28e4145b592856c85c90e34ab9e52fbffabf668c86c427a2cde1
BL4ProfileCalculus	LeanCode/Internal/FunctionalAnalysis/BL4ProfileCalculus.lean	848d21936b16db979f3ee8beb485662ee0f0686371f824bc41d88e2ce70cc443
BL5ProfileBound	LeanCode/Internal/FunctionalAnalysis/BL5ProfileBound.lean	5a368bd29068c1bb08e08d31415bd81288aba4b772e09d04e1d613ed355add14
BL6ProfileEnergy	LeanCode/Internal/FunctionalAnalysis/BL6ProfileEnergy.lean	64ecef67078844e0b72a2a2d6d63a9dd601611d51df755d01be024cea2d18aea
BL7Kernel	LeanCode/Internal/FunctionalAnalysis/BL7Kernel.lean	51a111b7bb077a5583d1e1153535955873c40527e85ae0bd11a9e3ec99cc9b8f
BL8KernelBoundary	LeanCode/Internal/FunctionalAnalysis/BL8KernelBoundary.lean	5fa2c066b700d254ae92612e5f03dd044a145a449e472869e7c94126bf0cda8d
BL9InverseChart	LeanCode/Internal/FunctionalAnalysis/BL9InverseChart.lean	9df58ba8dfcdeb6f511a42a1f9375196ae37b17162c57bee8e6178b54f2e5bac
BL10ReverseCollar	LeanCode/Internal/FunctionalAnalysis/BL10ReverseCollar.lean	3eaceb0aa9a76a434eb4ba7cb52dc5b35b691f4dff1216515df2126c23a0adfc
BL11ReverseRotation	LeanCode/Internal/FunctionalAnalysis/BL11ReverseRotation.lean	87243da19e9d9ff80795826c41314ee9c3e652edc160c2cfff3444c52a78ce34
BL12TensorCoordinates	LeanCode/Internal/FunctionalAnalysis/BL12TensorCoordinates.lean	dd06803644296fa62478bd40993ca4cefe29f4d4c6da015128676c604d7a0fc7
BL13PolarMode	LeanCode/Internal/FunctionalAnalysis/BL13PolarMode.lean	f988f3235d633215ff2af603ef77753d1fc43c16a73d9429bb2929424b47ca42
BL14ModeCharacter	LeanCode/Internal/FunctionalAnalysis/BL14ModeCharacter.lean	c9ed743b62c721940d9c169c0f7ed8e4e1a7caa176a4cb65412ea7df185b814e
BL15FiniteParseval	LeanCode/Internal/FunctionalAnalysis/BL15FiniteParseval.lean	1e47c551dc22800789e42ae3cd2f2cb2b527d7bfa08cf7edca5b86250d7779a9
BL16AngularTensor	LeanCode/Internal/FunctionalAnalysis/BL16AngularTensor.lean	b0d47952e1c7b3057b94f1f1aeff6a6a3d8f6bda507405ec6d3f192bbe4c7429
BL17PolarEnergy	LeanCode/Internal/FunctionalAnalysis/BL17PolarEnergy.lean	6cf511498886db84dd43e148e6359ca34a57c43812ec8efc2f58e47ed7928ce9
BL18FiniteEnergy	LeanCode/Internal/FunctionalAnalysis/BL18FiniteEnergy.lean	fd5cefead91e75535884f15cc20e1cca48d44ddd7a817d9f71ea85017394c80d
BL19KernelConjugation	LeanCode/Internal/FunctionalAnalysis/BL19KernelConjugation.lean	e10aadda5ba820ffb716cb5c8267406b2e4bbd6ecb69d530dc30c2f9f753e032
BL20DiskCollar	LeanCode/Internal/FunctionalAnalysis/BL20DiskCollar.lean	18f2ae1a74b0d5537f1f3015fd59614f44946d4a541dca91872098f75b9b5a1d
BL21WeightedDensity	LeanCode/Internal/FunctionalAnalysis/BL21WeightedDensity.lean	39d549f448df57c3a14aa3e2e87e0c6e1162d76215379c7d603b15200d26ee3c
BL22CartesianEnergy	LeanCode/Internal/FunctionalAnalysis/BL22CartesianEnergy.lean	6635c87793d344ee357189ad90ac9892117311a129e57790f3d461dde092d4b5
BL23OriginalCell	LeanCode/Internal/FunctionalAnalysis/BL23OriginalCell.lean	c649089ecffadb8e771024b8dc033e68f39022ac478f9695a8135aa52d93d54d
BL24FiniteCore	LeanCode/Internal/FunctionalAnalysis/BL24FiniteCore.lean	28faf45196e63b70d5200bc4275e89ad6768da4cd2b0e94d34a7295e9a01a8a6
BL25FiniteBoundary	LeanCode/Internal/FunctionalAnalysis/BL25FiniteBoundary.lean	cbb6cd8230659384db71375816ab2ffcce13aadb3d2c52e77a391957fb827e37
BL26FiniteNorm	LeanCode/Internal/FunctionalAnalysis/BL26FiniteNorm.lean	f510e271cd2a828a3e940bacde87a1372a8f6f25466eb49bcc70a321e2c41d4c
BL27BoundaryDensity	LeanCode/Internal/FunctionalAnalysis/BL27BoundaryDensity.lean	53ef952d892500cbda8796becd222ee4e399e6cb7bddf8c283531e97d87b6231
BL28FiniteTrace	LeanCode/Internal/FunctionalAnalysis/BL28FiniteTrace.lean	e790912a93e3a44b27f0e0546e708594202acdd7630afcb37cc57c4c6972b9d9
BL29Completion	LeanCode/Internal/FunctionalAnalysis/BL29Completion.lean	3c6e7180722720ca380d895507f5d10288279d638b6579fe03a5f31d8a2c2d17
BL30Compatibility	LeanCode/Internal/FunctionalAnalysis/BL30Compatibility.lean	3eaa5f293c3863f7f7096d023d3efce4bada27106af8fcc5de49193b052dec4b
BL31SmoothCore	LeanCode/Internal/FunctionalAnalysis/BL31SmoothCore.lean	3b47d92bdc7aa224729da244286238a085f31de9633c6fba4f041df311f75052
BL32JetEvaluation	LeanCode/Internal/FunctionalAnalysis/BL32JetEvaluation.lean	857a3bd03a9cd54ab6d8458b4d0d6d112edf3660c69feaa8dd6ca555c1092802
BL33ZeroInner	LeanCode/Internal/FunctionalAnalysis/BL33ZeroInner.lean	eed9e834529c727fa28f30827ceac4b5599e2551b360ae986a2317e83d42e22a
BL34KernelSeries	LeanCode/Internal/FunctionalAnalysis/BL34KernelSeries.lean	7539de7461750bf5088e0c507547156291ea673404abe99f5f101b9e38ddb019
BL35AngularSeries	LeanCode/Internal/FunctionalAnalysis/BL35AngularSeries.lean	659c3135e7c85e239e18d773e14805b382ce8534da5db33bf0aec21f7bb06c15
BL36KernelSymmetry	LeanCode/Internal/FunctionalAnalysis/BL36KernelSymmetry.lean	a0aff6a582f9bbcac137131d9939a8df3adec0f27aaf1feefbfed4a9eaeeee8f
BL37Summability	LeanCode/Internal/FunctionalAnalysis/BL37Summability.lean	ca442c491a25925d1ed9148a08f1464ab218f5531cdda48776d500f5d59b3358
BL38PhysicalSeries	LeanCode/Internal/FunctionalAnalysis/BL38PhysicalSeries.lean	416549e96f6b034983dd60e7b24e9f98e8992562b9f92b84b1a6ab3e1e8236cf
BL39Reality	LeanCode/Internal/FunctionalAnalysis/BL39Reality.lean	f58bce3ea55fc60fbe522dd1299cdb39071288995179dbc80a2738d8e30e97ec
BL40HighSupport	LeanCode/Internal/FunctionalAnalysis/BL40HighSupport.lean	5375cd24cb3816888d9ff6f66fcc87c4e8253588e68e6e6fcd45531a38074e28
BL41WeightRatios	LeanCode/Internal/FunctionalAnalysis/BL41WeightRatios.lean	3f52549f626159b1a42a7abef0e626cc4f7a6c7aec247bbbfd84300f3860b433
BL42CoefficientOperator	LeanCode/Internal/FunctionalAnalysis/BL42CoefficientOperator.lean	4438717ebb39b129e3723ddfac0777657015b8f322f10fa979e36633c63b1a46
BL43BoundaryOperators	LeanCode/Internal/FunctionalAnalysis/BL43BoundaryOperators.lean	10c05ef7ce6397cf47c762b264653487f7a66c38fbab38889012eb222755730a
BL44AngularOperators	LeanCode/Internal/FunctionalAnalysis/BL44AngularOperators.lean	34616676193969ed7fa834a637095c12a660384bc534b14fe6c5f9675e7a55f0
BLProof	LeanCode/Internal/FunctionalAnalysis/BLProof.lean	62a3b34468818ab13d19491ca8fe6cd739767eda0d8e31e4ffa1abe0c92a6374
BLConsumer	LeanCode/Internal/FunctionalAnalysis/BLConsumer.lean	4b73e206601efdbe92170943df31ed6ed255f103f721648bd408386de72e16f7
QuotientDiagonal	LeanCode/Internal/NonlinearAnalysis/QuotientDiagonal.lean	b60dbb4a2816f7d1e4f7fc3cb9183cf24b84e54189c48ec1863fd55b48f3c722
QuotientValueMap	LeanCode/Internal/NonlinearAnalysis/QuotientValueMap.lean	ada1eaef186d17280128a48fd5a9e88e9c252501be84b79a48b784cb507f8501
QuotientDeterminant	LeanCode/Internal/NonlinearAnalysis/QuotientDeterminant.lean	5f56946ce77eb6f170ad4a393d50a997cb0b28e4125fe3cae12e1a75aaa9bd40
QuotientTermConstructors	LeanCode/Internal/NonlinearAnalysis/QuotientTermConstructors.lean	7fe7a5e1f70bd2e28a9ff30b46f275bc9315743ddafc39173372d2fe00487e43
QuotientPolynomialTerms	LeanCode/Internal/NonlinearAnalysis/QuotientPolynomialTerms.lean	07f77f6436686c76cb71a37ff9952960a10452c136b33e24e037e9fcbd5a8903
AW2Consumers	LeanCode/AnalyticAlgebras/AW2Consumers.lean	b63f35e68ef04f44552420e973e01ec4b6ad1c17b4b2781f1ecb8ddfdcb4f5ae
AxisOriginBasics	LeanCode/Internal/FunctionalAnalysis/AxisOriginBasics.lean	f97f519762fabcbc63c5f9fc4747fd0e9d8162a0b86e3cc71a88066859c2f8fb
AxisAngularOrigin	LeanCode/Internal/FunctionalAnalysis/AxisAngularOrigin.lean	d4f24fa0e46fba7da6ab22089c85a797b17ee79fb1f447c31dc1c831e7d04ebe
AxisProductOrigin	LeanCode/Internal/FunctionalAnalysis/AxisProductOrigin.lean	d0cf5250edde7f817a7f55d0bcd0d648a2f82a6f16ad8b9ac404352d2f276537
AxisDerivativeRows	LeanCode/Internal/FunctionalAnalysis/AxisDerivativeRows.lean	a3bc1255738a0776aa16e3c1312f56535388531a3ba22645d8e07d25abbdd5ae
AxisRowTraces	LeanCode/Internal/FunctionalAnalysis/AxisRowTraces.lean	a33a563954e27c3740c02b6b3e816cf374514ec5e9fd360db855b521f3b267ee
AxisExtraction	LeanCode/Internal/FunctionalAnalysis/AxisExtraction.lean	510ddfa1498b56fa98d7624dc2f52b52b13249e1b3b061bea4a5815950aa1b31
AxisDataCore	LeanCode/Internal/FunctionalAnalysis/AxisDataCore.lean	9cbf4b6cbcc68a94a77a866be852d4387325b25ea8366681cdf805587398d6e4
AxisCutoff	LeanCode/Internal/FunctionalAnalysis/AxisCutoff.lean	b6fe9307a7b0b968b265988a904ecabc20e4737a198f24339b787232f59b8369
AxisLift	LeanCode/Internal/FunctionalAnalysis/AxisLift.lean	3d4bf22903575cf861638683ccd512aa0391ede1eb6aa6da4c26b9998212c695
AxisTraceMembership	LeanCode/Internal/FunctionalAnalysis/AxisTraceMembership.lean	a9190b25ee56059abafed919f3bd3380da8b1d4f4c498af0fb07516c50784fc2
AxisDataBundle	LeanCode/Internal/FunctionalAnalysis/AxisDataBundle.lean	409a148789f49d8792421d651ec737823cce6c7cba4e74ba2793c6cdf8ea421d
AxisProjections	LeanCode/Internal/FunctionalAnalysis/AxisProjections.lean	5f551a2c883bf16d16127a5cabc0415916abdd4af8b0ea417659ae23e12fc4df
AxisProjectionLaws	LeanCode/Internal/FunctionalAnalysis/AxisProjectionLaws.lean	90d396a573a68aa181dd65888c74fa036b2a6e5624d888d28738d41363635064
AxisSplitConsumer	LeanCode/Internal/FunctionalAnalysis/AxisSplitConsumer.lean	3d9b312ecf70ecb70bb4bfd5b7fb0aba52e724d89e53c3bfd4161ec06e3e775c
AxisSharpTrace	LeanCode/Internal/FunctionalAnalysis/AxisSharpTrace.lean	f0752e05f5376d76381c6f48a08facfcd600aeba903796fe79ef0b562896f71f
AxisSharpGradient	LeanCode/Internal/FunctionalAnalysis/AxisSharpGradient.lean	4112465389819960e5f57a2e88bb8c9a7cff176049e6d79d02a9d5f4caab348d
AxisExtractionBounds	LeanCode/Internal/FunctionalAnalysis/AxisExtractionBounds.lean	bfd1565aa9c22cedde5125e217dc54912ab3765d41093b7a63d75dce2f4a38cb
AxisThirteenBound	LeanCode/Internal/FunctionalAnalysis/AxisThirteenBound.lean	8c34aa0efcea4e9d723300d5f3849a39309211e308996d6dc2963a2897bb3d2f
GaugeInverseRight	LeanCode/Applications/MHS/GaugeInverseRight.lean	46c2d69b6e2d2f7e3d1047749532fbe8f6f53855cb9da83f1e974a8a0f5d1859
GaugeSliceProjection	LeanCode/Applications/MHS/GaugeSliceProjection.lean	b656cf0d5a3149d5caa663cc0aa75879b530e19933dd5a3a857e7f74dfb07842
GaugeSliceTransfer	LeanCode/Applications/MHS/GaugeSliceTransfer.lean	4efdd918408d443db18f35df3f98f78a609ebde91a9b95c60f712ceffb64a3d3
GaugeSliceInverse	LeanCode/Applications/MHS/GaugeSliceInverse.lean	3e74cf7068cb16a46f77e260e6ccdeeb39ce6563fe341a14e829da5b8c4707d8
GaugeSliceBounds	LeanCode/Applications/MHS/GaugeSliceBounds.lean	ae152af76ace9b3f7fceabb066791fff5ba9b154428abdf54dd2759af7b01353
GaugeTransferInterface	LeanCode/Applications/MHS/GaugeTransferInterface.lean	b6ad8aabd412ca4747aed5eb8417158dcf547c35a5890ca8ffbb651eb2889ea4
GaugeTransferProof	LeanCode/Applications/MHS/GaugeTransferProof.lean	72145c9e7eab402d770b7a1685cced05d8110e7e0a424a367213e099c39ab345
GaugeTransferConsumer	LeanCode/Applications/MHS/GaugeTransferConsumer.lean	86516b8aa23affc4a6969cb5b0b06a10c4b623dbc9ef67d62b8bc8d9b84079b4
AX1AxisGrade	LeanCode/Internal/FunctionalAnalysis/AX1AxisGrade.lean	ebc45129dd3bc542f5c0afd32f951c2ee853866745c823e76bd1fbe746dd906c
AX2AxisCore	LeanCode/Internal/FunctionalAnalysis/AX2AxisCore.lean	b0f961f255157f2ea99c3a9444d810b634b46335473ae59d47ed4ae3dad2d7b2
AxisJetCarrier	LeanCode/Internal/FunctionalAnalysis/AxisJetCarrier.lean	585b415a58de7938380c638204620e1c249dfce280ade92b798fc388563fc197
AxisJetProfiles	LeanCode/Internal/FunctionalAnalysis/AxisJetProfiles.lean	b1203e5150a6ad51ccc3b16f0e9dd3677c70bcdd7d5a16f757b4cc9031f5a040
AxisJetSupport	LeanCode/Internal/FunctionalAnalysis/AxisJetSupport.lean	0871b4b655d8ec9449db21b19f1a99d06c836fe13bad56b20b836f5eac806fe3
AxisJetRowBounds	LeanCode/Internal/FunctionalAnalysis/AxisJetRowBounds.lean	0b4b02344113a4c10832426d05ff76b616b0a795e57c0b2ac6dbc87bae3233a6
AxisJetInsertion	LeanCode/Internal/FunctionalAnalysis/AxisJetInsertion.lean	3a3d2e3f4261a60a6808130c7524e7b181ef34e2400b3cac3143d882f4732e32
AxisJetTraceLaws	LeanCode/Internal/FunctionalAnalysis/AxisJetTraceLaws.lean	9bc7a7662a79f94dbbc59d0001f3f58acd850533747a042750219caf9d1ebefb
AxisJetProjection	LeanCode/Internal/FunctionalAnalysis/AxisJetProjection.lean	2bb668bb23bcfa3647f055315ef335ab2c7f176aceb669e57f3e94e38f33ab54
AxisJetConsumer	LeanCode/Internal/FunctionalAnalysis/AxisJetConsumer.lean	e00a4799215a01475f5e8ea1b75ff0543bf458c8de0e8989b1d1461e2820bf30
CP1SupportJets	LeanCode/Internal/FunctionalAnalysis/CP1SupportJets.lean	9e14e640cbb21f66e3642885dde7831651e002fc2d44bf440b7227d8375f3f30
CP2CollarCorrection	LeanCode/Internal/FunctionalAnalysis/CP2CollarCorrection.lean	638349abaea399e28a74051684395a7cb54178c127ea009dad6e5a2d42c05d13
CP3CircleCharacters	LeanCode/Internal/FunctionalAnalysis/CP3CircleCharacters.lean	f8eca3a891070b1469216718fa4e3f76200ab81c2262807c01516312da3272c4
CP4PhysicalRow	LeanCode/Internal/FunctionalAnalysis/CP4PhysicalRow.lean	c9bfa0c2511fc53144d81e1c715fac20737c8c5d6f2991c5546e4f9fdb5cc9b0
CP5RowMembership	LeanCode/Internal/FunctionalAnalysis/CP5RowMembership.lean	538224a0f92f4346fd6812a851755d0786f83d8c2402b023dd80cd8653151091
CP6RowFamily	LeanCode/Internal/FunctionalAnalysis/CP6RowFamily.lean	b9a3d4e41453efb7227e7cb09a6698a95209abe1890cfe6d508cb27e9c0a48f6
CP7RowOperator	LeanCode/Internal/FunctionalAnalysis/CP7RowOperator.lean	8729cee440d44af865d94d60e8171e924139be89057c3c290066e01e041bb4d1
CP8RowInverse	LeanCode/Internal/FunctionalAnalysis/CP8RowInverse.lean	dc72672a1a0d2a5a8d88801b7762228c3365b6f4ca48d3cdcacaf9837de6da42
CP9ModeAnnihilation	LeanCode/Internal/FunctionalAnalysis/CP9ModeAnnihilation.lean	afdf44178e6b39394e6668f8019c3cb8964534ab3288d4b7f42b56a3ba203687
CP10RowBounds	LeanCode/Internal/FunctionalAnalysis/CP10RowBounds.lean	38c43f8d93d2042bc371c648dffc38ecce1b05cd9f062f6e9bfa97807f9d59f5
CP11VectorProjection	LeanCode/Internal/FunctionalAnalysis/CP11VectorProjection.lean	c2b95fbb0818e293e55bb6fdc2c6342d38940e8d08a2a2a070cc02810e58b8a6
SM2ScaleDerivatives	LeanCode/FourierAnalysis/SM2ScaleDerivatives.lean	bb3ab1bf9e7737343884033185b29973b5f37070c03bbd3149b682fcf48d2fd9
SM3FourierCore	LeanCode/FourierAnalysis/SM3FourierCore.lean	49da3cae56fc186cb197b40e118e93e054c870f5d1c0c69193a38cdfac8a031e
SM4CutoffBounds	LeanCode/FourierAnalysis/SM4CutoffBounds.lean	715f9f60f40fadd80da080ff0874e48f41fad6eaae1e7b9c69e815017a6ab51d
SM5DerivativeBounds	LeanCode/FourierAnalysis/SM5DerivativeBounds.lean	68ff58a761a040b0435dfcbd8d1e50462af54477d06149adfea2775bcc4228c1
SM6FourierCalculus	LeanCode/FourierAnalysis/SM6FourierCalculus.lean	dc6c14d5f2bdb7100cc43d8a46553f7500aa315f48bf5a8c7e67e6225862e34f
SM7Ambient	LeanCode/FourierAnalysis/SM7Ambient.lean	8d3d477dfec72d68622c655a20cbc89849bb2b30550f048526d01cc4552a7aed
SM8GradeCalculus	LeanCode/FourierAnalysis/SM8GradeCalculus.lean	dbacdf7578f7fed791b2ed52d4b42853ac94574cbf3c06435017b89edece5d06
SM9Projection	LeanCode/FourierAnalysis/SM9Projection.lean	55aacad55cefb3b83aa9250b18dfce35494ae2c9388b048d718af3082da1b462
SM10FourierReality	LeanCode/FourierAnalysis/SM10FourierReality.lean	50502e28092ae5f208b32e1e1656418f0e6eb783b4a5c5646c2c311243964233
SM11AmbientReality	LeanCode/FourierAnalysis/SM11AmbientReality.lean	c67f51f7f6ba61e5182ccbe5965d45f3e13d86ff8ba66f1724cd7c8c519054d6
SM12AxisCore	LeanCode/FourierAnalysis/SM12AxisCore.lean	7d50e2c1e8a34c06a1a8ded331d740e68d2418dcc88d2a6f45d38b590c08750f
SM13AxisSmoothing	LeanCode/FourierAnalysis/SM13AxisSmoothing.lean	5cc793a87ae885104996e224517d5198ab48804dd81fd36654a650614d9a9d8a
SM14AxisCalculus	LeanCode/FourierAnalysis/SM14AxisCalculus.lean	186e81f45a4242289a4e96ca59ea77e124f7c7ee4419885a09cec125bc6ee029
ReadinessLemmas	LeanCode/FourierAnalysis/ReadinessLemmas.lean	0e4cb31737f1ebed5539c3dacd23d2edc92583ad92f09dfbc39c5b1777e71097
SM15StateCarrier	LeanCode/FourierAnalysis/SM15StateCarrier.lean	0f3fcdbb9c4dfa2b837543abc5094fb5b75e0e8ccdb24e40217355cfddb0d6a2
AX3AxisStructure	LeanCode/Internal/FunctionalAnalysis/AX3AxisStructure.lean	bd87217132a18b5d25af54cdb66933ba3d2045c76dba195034dbf225b279a55b
AX4AxisInterface	LeanCode/Internal/FunctionalAnalysis/AX4AxisInterface.lean	549fa52e6d9706e47b2d302e6b23d857cc3fd9a920b27f59a11a1a4e5c68350c
AX5AxisProof	LeanCode/Internal/FunctionalAnalysis/AX5AxisProof.lean	51b610f984a03640098eced7fc9fa5f84aa7a58bd4dad6e41b21d33e079b5229
AX6AxisConsumer	LeanCode/Internal/FunctionalAnalysis/AX6AxisConsumer.lean	03b500bff68bc7ba7e1415f368c69c78e54afbd9acc84b4ad3871df06729ce24
AX7AxisBridge	LeanCode/Internal/FunctionalAnalysis/AX7AxisBridge.lean	2f35cc66b75d32920b5f78c52d52d2b0b7147b5f609e9b71d302b506caf5f827
AX8AmbientDensity	LeanCode/Internal/FunctionalAnalysis/AX8AmbientDensity.lean	ce5c3cfc4604af7cf05c3a908250f5b4ed7c468cf199c7402d1d3ce4096e6fa9
CP12FullProjection	LeanCode/Internal/FunctionalAnalysis/CP12FullProjection.lean	1429b268a3a317e035fca6bf05962342be0b9c6de0b949931715d8214bad3da3
CP13Goal	LeanCode/Internal/FunctionalAnalysis/CP13Goal.lean	5b0225d9ecfe45d267a006008b6416884c1dbacebbc3bc48a23cee9b7d61e5b0
CQ1DenseExtension	LeanCode/Internal/FunctionalAnalysis/CQ1DenseExtension.lean	6da43a2bc84a9f72b313ec78424d6875078b73bdc9dc4b860f19e603e7d17d15
CQ2CompletedProjection	LeanCode/Internal/FunctionalAnalysis/CQ2CompletedProjection.lean	c561c05946d009109b78acd2f333921eb178a533298a035780fab4bbeff4efca
CP14Consumer	LeanCode/Internal/FunctionalAnalysis/CP14Consumer.lean	831f244372db7e93b16cb12435758abbe3051e6079993b50a10156d886d4e42b
AX9AmbientInterface	LeanCode/Internal/FunctionalAnalysis/AX9AmbientInterface.lean	fc8ac4b503b6efd18f22250b39facba5b2bb81d8c13097b3409b12d5a2f801a2
AX10AmbientProof	LeanCode/Internal/FunctionalAnalysis/AX10AmbientProof.lean	0115830c105d4abb7f2e6690659ecdfc2f49c0832461b2d3ce128b5eb78ece70
AX11AmbientConsumer	LeanCode/Internal/FunctionalAnalysis/AX11AmbientConsumer.lean	a67ae5e9ff6a809a7bdbf2d729d32cc091702d17778225a4e48a2b5203fd579a
AX12ZAmbient	LeanCode/Internal/FunctionalAnalysis/AX12ZAmbient.lean	4e2738663b2298a64e8c338e8f9ef6aa9743c3211be0fb5184e597f17b28abcc
AX13ZDensity	LeanCode/Internal/FunctionalAnalysis/AX13ZDensity.lean	e08f78226ae4b04fd1576f5b2a70b0c2c1e9bf6c3cb5734a5c50efd666cd298c
AX14ZInterface	LeanCode/Internal/FunctionalAnalysis/AX14ZInterface.lean	4caadbc226c405a3edacd8acfd7bb086060f987bf53e867bb35d0f5133b1670c
AX15ZProof	LeanCode/Internal/FunctionalAnalysis/AX15ZProof.lean	303f85fe9f6a1ed23dcdae8905d05f2c5edcd2099112a579ebc075589fa24e43
AX16ZConsumer	LeanCode/Internal/FunctionalAnalysis/AX16ZConsumer.lean	7a20e94e5325fafead271be86b290296d13bacd7e2ccff9f7b1d0921ee7dc266
QP1LiteralMaps	LeanCode/Internal/FunctionalAnalysis/QP1LiteralMaps.lean	56bee6b4b2c72d7dc479852dd8d98198fc1f0ba359de9b371a6d480b4b873315
QP2ModeAlgebra	LeanCode/Internal/FunctionalAnalysis/QP2ModeAlgebra.lean	c18b287d751c7d483d96f7b55ad22b3cdab94f3d42f6c4b376ac1e6a45925427
QP3AffineModes	LeanCode/Internal/FunctionalAnalysis/QP3AffineModes.lean	5d444d1de9c2db55b705b504d05cb961ff513735475885d94f4b3b2026367bb9
QP4ProjectionLaws	LeanCode/Internal/FunctionalAnalysis/QP4ProjectionLaws.lean	b557e03272ab002fdeeef52e54692f8e608b9c59ba3e7fa1b676c6fd2a6ecb3d
QP5Norms	LeanCode/Internal/FunctionalAnalysis/QP5Norms.lean	f032ba0e14f55c92ab9b85144f10475eeb29a3dd0a4a23a4540f7615e4246137
QP6AffineBounds	LeanCode/Internal/FunctionalAnalysis/QP6AffineBounds.lean	d848ffa7aef2a6f9f7915c38bc807b550758c1ae70273cb0461b704a6dff2022
QP7Goal	LeanCode/Internal/FunctionalAnalysis/QP7Goal.lean	a88da149f340ed0139c4f198a1eef87db325f1784bfcd608eb0a9f27dafdab6b
QP8Proof	LeanCode/Internal/FunctionalAnalysis/QP8Proof.lean	31a2e6946828fd070a813cbbbf49c2c0d51543ca10be7213a6af347e550287ad
QP9Consumer	LeanCode/Internal/FunctionalAnalysis/QP9Consumer.lean	ac52fc420c876fa590febd4418f145399aeb07da17ca50266bcf6567dfbf1d66
QS1CanonicalProjections	LeanCode/Internal/FunctionalAnalysis/QS1CanonicalProjections.lean	da9bb9125c677ca43564fd7765d2b46d34fc8d6f1ecd263a8ecfc77891ef4a8b
QR1CoefficientReality	LeanCode/Internal/FunctionalAnalysis/QR1CoefficientReality.lean	d6eea4db45bcadf1816323ec67e2e45d324493c9782f927841bb94267265da41
QR2AmbientReality	LeanCode/Internal/FunctionalAnalysis/QR2AmbientReality.lean	1ba798ca7e8fb7d908c9706dd97537a94dc2dcb6cb6e11694fd7c2590f448cd9
QR3CoreCompatibility	LeanCode/Internal/FunctionalAnalysis/QR3CoreCompatibility.lean	16372c624accd15a9fadc3bff8d010fe88c9df7c6f189507665880d88b033c7c
QS2ClosedRanges	LeanCode/Internal/FunctionalAnalysis/QS2ClosedRanges.lean	525ddcf0e37804c6513891179616ddd8fb170ed36597bb2c9a7ef79f667ae61e
QS3SmoothRanges	LeanCode/Internal/FunctionalAnalysis/QS3SmoothRanges.lean	2b7527c550be4db1c59211f3154685d8651b233fe8d2f5eac2df9b9237e37872
QS4Goal	LeanCode/Internal/FunctionalAnalysis/QS4Goal.lean	3c727b26ca46d2e752418a49fe428ab89814d6089cb50633554d343bf5bc90bc
QS5Consumer	LeanCode/Internal/FunctionalAnalysis/QS5Consumer.lean	06a4078d397924e8d4ae85c7a37acb0d458b886e6f162289bd9f0cfaae623a5e
QR4LiteralReality	LeanCode/Internal/FunctionalAnalysis/QR4LiteralReality.lean	43e86a8b1b15f697e919322396934d014aa8afee79e8b9ed6d55708847b97c4e
QR5JetReality	LeanCode/Internal/FunctionalAnalysis/QR5JetReality.lean	e91d1496678ae10cc2f3474a9aefffea670d320866915ecb390924b3622f3835
QR6QuotientReality	LeanCode/Internal/FunctionalAnalysis/QR6QuotientReality.lean	71ddfa8cf49cf80a40d3e6df1825ab1a94fae696af6cb4c4a3c18734d31d6bfb
QR7CompletedQuotientReality	LeanCode/Internal/FunctionalAnalysis/QR7CompletedQuotientReality.lean	c7326ae86914ae885a1e171782396187e0707109ffa5eb8b02dd351a3e575657
QT1RealRetraction	LeanCode/Internal/FunctionalAnalysis/QT1RealRetraction.lean	a04f7bfb79bcb0e4fff77e1efebdbadd3f0c5746d5815a748afdf0e686db3b9e
QT2SourceDensity	LeanCode/Internal/FunctionalAnalysis/QT2SourceDensity.lean	6c28350fc9a7cee74c594596e530e94f58e975da9fdbac1542392c31fb1e97ea
QR8Consumer	LeanCode/Internal/FunctionalAnalysis/QR8Consumer.lean	09dacd6293c7648cfcf99330f100a1528a8f9a9c4c0d168320792ea0d448e9d9
QR9SeedReality	LeanCode/Internal/FunctionalAnalysis/QR9SeedReality.lean	fd476ed07db0eb109cb7b26fbd38ac081288ff5cc319f055f8210bbc4e37ce73
QR10OperatorReality	LeanCode/Internal/FunctionalAnalysis/QR10OperatorReality.lean	db315af5eeec44ec43d09ed5fbf7fcec2ea3c7b4d484f9d0030db50d2bac701e
QR11SeedCoefficientReality	LeanCode/Internal/FunctionalAnalysis/QR11SeedCoefficientReality.lean	3f59808b4411399c1b2b1cbce96a2ce1e5a04017b7a041bc695df467d5b26af0
QR12MultiplierReality	LeanCode/Internal/FunctionalAnalysis/QR12MultiplierReality.lean	9ab8f8a3ae4b00d3fceed1f60ed46e719be291cc1d93ddd0b27e50a4d5f12acc
QR13ValueReality	LeanCode/Internal/FunctionalAnalysis/QR13ValueReality.lean	f01982c0f5ea16d8ac567c8efd6fe5cd5966c4bd2194cc65780450cdb46fd6fa
QR14GaugeReality	LeanCode/Internal/FunctionalAnalysis/QR14GaugeReality.lean	87ebfabfc3a8922b6e97a1610e5d688bc31d330a4d073e803b5d235a504ab1ea
QR15BoundaryReality	LeanCode/Internal/FunctionalAnalysis/QR15BoundaryReality.lean	a3229491b1a11771a839469b4765b338642576f020655bc238336cf19a719596
QR16StateReality	LeanCode/Internal/FunctionalAnalysis/QR16StateReality.lean	65f11b627ff7d2babaecc2c57164eb78b0e882a3aae7030521d028619be5ab6c
QR17CompletedStateReality	LeanCode/Internal/FunctionalAnalysis/QR17CompletedStateReality.lean	75db11baef7744e637d588744b17cb38decd24cb1fa44d01d03b3782d8e3cd81
QR18Goal	LeanCode/Internal/FunctionalAnalysis/QR18Goal.lean	11ac5bcc7a61b05e3637494e8ca693c0cd01936b5fae487331d9b0e615f210bb
QR19Proof	LeanCode/Internal/FunctionalAnalysis/QR19Proof.lean	5756cc863836e56e937fc4e525e4488f50010f5aa3a8900fe49b6f757f849fe9
QR20Consumer	LeanCode/Internal/FunctionalAnalysis/QR20Consumer.lean	e2f2615a742027878db7be49c2161fd94cea7434fdde3414ccc2988269b51516
QT3StateDensity	LeanCode/Internal/FunctionalAnalysis/QT3StateDensity.lean	301f6358cce6be8ed23ed3d1e93a13260e8430d14ba8da70f33a12158a294e99
QT4NormedCore	LeanCode/Internal/FunctionalAnalysis/QT4NormedCore.lean	2a7ae99144c56d569168071e71c1944d2e4ef55f1d58e4b0ab9f3c01d10b406a
QT5CompletionIsometry	LeanCode/Internal/FunctionalAnalysis/QT5CompletionIsometry.lean	32ef45317c93ee6a3b0c398448edc7c2ce425d929f5d8e3102678d2a12103899
QT6ActualCompletions	LeanCode/Internal/FunctionalAnalysis/QT6ActualCompletions.lean	8eb2ecbcb2bc843135aabe4870d597114ffa43e21cac3f5731f84b442b705034
TameEnvDerivative	LeanCode/Internal/NonlinearAnalysis/TameEnvDerivative.lean	f0e3d482d7f385f490a1acb8adf0855088b4612a37f190f8850621523c20ff25
TameSeriesAlgebra	LeanCode/Internal/NonlinearAnalysis/TameSeriesAlgebra.lean	3d436f6c49c6ebf76682a5dc7599d412ee6655c27ebd82f5608d6555bf8dadb6
TameRootRemainder	LeanCode/Internal/NonlinearAnalysis/TameRootRemainder.lean	4c372b21c7d298c87786161460e532dc30f9562833e7c93648ff5ad47ed6a944
TameRootMajorant	LeanCode/Internal/NonlinearAnalysis/TameRootMajorant.lean	8a1deb5cb0651363981628dfa185b7dd0748b4f2c3a27c336d1c9e155cd25f7f
TameRootQuadratic	LeanCode/Internal/NonlinearAnalysis/TameRootQuadratic.lean	0c49454237632fa98faeeceaacf7f52383a62223309b8a140ec75255f3b868fe
TameRootCollapse	LeanCode/Internal/NonlinearAnalysis/TameRootCollapse.lean	51e521a17d487960e7cfaf9a009845465f902e6ea722677e624692cfd72e7d13
TameRootDerivative	LeanCode/Internal/NonlinearAnalysis/TameRootDerivative.lean	5e46bb06c117bb63c149aab5f737a495b1274c9b7d0f892f70efb8af1ed29d6c
TameTangent	LeanCode/Internal/NonlinearAnalysis/TameTangent.lean	f30a3b4ac8755e6e1f9ae61271a66563f2b8e688278618345a084973e99e694e
TameTangentBridge	LeanCode/Internal/NonlinearAnalysis/TameTangentBridge.lean	1da62ad85f0f9137b71e30e729de4b158c221581708f31717556bf38e0ab6a37
TameTangentDot	LeanCode/Internal/NonlinearAnalysis/TameTangentDot.lean	acfeb26d5fe9fda07be4d5047b2facd317c095e4a499e7ea53a219dbf5bdc24f
TameChartTerms	LeanCode/Internal/NonlinearAnalysis/TameChartTerms.lean	67f95a34cf4b6ad0f8efb5397e4122df8ced9f2f8bf8d0ff9adebfb5af36d241
TameChartTowerDeriv	LeanCode/Internal/NonlinearAnalysis/TameChartTowerDeriv.lean	d3fe776ee6ac6ad84bb673b9a301db7222a02a036202ba1a53c543cc8d24da77
TameChartPerm	LeanCode/Internal/NonlinearAnalysis/TameChartPerm.lean	3307a31e88df5447fd033777da6991c5ffdeeb1af6f32077b8780cf05c501985
TameChartTowerBound	LeanCode/Internal/NonlinearAnalysis/TameChartTowerBound.lean	2748d621de7558fd7613f788cfba5b2e85cabeebabf60389b43bae76c56c4686
TameChartMaster	LeanCode/Internal/NonlinearAnalysis/TameChartMaster.lean	52f3e8f1eed07d0ff7ffe2347cdf35c462eecc468c77d56279aab3c6d170f922
TameChartSum	LeanCode/Internal/NonlinearAnalysis/TameChartSum.lean	120bcae46cae429802c44346f0cfef8c7257ffe5ec03656bb89e802fa243ffde
TameSeedField	LeanCode/Internal/NonlinearAnalysis/TameSeedField.lean	770ec1e38588fc1943b40159d1b1b916fa0d495e075bd22b01147e2eed87ad80
TameChartInterface	LeanCode/Internal/NonlinearAnalysis/TameChartInterface.lean	ce25bf21234428318ee4f18296994212b59f93ba3edecefc121d044d90530979
TameChartRange	LeanCode/Internal/NonlinearAnalysis/TameChartRange.lean	8308593d24c0c59b15591b6e056d15477bab1f0fd5f540ecaf969076e10e5c34
TameChartFamily	LeanCode/Internal/NonlinearAnalysis/TameChartFamily.lean	8cb692bb9cb2b2d01394d605e3f62bd280c87d0cf8a7fa1709c8873e5e3dfd73
TameChartGenuine	LeanCode/Internal/NonlinearAnalysis/TameChartGenuine.lean	8022047d482c2e61c3bc43126df239a21e8131f464a5d7e2f28026c4b2d2af35
TameChartStateBridge	LeanCode/Internal/NonlinearAnalysis/TameChartStateBridge.lean	b8fc2c5754829c5c45ce4144db60b80034df4841a75f30cd6b09325af3894c00
TameChartBound	LeanCode/Internal/NonlinearAnalysis/TameChartBound.lean	e66553f4b0976a53c0be9f1010af397875d73d00a4ee04d20257facc2a0de23c
TameChartGoal	LeanCode/Internal/NonlinearAnalysis/TameChartGoal.lean	5d0fd7f1d485598869a3b418f55c168cd54301c03e8f7c54bc1bbf35e075e4fc
Q24AxisBridge	LeanCode/Internal/NonlinearAnalysis/Q24AxisBridge.lean	9c4fb105a17fd7e661d188328800a244b15cdb0ac8d8c1809d488de8ff5a99d8
Q24AxisComponents	LeanCode/Internal/NonlinearAnalysis/Q24AxisComponents.lean	34082cf907bbdb626df82a35d3f0f82ad1eaf5fff7162cd042d33d08ef9c539d
QT7Goal	LeanCode/Internal/FunctionalAnalysis/QT7Goal.lean	0a209989ca6dcfee3ffcbf2ebf0a5e4b86ee4c119a8e8e63ea9e79733fa000c4
QT8Consumer	LeanCode/Internal/FunctionalAnalysis/QT8Consumer.lean	e05d68fd73fccc4066fb5a72ac12f9311d51382d70ab9bc8739d595e4ca5efed
QU1AxisInclusions	LeanCode/Internal/FunctionalAnalysis/QU1AxisInclusions.lean	4732f5a69ca9356e82f3baf86b50860be66b3e71f626a82cf867657afa6df73f
Q24AxisQuadratic	LeanCode/Internal/NonlinearAnalysis/Q24AxisQuadratic.lean	8ee73d5813bc910c8e978d6fb6e77edfd8eb9d4a4d5dd40479d7c37d5477a77a
Q24FieldLinear	LeanCode/Internal/NonlinearAnalysis/Q24FieldLinear.lean	373ade0f7350ac4fd0fd627d311d1ebbe96b61fa509113f11ae1237096d3f9a7
Q24CompletedChart	LeanCode/Internal/NonlinearAnalysis/Q24CompletedChart.lean	618f9e8e0d2787cc81c3f3c1995f06b6b17c89a1fc08c8084bfed939e5328242
QuotientPolynomialDerivative	LeanCode/Internal/NonlinearAnalysis/QuotientPolynomialDerivative.lean	d71cfe7ebd0db5e55dcc70646544a3244ce19b527574202c2713fcf179912f22
QuotientTermBounds	LeanCode/Internal/NonlinearAnalysis/QuotientTermBounds.lean	68fdd4c91ff4e7ca1180554af37efaab34ea2bfda37b392d868eb2b29f594720
QuotientLowDegreeBounds	LeanCode/Internal/NonlinearAnalysis/QuotientLowDegreeBounds.lean	1f966e1c7a0dcd46eb444ff8a56e618437615481a108787ae3aed66a2770b405
QuotientHighDegreeBounds	LeanCode/Internal/NonlinearAnalysis/QuotientHighDegreeBounds.lean	863b2d7d413ec660eaf2dd88e949fdaf594609567e76fa68cde569cbf45d8540
QuotientWrapBounds	LeanCode/Internal/NonlinearAnalysis/QuotientWrapBounds.lean	0684442953ca56bb50a5727d13ff977bf2d1a5d9c7001dccabc7c459af0203ac
QuotientDerivativeBound	LeanCode/Internal/NonlinearAnalysis/QuotientDerivativeBound.lean	6820445c6918c27faa9b3039894161f359e5670363db0dfc6b0c40d3c790262a
QuotientPolynomialFinal	LeanCode/Internal/NonlinearAnalysis/QuotientPolynomialFinal.lean	56da1967fa5e0605bf4d59d9423e9637bc40324fb7894f1f14fb01a786cef9e8
TameCompositionState	LeanCode/Internal/NonlinearAnalysis/TameCompositionState.lean	4e9577d15681c14abdedef2998934cb926b96f94fc534fcdcd6d9cbc9d4b1e7d
Q24SeedTransfer	LeanCode/Internal/NonlinearAnalysis/Q24SeedTransfer.lean	0e8b33fc0518a1b86cb6748e97e2e535e916f2073985d8115359757000a7a244
Q24PolynomialCarrier	LeanCode/Internal/NonlinearAnalysis/Q24PolynomialCarrier.lean	17065fd31728ec43b84fa1515ddde5bbf2316d00df12c73eba2b239ae9492efb
BanachAdapterInterface	LeanCode/BanachCalculus/BanachAdapterInterface.lean	55770088016bca90c3cd6b960377a2da28f3818e7778fa85f597f0960dafe8d4
BanachAdapterSlot	LeanCode/BanachCalculus/BanachAdapterSlot.lean	60af09b9b171b268303feddb454ba2efb65d1aa2a7ff2aa152801913c41e0ba0
Q24PolynomialExtension	LeanCode/Internal/NonlinearAnalysis/Q24PolynomialExtension.lean	f74c1ebc2dff3ac8ab6a8a9de8468363588d29280eb7a0a56a71efc754e73c1e
Q24CompletedPolynomial	LeanCode/Internal/NonlinearAnalysis/Q24CompletedPolynomial.lean	a65ec9c9188f62bf033cdf8e9590783cb2ef833d1043006731d451dc81eb28d0
TameCompositionCalculus	LeanCode/Internal/NonlinearAnalysis/TameCompositionCalculus.lean	af2e455638d51413aa196f55cbda5f4f0b8f2fb28055a7afe7bb2bf631740595
TameCompositionTerms	LeanCode/Internal/NonlinearAnalysis/TameCompositionTerms.lean	4e7868283beb1baea5ca1febc9b4e8e4c9b1963fac4eb1b61d2c9f5c7a875a09
TameCompositionGenuine	LeanCode/Internal/NonlinearAnalysis/TameCompositionGenuine.lean	992c04c71787a26138b2308ad65ad5fb881afd45967d419b078de8a08c837c25
TameCompositionBound	LeanCode/Internal/NonlinearAnalysis/TameCompositionBound.lean	d92fb7b1c7ce17b109f4883551266743b56e5c8996aa77cf019ac1a24b34ba4b
TameFixedSliceInterface	LeanCode/Internal/NonlinearAnalysis/TameFixedSliceInterface.lean	20bd053b27608fce6b4de3514ad1fd0c86dbb63770772661a1533c73211c0a5e
TameFixedSliceProof	LeanCode/Internal/NonlinearAnalysis/TameFixedSliceProof.lean	02166aa8a0c8235e34d510b3d41b117a16bb3e7bc28a34a7535d516973e2567a
Q24FixedSeedMap	LeanCode/Internal/NonlinearAnalysis/Q24FixedSeedMap.lean	b95bae5f27ced04450e9edf7fa3b15a0a454c531d481b9cca8150605c7bcbf60
Q24DirectionalBridge	LeanCode/Internal/NonlinearAnalysis/Q24DirectionalBridge.lean	68f201131a962184ac54b2da1bbd6b82f6448bd68a9ac847809cd98e20a76701
Q24FixedSeedDerivatives	LeanCode/Internal/NonlinearAnalysis/Q24FixedSeedDerivatives.lean	4aba4c4edeedc2c3abf7be06bb1d26ac133eda81f3e2a8de15d9a198119dbc2a
QU2AmbientInclusions	LeanCode/Internal/FunctionalAnalysis/QU2AmbientInclusions.lean	65aa5a987664c0fda225012ebce327db8b06668f4021df36ca87f420f1661579
QU3AmbientCompatibility	LeanCode/Internal/FunctionalAnalysis/QU3AmbientCompatibility.lean	0489331f01c45c0f553346ad770a724861c1bac519c7c7c82dd7902491af0366
Q24JointGrades	LeanCode/Internal/NonlinearAnalysis/Q24JointGrades.lean	c15c45947aa5c06fb750698a1fd1bd31c48fc770c14952c1ced9db92de2b19ba
Q24DensityBounds	LeanCode/Internal/NonlinearAnalysis/Q24DensityBounds.lean	30c3b88cfbf9b1ea3f04a6e1535c13dd62371c5cec9f5bc041b889a2c5a01249
Q24CompletedBounds	LeanCode/Internal/NonlinearAnalysis/Q24CompletedBounds.lean	01229566ff001722d843f33ed3243a6c14fd3e31a48568ac3ef98e2ccca1f34a
Q24GradeCompatibility	LeanCode/Internal/NonlinearAnalysis/Q24GradeCompatibility.lean	675e7f9c9ee4fcb562d03d2fb0a02f85ddeee83bdf87528e90304c9881a8a52c
QU4ConstrainedInclusions	LeanCode/Internal/FunctionalAnalysis/QU4ConstrainedInclusions.lean	f67a328c778bf091373f84a72e4a843dd7287c5fe9021da038e40cefa0ae0469
QU5Goal	LeanCode/Internal/FunctionalAnalysis/QU5Goal.lean	528c18827a4ff6d4929f8fd9013df40f78b8a4ab38def2adce60e3dd2b5c246b
QU6Consumer	LeanCode/Internal/FunctionalAnalysis/QU6Consumer.lean	9b657f5f14f719e9ec90beb67e4909d68650b9f68bf556ee0c434f51e457d4b4
QW1TransferReality	LeanCode/Internal/FunctionalAnalysis/QW1TransferReality.lean	41dfdd71242964ac3dc1463018927c058d6474443fa73f7ea65997162a5f783a
QW2TransferConstraints	LeanCode/Internal/FunctionalAnalysis/QW2TransferConstraints.lean	c47046be908739e4242bd076db14613faf317122cc0afd56ce502e82145740d1
QW3CoreTransfer	LeanCode/Internal/FunctionalAnalysis/QW3CoreTransfer.lean	edb289090fd8efce1ef29558e9ff261a2ef63a83b47877a82674f5f5cf4c8d7e
QW4CoreEquivalence	LeanCode/Internal/FunctionalAnalysis/QW4CoreEquivalence.lean	789e1948e2c55d73aa9cd6a71acd85b75b6e79ca9b759b959cd91b72b8867c45
QW5CoreGoal	LeanCode/Internal/FunctionalAnalysis/QW5CoreGoal.lean	e446353fcd6960c5f227a2efc843ec3da521e31e74893f813def048fe86e67a4
QW6CompletedTransfer	LeanCode/Internal/FunctionalAnalysis/QW6CompletedTransfer.lean	2ddf97c54a8f87e2484ba168537e3a9b02f61d81ac1bae5053a51937ef3fc68a
QW7CompletedEquivalence	LeanCode/Internal/FunctionalAnalysis/QW7CompletedEquivalence.lean	e58ccc24075cfbfccb250ec5e15a4cd4b4345254a7a6c9b0ece9effafc7107e9
QW8GradeCompatibility	LeanCode/Internal/FunctionalAnalysis/QW8GradeCompatibility.lean	4cea0ba657ac03f9d67ed0033c4e686af697a9f3be6c449f702f145250f36e1e
QW9Goal	LeanCode/Internal/FunctionalAnalysis/QW9Goal.lean	fb654d4b09d74c457d5ac6e66970720df9e088f184686cf899a0503dc88028ea
QW10Consumer	LeanCode/Internal/FunctionalAnalysis/QW10Consumer.lean	0ed20b3268bfcd84cf3e095efbda5c0910b7efcc4e27e1f98b38312a147888c2
Q24ActualTransfer	LeanCode/Internal/NonlinearAnalysis/Q24ActualTransfer.lean	a0aa4125a27108cb8dd57a6a8f7132ffd568a018e54c809aa4a8cfe3d891e935
Q24RealDomain	LeanCode/Internal/NonlinearAnalysis/Q24RealDomain.lean	8b0434c545b1f367af2d46528e8be106f6ee2ae8517d9297644f38cf06ba487b
Q24ClosedRange	LeanCode/Internal/NonlinearAnalysis/Q24ClosedRange.lean	db344067309a359aff4b761de6cfcb7baddff2bd45316181e458fe3e33c6075c
Q24RealDerivatives	LeanCode/Internal/NonlinearAnalysis/Q24RealDerivatives.lean	12500857f9ae581bafd4f6d7a54155093747a097052c7d77eb8347bc2173d738
QO1AxisAlgebra	LeanCode/Internal/NonlinearAnalysis/QO1AxisAlgebra.lean	248a99ff34bdbe1b4c12cc5ade8e960366a062fd2e23b0ed08947eee95ccaedc
QO3AngularCoordinates	LeanCode/Internal/NonlinearAnalysis/QO3AngularCoordinates.lean	d495164e179dca650d8657bc197fc7cdb7e413ca14d4ef1c56cafccff9b4547e
QO4ModeKernel	LeanCode/Internal/NonlinearAnalysis/QO4ModeKernel.lean	abee1c3e0e52acaf4b5d5dd85286ea3ffeb08e06f46da305f272a240f80956db
RotationAverageDifferential	LeanCode/Applications/MHS/RotationAverageDifferential.lean	3e6bdd9bb3f471c7b7600b73073bf181237799c8446a99fbaca1811cfcd247e8
QO5EulerMean	LeanCode/Internal/NonlinearAnalysis/QO5EulerMean.lean	d7d7f3077f693d206683ac40d1fac06788e11fb8c2b0889e5f81d358580f630c
QO6RadialMean	LeanCode/Internal/NonlinearAnalysis/QO6RadialMean.lean	d8ddbd373118c4e0109e2756761893fb2df39d42689200b001accbc5ed7a2d44
QO2AffineTrace	LeanCode/Internal/NonlinearAnalysis/QO2AffineTrace.lean	f571051096c7524c2ed8378802491d0a337b105c35a5b194a09178ff9cd44be3
QO7LiteralMean	LeanCode/Internal/NonlinearAnalysis/QO7LiteralMean.lean	e0b9f1721139a932ce0fc4321510a75e7d5057c8a4e50acc16a5f6c75dfbcfbb
QO8DifferentialReality	LeanCode/Internal/NonlinearAnalysis/QO8DifferentialReality.lean	01d3977fb70555bc18e18a4d2d60db3d8b4f0ecb3a7ec35944f79f108a02e055
RootUnitValue	LeanCode/Internal/NonlinearAnalysis/RootUnitValue.lean	14689962fdf0c68d5a78c07bdfc5217391e66711a5cc2770e2a66953ac8396d1
RootUnitReal	LeanCode/Internal/NonlinearAnalysis/RootUnitReal.lean	00d5c0e76ce8131a775e662fe1184dcfa19a29e2638c60ea37ac44b13a7be41e
RootUnitInterface	LeanCode/Internal/NonlinearAnalysis/RootUnitInterface.lean	7bcf443b142f61c756ff42b53a21fc05be957834a54b5d55017142034d992df3
RootUnitScalar	LeanCode/Internal/NonlinearAnalysis/RootUnitScalar.lean	78d92633aa5b539395c31db194f5c79a547b5a419b2d6ddd9946149256c00802
RootUnitIdentity	LeanCode/Internal/NonlinearAnalysis/RootUnitIdentity.lean	ad071f6c03158370969cb779408a570fccdbccedaa6a68833e2c85bd7cd7d796
QO12FourierNormalization	LeanCode/Internal/NonlinearAnalysis/QO12FourierNormalization.lean	a95c7bcb1a5c3baa78f3b0776ebe6bb916e99e9cb56616536046196056813c60
QO9ProductReality	LeanCode/Internal/NonlinearAnalysis/QO9ProductReality.lean	69e3b558d219cbb87fbaa2afa423eb942db82e08c35bc599044a7bf036e79479
QO10RadialReality	LeanCode/Internal/NonlinearAnalysis/QO10RadialReality.lean	c11d56af2bd41f08dc5e1443d1c8dc65c8431b8a96f1da226c0e48f1deea9c90
QO11LiteralReality	LeanCode/Internal/NonlinearAnalysis/QO11LiteralReality.lean	0123a0800bd229bfb805091c85e794958df71dae5b768ce0b6db45747b435572
QO13PhysicalValues	LeanCode/Internal/NonlinearAnalysis/QO13PhysicalValues.lean	cf8d90a3ca09a592cb87d439fe1f13538ecd3630e4b430254c99084ffb42e2e4
QO14PhysicalProduct	LeanCode/Internal/NonlinearAnalysis/QO14PhysicalProduct.lean	97c4c419946e4ba88d8aedb03d6914a344a4bc76057dcbae78d8cc28f4a860e3
QO15ChartFirstJet	LeanCode/Internal/NonlinearAnalysis/QO15ChartFirstJet.lean	69994d38232fe65060d6e7271aad875f5441da61ffcc55665cde416d5dd72bbc
QO16ChartNormalization	LeanCode/Internal/NonlinearAnalysis/QO16ChartNormalization.lean	808eb0f47df92488a0e8eb0bc2d330285670cef8e190dda254a0ed31f777c8d0
QO17ScalarMean	LeanCode/Internal/NonlinearAnalysis/QO17ScalarMean.lean	455e9a7a46a8fc717564ac73036cda78ae297061133938bcf615b43ed7161b4f
QO18ChartReality	LeanCode/Internal/NonlinearAnalysis/QO18ChartReality.lean	b6f24eb2d8841349218d7f38fcdaad0e7d4f74226234c75dd27954773d2c66b6
QO19NormalizedRange	LeanCode/Internal/NonlinearAnalysis/QO19NormalizedRange.lean	674df9cf7c327c3058cfba939393b5db882de360bc0ee61d9987387a14104e80
QO20FixedSliceRange	LeanCode/Internal/NonlinearAnalysis/QO20FixedSliceRange.lean	d7111a9e3ccc544a9a8467ce199eabe4d07a5a4148136c3ccd09f04c52019092
QO21ConstrainedConsumer	LeanCode/Internal/NonlinearAnalysis/QO21ConstrainedConsumer.lean	1ffdc192aac5f522f3e86540c60b0178137d760bbdc48232fc936efbfa15d2e7
QY1ActualRange	LeanCode/Internal/NonlinearAnalysis/QY1ActualRange.lean	87c3fe070821c49bec7249feac731b65f3f47fb755429dc18c01097562b11554
QY2ExactRestriction	LeanCode/Internal/NonlinearAnalysis/QY2ExactRestriction.lean	27d3b1d32fb7c6944ee3a3d34a182bba0ce0109d68a05a197e676a582de01533
QY3FixedCodomain	LeanCode/Internal/NonlinearAnalysis/QY3FixedCodomain.lean	6ff585ec83300b533ee81de09b5be74fe6dacfa64ab7ba4fb1f3f26fb8d2ca7e
QY4FixedDerivatives	LeanCode/Internal/NonlinearAnalysis/QY4FixedDerivatives.lean	b240bcb1b4b797fd8f7aa69242e74135e002f078d609674f856da0b619a5baaf
QY5FixedGrades	LeanCode/Internal/NonlinearAnalysis/QY5FixedGrades.lean	8aa2187ddb86fb85592d6c055b603113d0b945925e3f0fbef6401c8b1d7f7cdf
QZ1StateDirections	LeanCode/Internal/NonlinearAnalysis/QZ1StateDirections.lean	5918f2e2ceb2eb41ab2e674ef0f04787fc8962efed26f35ddc54726e554eb2fe
QZ2ActualForward	LeanCode/Internal/NonlinearAnalysis/QZ2ActualForward.lean	49e0b929d7d2c88a2081c4c4b0c6f39d27068834769427c28e6145f9672a7128
QZ3ForwardBounds	LeanCode/Internal/NonlinearAnalysis/QZ3ForwardBounds.lean	a9d16b084f185db12e1c1e41d1b444b4d2dbcbba0ea0dab8cd9148f18fc88ec1
QZ4CoreLinear	LeanCode/Internal/NonlinearAnalysis/QZ4CoreLinear.lean	c35cf3b8b5c83e05ccbdb0bfde35fced9ee1bccda5c0de8461ed518f023bf7c0
QZ5Goal	LeanCode/Internal/NonlinearAnalysis/QZ5Goal.lean	f5b02ef9eab21d7c6e8ef145976ccebf2cc52f4bcbaaa601c8c3f3362629d109
QZ6Consumer	LeanCode/Internal/NonlinearAnalysis/QZ6Consumer.lean	ebf97af3738063cdf1754fda93a9e049049d3316a2e2bdcec88abb3f10168e52
QX1RawReconstruction	LeanCode/Internal/NonlinearAnalysis/QX1RawReconstruction.lean	ca9642ba838eac88130e542f709f2ab64cab3cd9b721c72cd6b9b9de7a0bfa79
QX2RawFirstPair	LeanCode/Internal/NonlinearAnalysis/QX2RawFirstPair.lean	3177ed98c79e6d1e66671e19e939bc58c8c8fb36173d1cf4a18dea2dbffd6d56
QX3DeterminantAlgebra	LeanCode/Internal/NonlinearAnalysis/QX3DeterminantAlgebra.lean	9cc4619a2fb7781c2e9b0e8d3aff14b638a108418bbe0b4b5cfdc551e538f9fd
QX4RawDeterminant	LeanCode/Internal/NonlinearAnalysis/QX4RawDeterminant.lean	da70300ec997591df6b24b0bf73b3e5f85a76f57e6654eb6ab0f75cc8ef29108
QX5RawBounds	LeanCode/Internal/NonlinearAnalysis/QX5RawBounds.lean	220ec01c69342f3b15e159eb30f508e772892449c70fd7901d368cf6b4a4d7f0
QX6RawCoreIdentity	LeanCode/Internal/NonlinearAnalysis/QX6RawCoreIdentity.lean	331d2494d28f4b2f907662dade62717e0d9fb878b1f6d6457fc70b178326bd61
QX7RawDerivative	LeanCode/Internal/NonlinearAnalysis/QX7RawDerivative.lean	d6431d7dba145fdbe91c8bf6b0163ff3fa468ed20a6dac8d9ba3512266f0bdf0
QX8Consumer	LeanCode/Internal/NonlinearAnalysis/QX8Consumer.lean	93ff262f3eb2102accf9b481276f1bb97e3fb4489b7ba5c2ddb22cce94d7729c
AXC1ChartChain	LeanCode/Internal/NonlinearAnalysis/AXC1ChartChain.lean	68a3e1e33ae0d1824a04272433db64d5d8d0a65fe5ec90e4119c6a5725a5febc
AXC2ChartOrigin	LeanCode/Internal/NonlinearAnalysis/AXC2ChartOrigin.lean	e8864d362faca5eea7be33e246a665961e1eef01b2f28b348554b11cd1025c2c
AXC3TangentialTrace	LeanCode/Internal/NonlinearAnalysis/AXC3TangentialTrace.lean	390ec8055d74a81a53eaa39c853295723d7f3be3a6eaf58d6dd3d44e3ae4337b
AXC4ActualExtraction	LeanCode/Internal/NonlinearAnalysis/AXC4ActualExtraction.lean	d98332c6dfd5d27df02ae0da9098d7b035b66b733bee65d4d2b712d3682ba5b8
AXC5DataLinear	LeanCode/Internal/NonlinearAnalysis/AXC5DataLinear.lean	280c0dfc9be1c1d3a43da62fc8e112c489dd1042c099dfea8bfc2858fa21b589
AXC6CompletedExtraction	LeanCode/Internal/NonlinearAnalysis/AXC6CompletedExtraction.lean	2d3bc9294bc5da4962e2f81c07db465464c1d2d838b8e69cb2a75f0c0c7544d6
AXC7ExtractionConsumer	LeanCode/Internal/NonlinearAnalysis/AXC7ExtractionConsumer.lean	a2f5fa507376d900c58572479d4e86d051680d29ef44e9bed43e43c200bd4503
AXC10ExtractionReality	LeanCode/Internal/NonlinearAnalysis/AXC10ExtractionReality.lean	ee5267a507766e2b6fdf9da8c03274b26f7d91b5a88dbb596345b412b537cd79
AXC8ExtractionGoal	LeanCode/Internal/NonlinearAnalysis/AXC8ExtractionGoal.lean	66f135c7328e4d129da8e4f8c27b40cdd5f6fc1111b03806480b715805cadeb5
AXL0RadialCap	LeanCode/Internal/NonlinearAnalysis/AXL0RadialCap.lean	e81798c9cea70207a951af3607aa505bfbe93cdbbefff36833e5082636945ed4
AXL1CutoffJets	LeanCode/Internal/NonlinearAnalysis/AXL1CutoffJets.lean	57398af1d0e95b8fa1ee1647b0def0cdfebb1c1fabf6fd6fbd959a57d46c0552
AXL2AffineRemainder	LeanCode/Internal/NonlinearAnalysis/AXL2AffineRemainder.lean	0dbfcd990c99451828ff790cc8af369eec0d6e45cd20122faec9047ed6ddb41a
AXL3PhysicalCutoff	LeanCode/Internal/NonlinearAnalysis/AXL3PhysicalCutoff.lean	d613b2333652692d4b68ecf362233bccab6279fa0486e1bc251e9b68303357a5
AXL4RadialActions	LeanCode/Internal/NonlinearAnalysis/AXL4RadialActions.lean	8af42fbbd695dcdcf50b83e4359af71bbb740ca8cc6d160462021a2b65d7285f
PCO1PhysicalCoordinates	LeanCode/Internal/NonlinearAnalysis/PCO1PhysicalCoordinates.lean	a6385786af4bdf4196392a9802854f067c037eaf8154ea14644d76f978c900e8
PCO2PhysicalChartRange	LeanCode/Internal/NonlinearAnalysis/PCO2PhysicalChartRange.lean	193f82a530375ca4cea978cb4b0b7c850a18c87fa5bac706733128df765102f6
AXL5ScalarGauge	LeanCode/Internal/NonlinearAnalysis/AXL5ScalarGauge.lean	dcdaef0bb82a6c0d98fee0b76163275c79a5647bbd9c3f383a5ff6602c6d41b6
AXL6LinearTangential	LeanCode/Internal/NonlinearAnalysis/AXL6LinearTangential.lean	4b395e98d7b7b5f8715fdc2500e7f757c2b3bd130e0a8b5fbd32891bbdec8a3f
AXL7PhysicalLinearGauge	LeanCode/Internal/NonlinearAnalysis/AXL7PhysicalLinearGauge.lean	dca29df74967269e12de00a92983f1a79a3e532ba112d998a8b55370818f28c7
AXL8SeedPoloidal	LeanCode/Internal/NonlinearAnalysis/AXL8SeedPoloidal.lean	91180f7d488870a22a000f8c9a066d913076d38fed4ec091532452620b10d892
AXL9StoredPoloidal	LeanCode/Internal/NonlinearAnalysis/AXL9StoredPoloidal.lean	c9b16512f18d2ba2abc857de76f0e93df80b2705af19ae6eda344de11f9b1f87
AXL10QuadraticMean	LeanCode/Internal/NonlinearAnalysis/AXL10QuadraticMean.lean	4d6d6e27242047a8a0aced3a890cb46320ed6245be0a1aaeaa7484504446c433
AXL11AngularFourier	LeanCode/Internal/NonlinearAnalysis/AXL11AngularFourier.lean	2da4454fe5ae1258b8a6eabe8f2b86b4c3d6c0aac6850951f81e9e08cc0ccd64
GC18CoreRealization	LeanCode/Internal/PhysicalAnalysis/GC18CoreRealization.lean	35fbf2624869c939129dba102892ef5ba0b8dcb01232db33b247c32b733a8fd6
GC18CartesianContinuity	LeanCode/Internal/PhysicalAnalysis/GC18CartesianContinuity.lean	a3e65fcccbed5f996f6a4f18a2667fdd9f6920fc6d36f6f2fb51cfb3637dbe3c
GC18MomentOperators	LeanCode/Internal/PhysicalAnalysis/GC18MomentOperators.lean	7b30dac9f32701450b57af950525dcaf31e8962ce531b5a4e95c74098c56433a
GC18ActualMoments	LeanCode/Internal/PhysicalAnalysis/GC18ActualMoments.lean	7c44351b0f42220610aec1e936dfcab365c821006f881cb746d7548b3a03b847
GC18RadialValues	LeanCode/Internal/PhysicalAnalysis/GC18RadialValues.lean	528be07af1c6fda40d4f68dc13e08c69eed2031fd20149a1c3ea5ae06e249cb1
GC18MeanProducts	LeanCode/Internal/PhysicalAnalysis/GC18MeanProducts.lean	3daa29d3846b463e1240c2e7dafcb9e53386300ad502cc9a265ca16a3e7b236c
GC18ProfileAlgebra	LeanCode/Internal/PhysicalAnalysis/GC18ProfileAlgebra.lean	36bad57ef03d10e394a7eaa1ae60132e6aefaacb741ccdabfb15149084650221
GC18ActualGaugeAction	LeanCode/Internal/PhysicalAnalysis/GC18ActualGaugeAction.lean	ef227c6f3bc61ae882d1bb302995ddf3b4e4dbc05545e8b90f455a2fbda4cf6d
GC18RangePreservation	LeanCode/Internal/PhysicalAnalysis/GC18RangePreservation.lean	b0b4ea69e3b2f7a1ef6d71da1c04e32f257aa3575de9042bf39e109ba15006c0
GC18RangeInverse	LeanCode/Internal/PhysicalAnalysis/GC18RangeInverse.lean	84a0971dcd9c64237312e7d4eaf9b4ee6d653b5b916617d2df6cbd9728f60799
GC18APFixedJet	LeanCode/Internal/PhysicalAnalysis/GC18APFixedJet.lean	c8aa8f07f89b024568c97af0eca3a52f86c0192e6598524962615e0f3628b56e
GC18APFiniteCore	LeanCode/Internal/PhysicalAnalysis/GC18APFiniteCore.lean	78ad8e7ba63f0dc22bd2bb9a427ad1d079ecdf4773313facddf2d96248835026
GC18APFiniteDensity	LeanCode/Internal/PhysicalAnalysis/GC18APFiniteDensity.lean	148876e959db634d3135049680e895c90f4711ed2b35024351ab9f3355d95b40
GC18APProjection	LeanCode/Internal/PhysicalAnalysis/GC18APProjection.lean	8c2bb7986c7acac1ac562118cb2a05e394a9efa99d4e2945315fed0d73f3e973
WTCSmooth	LeanCode/Internal/FunctionalAnalysis/WTCSmooth.lean	27f3712c0c0325ed78b9b1d7c8d0c415b8f0663277669c1e89a530174af51c9a
WTCProof	LeanCode/Internal/FunctionalAnalysis/WTCProof.lean	1e13da79067db5d67abad7c1c7cdfb32b8599f21d43509545bed1395afacdda0
GC18APWeakPairing	LeanCode/Internal/PhysicalAnalysis/GC18APWeakPairing.lean	ebad4a7f717cb4be68ec33edcba2116530e3712ae33e3ed1e3cbe955c90c6cfc
GC18APIntegrationByParts	LeanCode/Internal/PhysicalAnalysis/GC18APIntegrationByParts.lean	f59dc918dacf1de1993bb941e6e5ae54e64a0170b47c968e506867e2d8f06f91
GC18APWeakCore	LeanCode/Internal/PhysicalAnalysis/GC18APWeakCore.lean	7b9e0de2c0227e845473e05427f6abd6d29742cdeb44b168b255423683cff822
GC18APCoordinates	LeanCode/Internal/PhysicalAnalysis/GC18APCoordinates.lean	b66e4a286a38326c7e4ea75350cdad369393cb9ab8a0cf1354a5bbae9d58b221
GC18APFaithful	LeanCode/Internal/PhysicalAnalysis/GC18APFaithful.lean	7d253c4fe09c226730eb546895239b35efafe5af062addfc19913a62e7382be3
GC18APSupBound	LeanCode/Internal/PhysicalAnalysis/GC18APSupBound.lean	5c48652380d9fb3599a6e20c6adb433b42697fd3d9c6efb9d2aeea5bb410e389
GC18DenseExtension	LeanCode/Internal/PhysicalAnalysis/GC18DenseExtension.lean	605cabf6de08928e35d0677a74f378e38e3482da72c8c2e188a8c902d8d06a30
GC18APTrace	LeanCode/Internal/PhysicalAnalysis/GC18APTrace.lean	f6622c4c75df4278db692f5071e6c431c8c67112b3449e1aedb456dd3142ea52
GC18APUnweight	LeanCode/Internal/PhysicalAnalysis/GC18APUnweight.lean	fff94bbea2acc62db2abce69e2e746b2479317a662be1efb830cd92fc347f8bb
GC18APFourier	LeanCode/Internal/PhysicalAnalysis/GC18APFourier.lean	c3afe1b28b0b8f6fc6ca5f4a2fc65c102069e00f5b3aa6860e7374ada47539d2
GC18CMapAngular	LeanCode/Internal/PhysicalAnalysis/GC18CMapAngular.lean	8a382e57b2efa4738b95a2090e67cc4d3267a4582aec65cca8899a298bd59ea4
GC18CMapComplement	LeanCode/Internal/PhysicalAnalysis/GC18CMapComplement.lean	6ea283553001feddc4a1197f7a64704ffaf1efd6cb2992a09f557f6237009498
GC18APComplementValue	LeanCode/Internal/PhysicalAnalysis/GC18APComplementValue.lean	3aa40b53a329466ce37779e8bbdd5c9966ac93a6eb114b47e1ee7812c27e1366
GC18CMapCoefficient	LeanCode/Internal/PhysicalAnalysis/GC18CMapCoefficient.lean	ff631dfc1fce33d6fd93ed7e25d07d378eca3e405c95d1288a5dc7f99ce97a25
GC18CMapAction	LeanCode/Internal/PhysicalAnalysis/GC18CMapAction.lean	3b4ae7373b091c72ffcecd73c47b0d5d07f39b93ad9fb5ef440ca4ada7144cfc
GC18APSingleValue	LeanCode/Internal/PhysicalAnalysis/GC18APSingleValue.lean	8daebbe0986a811bba11c26ba8d580f28ab0c74cec57ea8ce98300933e2b335a
GC18APBilinearCompleted	LeanCode/Internal/PhysicalAnalysis/GC18APBilinearCompleted.lean	7c67147b7c912351ee08ef189ea45c34bfe8e44f25b2880da41ba5fd3cdf3098
GC18APGeneratorExt	LeanCode/Internal/PhysicalAnalysis/GC18APGeneratorExt.lean	eb6d3e8d8ca6cfb8a4987f679aa1df0321d84147e9960f2bf59b4fc1e0bfb700
GC18APMultiplierValue	LeanCode/Internal/PhysicalAnalysis/GC18APMultiplierValue.lean	b662c29d7bc7f2c16cd959a493ee821ffc49156e2c6d12b64f63057badc3efd3
GC18APInverseHigh	LeanCode/Internal/PhysicalAnalysis/GC18APInverseHigh.lean	8952147976343c70e7853359b011f8290c6b0783562170f2334e10902c2051b8
GC18APL2Weights	LeanCode/Internal/PhysicalAnalysis/GC18APL2Weights.lean	8cfc7839df4180988a65822cea48689f36dd3891c2243a828462379f14558128
GC18APL2Fourier	LeanCode/Internal/PhysicalAnalysis/GC18APL2Fourier.lean	e9a1142b58ba54d3afc54c3d7cdcd2c412fcc2d2a6ee8d13f89f14da39496770
GC18APL2Product	LeanCode/Internal/PhysicalAnalysis/GC18APL2Product.lean	b94ae77b8579fc58d39bb6341b1c10346de9b7d4d66e4adef4ed4778087ab348
GC18APLowering	LeanCode/Internal/PhysicalAnalysis/GC18APLowering.lean	ce6c7d30cdf52e8c634fee770914feb1d7fef9287383cdf3c80f054a1419bc1a
GC18APGradeCompatibility	LeanCode/Internal/PhysicalAnalysis/GC18APGradeCompatibility.lean	addcedb8c20d7a42ca1f70ebfce05dca70d3b0d8cfa67005474e13a0a94e8558
GC18DenseInverseTransfer	LeanCode/Internal/PhysicalAnalysis/GC18DenseInverseTransfer.lean	66b7b5dd8f238508bfd3412dab6b8eeeae7e834836c57ac50f6ce2ca54f31251
GC18APInverseAll	LeanCode/Internal/PhysicalAnalysis/GC18APInverseAll.lean	b9a2726d80d6070d71bb866f31ea7fcb7329c6e5578c1dead08e793fbb567627
GC18PublicConstruction	LeanCode/Internal/PhysicalAnalysis/GC18PublicConstruction.lean	168624717d80ac699010b86c1aa1f9c1675417edc8efebcfe14ce9098b2e619a
GC18Consumer	LeanCode/Internal/PhysicalAnalysis/GC18Consumer.lean	4344c2ea65fa0b42d31abd731d86391f2a9dd74602aba53e4ab9ef4c21d3860d
GQ1ActualProjection	LeanCode/Internal/PhysicalAnalysis/GQ1ActualProjection.lean	3a8817623e1e0f90af2841b7bf38d15ff5aea5057aec6bab02ada6963befd446
GQ2ActualRanges	LeanCode/Internal/PhysicalAnalysis/GQ2ActualRanges.lean	9f5afc59a9959630010e51e8952ebd6787dc92c75d74dd0cd58a71026ecfae79
GQ5ActualLedgerProjection	LeanCode/Internal/PhysicalAnalysis/GQ5ActualLedgerProjection.lean	d1f0326de4c49f7f59c93f833089926a2121bf32eb8cffec243d19882dc4b562
GQ6PhysicalMeans	LeanCode/Internal/PhysicalAnalysis/GQ6PhysicalMeans.lean	dc10246cb2d2abc9a0ec5d20bec0bf501dbb603b467c807eacf5a15b386d6748
GQ7PhysicalRows	LeanCode/Internal/PhysicalAnalysis/GQ7PhysicalRows.lean	46ee60168b1742e931cc0142b1208952d0baba21bc773532a9b1a6b96a413af9
GQ8PhysicalScaling	LeanCode/Internal/PhysicalAnalysis/GQ8PhysicalScaling.lean	706c85b1bed200255c8b211440bbc54ace2538d184716e76435bbc3186ad0638
GQ9PhysicalGaugeConsumer	LeanCode/Internal/PhysicalAnalysis/GQ9PhysicalGaugeConsumer.lean	341d03c00cecbddf384995fe84644d9140a3562d163136aac80e36840f1ada88
GQ3RotationCore	LeanCode/Internal/PhysicalAnalysis/GQ3RotationCore.lean	615202bfc7ac1e0363f274fef6e008ee4fbefc7515fe57e83e5b4c4832fce6a4
GQ4ComplementRotation	LeanCode/Internal/PhysicalAnalysis/GQ4ComplementRotation.lean	c0b7fcb987bb1558129adea6f6d380877bcf4de4491711f406dc3cd95c88ba09
GQ10CompletedQuarter	LeanCode/Internal/PhysicalAnalysis/GQ10CompletedQuarter.lean	96b0a500a92986bb7fbc0fabe2ab1c4abbeb0e1c6b118cd640761dec1ebf86bc
GQ11AngularWeakCore	LeanCode/Internal/PhysicalAnalysis/GQ11AngularWeakCore.lean	1f444f42b62a83e1d116d15c5d1565789d9817c28a1430d34b1bf877ad2c820a
GQ12CompletedAngularAction	LeanCode/Internal/PhysicalAnalysis/GQ12CompletedAngularAction.lean	4dd30c2f4fa9d928b314d069824e0e40ce30698885534784a142077dd8f4d696
GQ13TransferPrerequisite	LeanCode/Internal/PhysicalAnalysis/GQ13TransferPrerequisite.lean	eaadc61a9fec9c1eeed09fd5daf253ccc91d922ce395c78e52423b858055491f
GQ14AxisFlatness	LeanCode/Internal/PhysicalAnalysis/GQ14AxisFlatness.lean	a42ac8ea3613814a1e156afd7d3b819f9b3426764b1ee04187f86db08ff1eaff
GQ15AngularFlatness	LeanCode/Internal/PhysicalAnalysis/GQ15AngularFlatness.lean	32ad4e5492f0108e4a7cf1011894b4a086c99fdaf5ce03b4cb89d86d6073cca0
GQ16ActualFlatness	LeanCode/Internal/PhysicalAnalysis/GQ16ActualFlatness.lean	a0caff5101cd23cdb7210b5ddcfa823fead92727f76d29671ae74ad8355f2796
GQ17ClosedJetConsumer	LeanCode/Internal/PhysicalAnalysis/GQ17ClosedJetConsumer.lean	329b43b000250875c3103f13850f626968d94bb53f37135f095f472469297f5d
GQC1ClosedDerivative	LeanCode/Internal/PhysicalAnalysis/GQC1ClosedDerivative.lean	a4592b20f77809300cbc278cc22f2cf87b3d6f4d7fcf50d6c87e4a5a69f84660
GQC2CoefficientCoordinates	LeanCode/Internal/PhysicalAnalysis/GQC2CoefficientCoordinates.lean	b72d0021d22d7882130a364982a294231ee7ff8151aa70631d2151018f459eb7
GQC3SmoothFirstDerivative	LeanCode/Internal/PhysicalAnalysis/GQC3SmoothFirstDerivative.lean	4ef278b81e7524d607544549137a5e73f2f7962a5d91ef3704ab39624d032bfe
GQC4FirstDerivativeGraph	LeanCode/Internal/PhysicalAnalysis/GQC4FirstDerivativeGraph.lean	bdcd04fdfe6e974e8be39b89373bf263d6033f0358c3980df9f806f356fda5ac
GQC5ActualFirstDerivative	LeanCode/Internal/PhysicalAnalysis/GQC5ActualFirstDerivative.lean	e714eae1c74543a2ff9b0a5cf40509048a961feef0d1b31b7ec43bde205fa5d7
GQC6CoherentDifferentials	LeanCode/Internal/PhysicalAnalysis/GQC6CoherentDifferentials.lean	0a9b62de994aa4d7034ea2ca765ebc5c318516eb095af7bb32fcacbec5980449
GQC7ClosedSmoothTower	LeanCode/Internal/PhysicalAnalysis/GQC7ClosedSmoothTower.lean	e0b755364f7e1776cc63a4d9601ceff46b47430cde5b1fbacff1552823a8bb75
GQC8ActualSmoothCoefficient	LeanCode/Internal/PhysicalAnalysis/GQC8ActualSmoothCoefficient.lean	c666235acc6ed1a134acc9547b2da0b20103f4fcbec2ab4b57631ebe22c58263
AKAA3ActualAllocatedCoefficientBounds	LeanCode/Internal/PhysicalAnalysis/AKAA3ActualAllocatedCoefficientBounds.lean	1964fb61d5adf7603278c2856b5a5cfa809abbeebda415b4fbba64fe9728c549
AKAA4ActualFullCellKernel	LeanCode/Internal/PhysicalAnalysis/AKAA4ActualFullCellKernel.lean	3c416fda2f78679b8b162964d9ededb135c90416f893e933bb35143248df1e68
GC21Boundary	LeanCode/Internal/PhysicalAnalysis/GC21Boundary.lean	2c4882f2a3cac10bc6b5c8cb08c44678f7c7dd97fefbbbd735ec6710af7e53ea
GC21CollarDensity	LeanCode/Internal/PhysicalAnalysis/GC21CollarDensity.lean	6265fd18643df2f5272433bed665a854428f58cec0897b16b08371d9d2f73e00
GC21FrequencyEnergy	LeanCode/Internal/PhysicalAnalysis/GC21FrequencyEnergy.lean	42ac403309e642470b24c56e25a3f59ab745a60cb1a010568bda93dd6959162a
GC21FiniteCell	LeanCode/Internal/PhysicalAnalysis/GC21FiniteCell.lean	d1b43867d91a5dcb8a25c2d44c7448a93d57fae6d5ade8eeb10eec2031d7645d
GC21Summation	LeanCode/Internal/PhysicalAnalysis/GC21Summation.lean	86469f006fc9a235b819bf55c3348bde499dec4fc177aeef540c51cd12a8b557
GC21CoreMap	LeanCode/Internal/PhysicalAnalysis/GC21CoreMap.lean	edd784c06d72a9b21b0a1c3bd49a1cfa0d99d56ea5565e97d5ec514a85adf646
GC21Completion	LeanCode/Internal/PhysicalAnalysis/GC21Completion.lean	6159983a37eba54a448d5df71badf8b699c3691b1ca8d736a0160dcced8c56c2
ANH1UnweightedDisk	LeanCode/Internal/PhysicalAnalysis/ANH1UnweightedDisk.lean	19989340f54a1f988a3aab112738f0bb51611d1d92867cd4f661288df791be0b
ANH2HighDisk	LeanCode/Internal/PhysicalAnalysis/ANH2HighDisk.lean	879d50435355664be46322162438fe0199966485c820715c54530653d8da5df9
ANH3DiskNorm	LeanCode/Internal/PhysicalAnalysis/ANH3DiskNorm.lean	d81204c0de7e812320f831d47fa0ee5e2c8a96c488380b71b5f669f68dd9d7b4
ANH4BoundaryL2	LeanCode/Internal/PhysicalAnalysis/ANH4BoundaryL2.lean	6b26c50d5d773eec41b345c768dce37c0afd5888e4008858d4edd1bef89eeee9
ANH6CirclePoincare	LeanCode/Internal/PhysicalAnalysis/ANH6CirclePoincare.lean	02370be1ac874f20405c35955d784ca073fe14a3c7944671125f5ca88761f172
ANH7HighOrbits	LeanCode/Internal/PhysicalAnalysis/ANH7HighOrbits.lean	398571c65309dc19148315567da4176540b45e3c13428c0f09f1c82239bfdc36
ANH8DiskOrbitIntegral	LeanCode/Internal/PhysicalAnalysis/ANH8DiskOrbitIntegral.lean	c04b280d106bb141c09fe9ec4f4f0c375ec2676ef348f0b84528605301087f4d
ANH9DiskPoincare	LeanCode/Internal/PhysicalAnalysis/ANH9DiskPoincare.lean	03c3a921232e2ad8131df9d9bcd2527454301a27c4e5a41c4d9fd07f64ec96a6
ANH10DiskFourierEnergy	LeanCode/Internal/PhysicalAnalysis/ANH10DiskFourierEnergy.lean	6c40676fd1df5dcf099f08f90026c9d2422a2dbadaa28113cbece8b64cb0e1fc
GQC9APClosedDerivatives	LeanCode/Internal/PhysicalAnalysis/GQC9APClosedDerivatives.lean	f55b8b0cdacc0d9b865e547c106211a49ad3d30710fb369ca67b53da94e979cd
GQC10ClosedJetDifferentials	LeanCode/Internal/PhysicalAnalysis/GQC10ClosedJetDifferentials.lean	396b7e4d6ac32c671b31f0eeffca56c7ba66292245192ceae84339a6d620ee37
GQC11APActualDifferentials	LeanCode/Internal/PhysicalAnalysis/GQC11APActualDifferentials.lean	d52c5901c1e87c020078e238f81c0af62edd7b0c029e9e2a1249c7a064fc2df2
GQC12APSmoothTower	LeanCode/Internal/PhysicalAnalysis/GQC12APSmoothTower.lean	75c4ac988a1bd957bac22d2684d30011c74fddad587c1daadf8bfc89ad200e74
GQC13APDerivativeCoordinates	LeanCode/Internal/PhysicalAnalysis/GQC13APDerivativeCoordinates.lean	89ffcc1aa0a2171a6ad6bed05faa8aae038301da5ebea0844f9057d38559e593
GQC14APUnweightedSmooth	LeanCode/Internal/PhysicalAnalysis/GQC14APUnweightedSmooth.lean	c789556926d5dd14cab463fb9566405208f07d0be0c691e9eb20a71bcaeb5f22
GQC15APSmoothTrace	LeanCode/Internal/PhysicalAnalysis/GQC15APSmoothTrace.lean	a9f293cd5b60b2f919d2448c70e35e6928f8f1868b380827589fd28bfd1ed978
GQC16APSmoothCarrier	LeanCode/Internal/PhysicalAnalysis/GQC16APSmoothCarrier.lean	d7aadc287b3844680b63f5aec6ca611a13abcc6ba238a6789e83f280a28e4c7d
GQC17APLiteralCarrier	LeanCode/Internal/PhysicalAnalysis/GQC17APLiteralCarrier.lean	7336484ed0642a9d53a180e8538f75a048aa27b254d9c66574c7133a82521223
GQC18APSmoothGauge	LeanCode/Internal/PhysicalAnalysis/GQC18APSmoothGauge.lean	2d4b15d4d451023d69caa00aa491e8c2f43641f70eb33c0b77f4a9b678c7ec72
GQC19PhaseGradient	LeanCode/Internal/PhysicalAnalysis/GQC19PhaseGradient.lean	1fdb52ca1f7ae1e8c62dc628c8f3e58ab8d1efbccdfb38422d5248eaef4b0c47
GQC20ProductDerivativeL2	LeanCode/Internal/PhysicalAnalysis/GQC20ProductDerivativeL2.lean	2a641eb2af1783696713a942d509865dc3494f9ad7c89d2c2b81393f76a4a3df
GQC21PhaseProductBound	LeanCode/Internal/PhysicalAnalysis/GQC21PhaseProductBound.lean	9575d079b60fe61040b54ea52ac8e4af82e5b678aabbef009054909d2e2e4f52
GQC22WeightedPartialIdentity	LeanCode/Internal/PhysicalAnalysis/GQC22WeightedPartialIdentity.lean	9216c6d68e7455a590be00b44a95587fb2dd4f575034fc4b1f571a82dfe42da8
GQC23PartialRowBound	LeanCode/Internal/PhysicalAnalysis/GQC23PartialRowBound.lean	31a0a21e4dfdb354a194f9fdebf83ad94a1bf4c9f79fad8ebc768299330ee8ac
GQC24APPartial	LeanCode/Internal/PhysicalAnalysis/GQC24APPartial.lean	7a8757d4e45ae877d9449cf6ba8c9308622a008f7547ca63552289af079842a0
GQC25APPartialRealization	LeanCode/Internal/PhysicalAnalysis/GQC25APPartialRealization.lean	0a4ad8a8f0dbb9bba6bf1de6154a9fd79ad895fcdd384245f4c1e8bfe14a0a72
GQC26APValueMap	LeanCode/Internal/PhysicalAnalysis/GQC26APValueMap.lean	515a7bd2234a7448892228f7c1a894c5b25c6a80e41b4087bdc39040b21f2e53
GQC27AxialCore	LeanCode/Internal/PhysicalAnalysis/GQC27AxialCore.lean	ec0c86fa65f73103f942c36340ca7a35419bcd046dd2e245f37075fe99622539
GQC28APAxial	LeanCode/Internal/PhysicalAnalysis/GQC28APAxial.lean	8b349787408a9fcf35a9eb44d83a65b3a18708ab78137cdbab449f7e55841a7d
GQC29FixedSmoothMultiplier	LeanCode/Internal/PhysicalAnalysis/GQC29FixedSmoothMultiplier.lean	5016a6e14973a0c37737c12b592558c12c8c2ba450b54abc79466e879d850a66
GQC30APSmoothFaithfulness	LeanCode/Internal/PhysicalAnalysis/GQC30APSmoothFaithfulness.lean	cfdb85257968fa369292d04413d7d8bb652219bd9f7317944909f231410b428b
ANH11DiskL2Density	LeanCode/Internal/PhysicalAnalysis/ANH11DiskL2Density.lean	a74d3a7099885166a35c6083049abd6bc9f1b70b0fc84675cff95fb4778cf06d
ANH12DiskFourierTransform	LeanCode/Internal/PhysicalAnalysis/ANH12DiskFourierTransform.lean	03fd5c9797c34b215d43cfeb4bbf00d1bd62f4a5f8d9411adb7074839567ef8c
ANH13LiteralMultiplier	LeanCode/Internal/PhysicalAnalysis/ANH13LiteralMultiplier.lean	8ed05500a917d0f5408f4298d25c416520a5c01a7af9817b4ae19e0cdc0f74a8
ANH14DiskMultiplier	LeanCode/Internal/PhysicalAnalysis/ANH14DiskMultiplier.lean	847004b62a9d5682cb4aea07d0cc0ef311be9cdd1e036ab7018dad258bec9af7
ANH16HighL2	LeanCode/Internal/PhysicalAnalysis/ANH16HighL2.lean	832f407b9b601080749b024652067d62170558bca3bd16b6da40f704af14a51f
ANH5PhysicalBoundary	LeanCode/Internal/PhysicalAnalysis/ANH5PhysicalBoundary.lean	2b43128984e6bb14d46d0485a720db9a8c93bb9d813f65d3dbec9be3d5e6ad88
ANH17RobinForm	LeanCode/Internal/PhysicalAnalysis/ANH17RobinForm.lean	c054d9604bd2f2aaeff4493e0d4f0433a90eaf4e5e352bcfb0dfd15f7a47c463
ANH15EnergyGraph	LeanCode/Internal/PhysicalAnalysis/ANH15EnergyGraph.lean	1ab0ef1d876f2cee1eff3b06a043262e43de36921a7491ec8aaa8dbcdea1b151
ANH18WeakSolve	LeanCode/Internal/PhysicalAnalysis/ANH18WeakSolve.lean	ca21c5ef32fa16dc45b46c6af8eaff0f75b7175749592ac6636c20438e8db073
ANH19PhysicalConsumer	LeanCode/Internal/PhysicalAnalysis/ANH19PhysicalConsumer.lean	fecb3c3e54657707760aa57f6802911092f67f466acada41dfd519f65fa225d7
ANR1Distribution	LeanCode/Internal/PhysicalAnalysis/ANR1Distribution.lean	95dfbd8f5db7c3923d37c3b9e78a3006c52dea7ea323cb080988c9d35462ec29
ANR2AngularLaplacian	LeanCode/Internal/PhysicalAnalysis/ANR2AngularLaplacian.lean	16abc6751c1693b9c865af3654f6861ba498754db8c18fd5e9d141869c0bc777
ANR4CompactAngular	LeanCode/Internal/PhysicalAnalysis/ANR4CompactAngular.lean	092282c4bfabe63711a7ff3974aa079e37907965fb051c446f30a55c58ac820b
ANR3CompactGreen	LeanCode/Internal/PhysicalAnalysis/ANR3CompactGreen.lean	4417855143c93ecee0fa07bf27d80bf4d8b1d7c3344d184394066873f6c861f2
ANR5CompletedGreen	LeanCode/Internal/PhysicalAnalysis/ANR5CompletedGreen.lean	ab5f346436afda374080929e919da57efb46598abd67e5805d8b3e581239c9d5
ANR6HighCompactTest	LeanCode/Internal/PhysicalAnalysis/ANR6HighCompactTest.lean	64f45d9a0b8d1cf6028687e0a42f8e2876d60831158b8eaf1a80825c32d9f48f
ANR7ArbitraryCompactTest	LeanCode/Internal/PhysicalAnalysis/ANR7ArbitraryCompactTest.lean	c555f980be69e96ad005b6ad8e87a6b2df2ca734e8f81d8fb205397eee697da3
ANR8WeakDistribution	LeanCode/Internal/PhysicalAnalysis/ANR8WeakDistribution.lean	a06e0e10facca3fe4f60daada20316f9df4cf0aab39d5bed6602c0fd9f33cca1
SCD1WeightedRay	LeanCode/Internal/NonlinearAnalysis/SCD1WeightedRay.lean	6c58e3ddc2d95a311b7da978c4e9ebd483321fe3d54089b8dee1803f59f84492
SCD2RayAverage	LeanCode/Internal/NonlinearAnalysis/SCD2RayAverage.lean	ed84e10abd046569450c2b663ba9a5c3bb64df47ea8dcace1d635976be5f0b4b
SCD3Hadamard	LeanCode/Internal/NonlinearAnalysis/SCD3Hadamard.lean	706dc3b81e732621d1690602c240708a13c4b0ed4dbfc0bfa6baaec5976a1aea
SCD4PolarDivision	LeanCode/Internal/NonlinearAnalysis/SCD4PolarDivision.lean	b7e66a3b04274bee5af5237d205f41fe63eab7502be576c69844423448898e05
SCD5PaidGrades	LeanCode/Internal/NonlinearAnalysis/SCD5PaidGrades.lean	be36035b81ef0dc4998500e43239447df4e9773ce31053b1343c7c60b15928a3
SCD6AveragedDerivatives	LeanCode/Internal/NonlinearAnalysis/SCD6AveragedDerivatives.lean	54af60576ddc6f0b9f682acde6036d59ffade76f61b4e37ecb55c21c5266d173
SCD7PolarGeometryBounds	LeanCode/Internal/NonlinearAnalysis/SCD7PolarGeometryBounds.lean	954c3f1626bc293813499e55f0e2575d3cfd375fa991bda5936bae14020507de
SCD8PolarPaidBound	LeanCode/Internal/NonlinearAnalysis/SCD8PolarPaidBound.lean	21962169367ad424c00d5a5a744b3c07ca835c883224da76c705a4fe844e9718
SCD9RadialAngularJets	LeanCode/Internal/NonlinearAnalysis/SCD9RadialAngularJets.lean	155bde19c9da472209ec5b011836bb9cd162f19d001380bb1c9a6680701e10d3
SCD10FourierPaidBound	LeanCode/Internal/NonlinearAnalysis/SCD10FourierPaidBound.lean	449f53b30d84728afcac43b5988c0cb8f700016e35fcb3558fa56b25a4f7626d
SCD11RadialEnergy	LeanCode/Internal/NonlinearAnalysis/SCD11RadialEnergy.lean	b83856355f1b085720877b353d3808af0fd491551f02bc058a7cedeb721a3793
SCD12AllCellEnergy	LeanCode/Internal/NonlinearAnalysis/SCD12AllCellEnergy.lean	3f0848f6f93df40db284ee4a2877f12bf45cc16600dbd1f02db0ea70bc7ca4dd
SCD13LinearJetMaps	LeanCode/Internal/NonlinearAnalysis/SCD13LinearJetMaps.lean	8e41908c9b65007650a5224295532577a10f18df7f0d965a2e9e4378a815081d
SCD14RadialLinearity	LeanCode/Internal/NonlinearAnalysis/SCD14RadialLinearity.lean	d6d67d25054bb167dd75dbc158f65f18aee0632f0b31ea5977119c84627c5023
SCD15CoefficientLinearity	LeanCode/Internal/NonlinearAnalysis/SCD15CoefficientLinearity.lean	7de6773ba7109179b2d7b5c19ca561551185992d0fd67110506ae093f893831a
SCD16RadialL2	LeanCode/Internal/NonlinearAnalysis/SCD16RadialL2.lean	413404e966549e4d1a4ddcc323925960c080d3861d10a54b8eadf7b044264ddb
SCD17DivisionRow	LeanCode/Internal/NonlinearAnalysis/SCD17DivisionRow.lean	35a4e252ef6e7ebc0ca8fcbc55e33521c7df41f2c54f35993943b1e57a71f034
SCD18CompletedDivision	LeanCode/Internal/NonlinearAnalysis/SCD18CompletedDivision.lean	b2c64c1143d44147ec454bc4d0b07bb3806fa02a93a80a85cb07d9082e758a22
SCD19RadialPairing	LeanCode/Internal/NonlinearAnalysis/SCD19RadialPairing.lean	0c361774d76b2da1e88e731bceafff30eb65a29068b8c7ea63b7ccefec5c2bf9
SCD20RadialWeakDerivative	LeanCode/Internal/NonlinearAnalysis/SCD20RadialWeakDerivative.lean	05e0583c1294e17c2c9b0d9ce5643c6da7421e250582f04f7cd15926a290608a
SCD21ClosedRadialGraph	LeanCode/Internal/NonlinearAnalysis/SCD21ClosedRadialGraph.lean	2f62109f61108d39faff54a11547e3e8052571c9175853e669fb3f9def101b2a
SCD22CompletedCellValues	LeanCode/Internal/NonlinearAnalysis/SCD22CompletedCellValues.lean	95ac51c1a865d5e7fbf0e3434ed885e4dd55b5e1b3fe8052a3d8cbb808c4fb19
SCD23ContinuousPolarRestriction	LeanCode/Internal/NonlinearAnalysis/SCD23ContinuousPolarRestriction.lean	b24986784f6172f3aa127e0ab8b39732540578ed03e61bd500f0693f06dd699b
SCD24ContinuousRadialL2	LeanCode/Internal/NonlinearAnalysis/SCD24ContinuousRadialL2.lean	5e1a029f2486cf816dc86d4f0b8e341367612ba023c8d9e95ca1818b77c875e2
SCD25LiteralDivision	LeanCode/Internal/NonlinearAnalysis/SCD25LiteralDivision.lean	47d67b42e4c97ff976a6b3d8ec45300790b5968f43917f20d93ce5dbb037efcc
SCD26FlatDivision	LeanCode/Internal/NonlinearAnalysis/SCD26FlatDivision.lean	0cd1b3443dd014156cfc2c84127eb2444426572d210a74a5eb7dc88e6f5e4f56
SCD27RadialSeparation	LeanCode/Internal/NonlinearAnalysis/SCD27RadialSeparation.lean	ddb1cdb4b1f1f96998e4571aac6bca675ce33dca57cc519ee6f579ad58c9967a
SCD28GraphFaithfulness	LeanCode/Internal/NonlinearAnalysis/SCD28GraphFaithfulness.lean	5b9046756a1d1672f0cbe0974316354381842ee123680e4c98e04a4df73a9b72
SCD29GraphNorm	LeanCode/Internal/NonlinearAnalysis/SCD29GraphNorm.lean	436144b73fd8ef41e97f295e67fe1f372d7c551cb7dd6e204695221a729a6e1d
SCD30DivisionStatement	LeanCode/Internal/NonlinearAnalysis/SCD30DivisionStatement.lean	99ba039a7a418affe842a34d664a7ebedaae9fd4a1634e6d5059ffdea73670d1
SCD31DivisionConsumer	LeanCode/Internal/NonlinearAnalysis/SCD31DivisionConsumer.lean	00cd23cc838306a977eee4e0f7b952369a94f6aaf4260201de614348b91f01c4
RSC1PolarDensity	LeanCode/Internal/NonlinearAnalysis/RSC1PolarDensity.lean	78c0cffc5cc41c1e0637fa1351545471ae89c210ae349fa6dc60bf4e6c187cfd
RSC2AnnularIntegral	LeanCode/Internal/NonlinearAnalysis/RSC2AnnularIntegral.lean	f7a6d782b8bbd596d6041d18dfe748ed2e2e5df9d07ca59029faed0303a2aff6
RSC3AnnularBessel	LeanCode/Internal/NonlinearAnalysis/RSC3AnnularBessel.lean	ce4c05975e67fdd09f2fbb42824154da4bf77a0438c441dfe801458b8e8d84f1
ANR9PolarEnergy	LeanCode/Internal/PhysicalAnalysis/ANR9PolarEnergy.lean	c516a0a39a06c9989aae5ce0f28720434b4feb590d7ad4850ef4a8fe8f12e130
RSC4AllCellEnergy	LeanCode/Internal/NonlinearAnalysis/RSC4AllCellEnergy.lean	f6035f39a95abee2ebf604072e67ebc36bcbff363f1331ef8da7819a77df1355
RSC5PolarLinearity	LeanCode/Internal/NonlinearAnalysis/RSC5PolarLinearity.lean	e0cd6f1c8f9d99691030662b127be8880166e2187f03afbf506994373907bbfc
RSC6RestrictionRow	LeanCode/Internal/NonlinearAnalysis/RSC6RestrictionRow.lean	51d3c7ef6abf29f9b6d6ea5fc2008d6c18e6d6e9daf258880a81731d8540cf69
RSC7CompletedRestriction	LeanCode/Internal/NonlinearAnalysis/RSC7CompletedRestriction.lean	045ef8f6a4f58d86d86f96262e86766e8b1867cd9b2759455798f343271a1eb0
RSC8RestrictedGraph	LeanCode/Internal/NonlinearAnalysis/RSC8RestrictedGraph.lean	87259227a29a303f94cc4510d380f13ee0f2e621d19c1f1dc218658315ef37e1
RSC9CanonicalRestriction	LeanCode/Internal/NonlinearAnalysis/RSC9CanonicalRestriction.lean	f44c94e6014290d57b4378fe3a5f5fd7ad171d7dfff959d85c600f9a9d9f398b
RSC10ContinuousPolar	LeanCode/Internal/NonlinearAnalysis/RSC10ContinuousPolar.lean	f68513d59371fc690e603f5d2dde2af14ec757bef610104d07bc3e38efe1b36f
RSC11LiteralRestriction	LeanCode/Internal/NonlinearAnalysis/RSC11LiteralRestriction.lean	30a32be3a599fa845a1be7a6b037a6a76feb60882ec5eccfc57549a46efb84f2
RSC12PhysicalRealization	LeanCode/Internal/NonlinearAnalysis/RSC12PhysicalRealization.lean	5e7b4b467c888d7df5e9a74bb94e4b954debb95b1865494a5d41eebf1ca7f980
RSC13PublicRestriction	LeanCode/Internal/NonlinearAnalysis/RSC13PublicRestriction.lean	72f02434a4658d19df96e49f3ed3a182fecf77a5c0c77a469b75f306f5236af5
SBT1BoundaryWeights	LeanCode/Internal/NonlinearAnalysis/SBT1BoundaryWeights.lean	714f475845995947e597b1ed407c572bd3682575a6be55f1d5a4a07f96a377a4
SBT2IntegerTrace	LeanCode/Internal/NonlinearAnalysis/SBT2IntegerTrace.lean	f0967c9d9bd4a9bbab4ade6dab8674880d0dabae0a814a217e12a33c957a8017
AXL12SeedTraceDerivative	LeanCode/Internal/NonlinearAnalysis/AXL12SeedTraceDerivative.lean	ebe7b79465bdb7bdc38646917851be3189e6f37528b29064eac25b0c3a6f7d1b
AXL13SeedToroidal	LeanCode/Internal/NonlinearAnalysis/AXL13SeedToroidal.lean	446ed62413244700886abad70179d81b59e7724a34ee653dd1b44ef621db9dd1
AXL14ToroidalConstraint	LeanCode/Internal/NonlinearAnalysis/AXL14ToroidalConstraint.lean	235c3264901f3e184881e9952043591c6ca8a86ca868717b711f6acea9ac2372
AXL15OuterRow	LeanCode/Internal/NonlinearAnalysis/AXL15OuterRow.lean	1170ac651aac89ebf7ae3009f603724714ab7536488f73d26f9736a1183324ec
AXL16OuterConstraint	LeanCode/Internal/NonlinearAnalysis/AXL16OuterConstraint.lean	494a26cf8b1205975ffb3301e785d76b7ba3f0054b90f0f772df6d14a590c839
RootUnitTower	LeanCode/Internal/NonlinearAnalysis/RootUnitTower.lean	41e5cdb01287d847f18899989defd8c71e21f479a354047104a32411a13e0f29
AXL17RootReality	LeanCode/Internal/NonlinearAnalysis/AXL17RootReality.lean	05eb2cc740a690706bbeb9b2c9fe438d0b3d6981c187ea1e2b4ee689cedcfd71
AXL18LiftReality	LeanCode/Internal/NonlinearAnalysis/AXL18LiftReality.lean	4dcad4464bbe49c72b114600f61db7460b2dbd794e7c2ea951626aee072cc3d5
AXL19LiftExtraction	LeanCode/Internal/NonlinearAnalysis/AXL19LiftExtraction.lean	8e5729518d24426ae5205cd8fbaac84099d88dc4a46b04050cad5fe562a98a58
AXL20PhysicalLift	LeanCode/Internal/NonlinearAnalysis/AXL20PhysicalLift.lean	487a1de1ea4b31f0fde6ef6e03c771445aa437925e160addf2fe3136b116e10c
Q23SeedCoefficients	LeanCode/Internal/NonlinearAnalysis/Q23SeedCoefficients.lean	2dd1cc2f9c303a600a8f33ede70b52b22306faf1b8284d1e6592f02bfa182175
Q23SeedMultiplier	LeanCode/Internal/NonlinearAnalysis/Q23SeedMultiplier.lean	ca9216f3c85123a0bef0ba4d052993aed1ee28f2c977e77255782acdda14bffe
Q23CompletedMultiplier	LeanCode/Internal/NonlinearAnalysis/Q23CompletedMultiplier.lean	89bb62597fd90b5d0d9954a6f4751a715e6ac936623d2a9b72d25933fe808dd6
Q23CompletedTranspose	LeanCode/Internal/NonlinearAnalysis/Q23CompletedTranspose.lean	fea96ef7a9bb280ab380c5c202685ce4649c94f38544381c8c8746cc1c1cda52
Q23DerivativeDot	LeanCode/Internal/NonlinearAnalysis/Q23DerivativeDot.lean	c5228dbb24afc0fcd561957130f63c9ef624b363db5d74ebaddfe225620ef141
Q23SeedTransferActual	LeanCode/Internal/NonlinearAnalysis/Q23SeedTransferActual.lean	c0628378cc4259ff35cb40ab94c2e17aa59e5fbd4a8a5cf73b1f0d7641e89122
Q23SeedChartFamilies	LeanCode/Internal/NonlinearAnalysis/Q23SeedChartFamilies.lean	aef0f5564de25cc78f4a4573d3d59f80eec6049a206a283bb8892f1e06595606
Q24TransferFamily	LeanCode/Internal/NonlinearAnalysis/Q24TransferFamily.lean	503ba9a8bc7fbd13b55ca6fd536520985e711f22ff24129d53ce0e4bdd995248
Q24CoefficientFieldBilinear	LeanCode/Internal/NonlinearAnalysis/Q24CoefficientFieldBilinear.lean	7676805899b6ca87d09ceff6bb5a1ca8e9ec331745d00d491a76452dbf9a259d
Q24CoefficientFieldCalculus	LeanCode/Internal/NonlinearAnalysis/Q24CoefficientFieldCalculus.lean	f8ef242f1b918d677d2a372e959ccac91ec7ab9bc8121833f893d949fb027253
Q23SeedScalarFamilies	LeanCode/Internal/NonlinearAnalysis/Q23SeedScalarFamilies.lean	758a005b54e79aa802a9a5a1c387c6c4543fd4cc6cc4d9bcb6015b7be16d63e9
Q24MovingChart	LeanCode/Internal/NonlinearAnalysis/Q24MovingChart.lean	a7d00e22c3185fc7879cd11fa8fbc01fea797f06292003b659d1378d6071f683
Q24MixedCarriers	LeanCode/Internal/NonlinearAnalysis/Q24MixedCarriers.lean	f851620aecf503d6ac0c4e8fb4c9d32d388164294d0c0a3b44bbcfd26740b3e3
Q24MixedMap	LeanCode/Internal/NonlinearAnalysis/Q24MixedMap.lean	d4b84ecbf6be17bd9bec62a9f3f845e4f6bc4c284f5632bfafe1cb60d04dc365
Q24RealMixed	LeanCode/Internal/NonlinearAnalysis/Q24RealMixed.lean	c206ca6ce6417e5df109256b490851da3e5c4db3e0bc2eab269e7cd1e8afe1d1
QY6MixedCodomain	LeanCode/Internal/NonlinearAnalysis/QY6MixedCodomain.lean	e1087ae633e0bc8883991a7ed65dc572e019c3b3ecc46d742177aec99804d2c6
Q24MixedCompatibility	LeanCode/Internal/NonlinearAnalysis/Q24MixedCompatibility.lean	8907dd27b5a38b7cfbeeca1b1f9325f5b293cc961d90ef8087fa4ceb169a6388
Q24RealMixedGrades	LeanCode/Internal/NonlinearAnalysis/Q24RealMixedGrades.lean	287497930fa6c366ee6270a81df5e5664178a22f6126e77f7e81f6061eae217d
QY7MixedGrades	LeanCode/Internal/NonlinearAnalysis/QY7MixedGrades.lean	7d2fc870c826e732d97ab5f90a919fc208847fb64ebbe8208bd2681950a8a924
QY8FiberDensity	LeanCode/Internal/NonlinearAnalysis/QY8FiberDensity.lean	2698e45d43bebe0244a4db32fbd8c7c893718ad25f4174e8739b62995a53da17
QY9MixedCoreNorms	LeanCode/Internal/NonlinearAnalysis/QY9MixedCoreNorms.lean	5591f69f9e05e7bcec1d3e7043524ba32b10815e08d1fad28e43428a4ecd79f1
QY10MixedDirectional	LeanCode/Internal/NonlinearAnalysis/QY10MixedDirectional.lean	fa2c44b23932a5be63fdea046f08c8d465e98b1b6c2ca5f86d85958c22853720
QY12MixedCompositionTerms	LeanCode/Internal/NonlinearAnalysis/QY12MixedCompositionTerms.lean	f9ae3be11ec5b8ac43dfaced24753b135c057eac52016db7efd3c2a9ce19a666
QY13MixedCompositionGenuine	LeanCode/Internal/NonlinearAnalysis/QY13MixedCompositionGenuine.lean	d6f3627d857215490a470e79c1c8589ebbd0273df1e4611b2f51a7930b5c7d29
QY14MixedCompositionNorms	LeanCode/Internal/NonlinearAnalysis/QY14MixedCompositionNorms.lean	f24d3cb54be5e0c23151ef8997057ca2c947c80f28ed8e2cd5b77e51380e852c
QY22MixedRootBound	LeanCode/Internal/NonlinearAnalysis/QY22MixedRootBound.lean	5a3178aa7379f8dc8a59e23337850e6843852c6f0a255d18bcb4beedce4054d9
Q23SeedTransferDerivatives	LeanCode/Internal/NonlinearAnalysis/Q23SeedTransferDerivatives.lean	6e0d84c32f211cfe1faadf276ca9e9d928a2065eaa170e66718a781af15811d9
Q23Leibniz	LeanCode/Internal/NonlinearAnalysis/Q23Leibniz.lean	f5551416fa8e09d4df07cda0c4cc2de78c7684d81c0727d53ed9579783682626
Q23CoreOperatorCalculus	LeanCode/Internal/NonlinearAnalysis/Q23CoreOperatorCalculus.lean	de28b74e99134b60f28ec0a424104f4e2c013e6ec77552e618c5af94cb2c0736
Q23SeedTransferCoreTower	LeanCode/Internal/NonlinearAnalysis/Q23SeedTransferCoreTower.lean	374bd385875d4b940393494afb4ec3b7727d06e4f1b5c8cd9065b6b96a2ca49d
Q23SeedTransferCompositeTower	LeanCode/Internal/NonlinearAnalysis/Q23SeedTransferCompositeTower.lean	0ae22f0b2759b9360f08a1776fa3fc17977f450bb6cb0c4ce49dd30bc16e07da
Q23SeedTransferFullTower	LeanCode/Internal/NonlinearAnalysis/Q23SeedTransferFullTower.lean	73f1b02009a8972bbc70239cd5faceb426a37a7230b9a254d9e131e04092012e
Q23SeedTransferReassemblyTower	LeanCode/Internal/NonlinearAnalysis/Q23SeedTransferReassemblyTower.lean	28bd574a8b86f22f4bafd930b274e642013f1c6390bef1a1c9ca529888884088
QY23TransferCoreBounds	LeanCode/Internal/NonlinearAnalysis/QY23TransferCoreBounds.lean	fdaeba0cea83f75eb1593ea603be895fdafdf5b9d8dd475c53e6ec180187ee29
QY24InnerAllocationBounds	LeanCode/Internal/NonlinearAnalysis/QY24InnerAllocationBounds.lean	646c2583930fbf1be0b1810e63da40f37b10b2abacae4d156c6d11cab607ba70
QY25MixedCurvatureBound	LeanCode/Internal/NonlinearAnalysis/QY25MixedCurvatureBound.lean	3db226839f405f49e46504f310053eea06d3ef11efe85fdaa7ec2984a581ad7f
QY27InnerSeedBounds	LeanCode/Internal/NonlinearAnalysis/QY27InnerSeedBounds.lean	ceabe2ba5efa0cc10b01d5b73e84aa4afa84a36fd9817361cb8cd1adb18ba653
Q23SeedFieldDerivativeTower	LeanCode/Internal/NonlinearAnalysis/Q23SeedFieldDerivativeTower.lean	eb8bb17b30942c45a4c22acd57161f1e36cfb97deb8024e503ac2d16255d8473
QY28RootSeedProductBound	LeanCode/Internal/NonlinearAnalysis/QY28RootSeedProductBound.lean	f180c3a7d06b6e8ef1a1140e29cfef76cdaa89927b75aab576cc292f0a6959b0
QY26MixedAffineBounds	LeanCode/Internal/NonlinearAnalysis/QY26MixedAffineBounds.lean	eaa3113090551584bb4ecb43bb6d73aae766b1209568155213f5ef8f0b651b7e
QY30TransferAllocationBound	LeanCode/Internal/NonlinearAnalysis/QY30TransferAllocationBound.lean	1e98eb5bebe621a63c102ccffa08b240d2007ad864fd3f8478cb6b1bc391a94d
Q23SeedScalarDerivativeTower	LeanCode/Internal/NonlinearAnalysis/Q23SeedScalarDerivativeTower.lean	514225e5d2b36e0f3bc38e175bed1a646f3eddc7cc12c8c37f61afe380d92cd5
QY29SeedScalarCoreBound	LeanCode/Internal/NonlinearAnalysis/QY29SeedScalarCoreBound.lean	37d70b301eebdc9a3f3c2c9ff07ccfcad5a71d1ea32fe6301de915bf71da54e5
Q23MixedInnerFamily	LeanCode/Internal/NonlinearAnalysis/Q23MixedInnerFamily.lean	9ae6808abbd45477e58c7ab8fe298982a78912aa3145f33530d558cd575cb3f8
QY31ActualInnerBound	LeanCode/Internal/NonlinearAnalysis/QY31ActualInnerBound.lean	c31596dbc20922c142b6fc7f53708a987130a809474863e77b96b8deb03444ff
QYP1CompletedCoordinates	LeanCode/Internal/NonlinearAnalysis/QYP1CompletedCoordinates.lean	746fcf5f7f9ebdc5057649f93d115568098d4f96076d3b2fc9282f9dd35d6da2
QYP12PhysicalInnerBound	LeanCode/Internal/NonlinearAnalysis/QYP12PhysicalInnerBound.lean	e699ed4a445f6c5ebcf34651cfb3ae76b2927b42bd26ebb2e8b646371d59110a
Q23MixedInnerZeroth	LeanCode/Internal/NonlinearAnalysis/Q23MixedInnerZeroth.lean	cae7c8af3eab6b8f25f067b9f7cf764ce0e39c79f48df06e8c9e54e18136d6af
QYP13PhysicalInnerFamily	LeanCode/Internal/NonlinearAnalysis/QYP13PhysicalInnerFamily.lean	8aa2e37f12cd82bd2d1b11b71532792c500d0d63c045b6fb0bf4a5be4ce5086b
QY15MixedCompositionBound	LeanCode/Internal/NonlinearAnalysis/QY15MixedCompositionBound.lean	41b62547bf881a864d50cf0dd4d74eb7e1a0cd3149d2dc9ab3ab318220512e07
QYP14PhysicalCoreTower	LeanCode/Internal/NonlinearAnalysis/QYP14PhysicalCoreTower.lean	6e852be40bf2e967fce17e9a18433b273c92f338632738c03f32d4009189b5cd
QYP15PhysicalFixedInner	LeanCode/Internal/NonlinearAnalysis/QYP15PhysicalFixedInner.lean	63ba1febab20b150bf10d8d4116d9fbae1016e0281ec162e7fc95826735c5612
QYP2ChartCoordinates	LeanCode/Internal/NonlinearAnalysis/QYP2ChartCoordinates.lean	077a012d36097041332c83d05e64d10ab9c1008a78d1dfb688390968ef8be5fd
QYP3PhysicalMixedMap	LeanCode/Internal/NonlinearAnalysis/QYP3PhysicalMixedMap.lean	ce67ce004a98d3e928ead0d4a0dd5870c27535dda83726f11d3dcfad546672c8
QYP4PhysicalCodomain	LeanCode/Internal/NonlinearAnalysis/QYP4PhysicalCodomain.lean	c00ac0a64bdd47dca9962a8cc1796044a61c6c58c10882186cacaf51a12b79ae
QYP5PhysicalGrades	LeanCode/Internal/NonlinearAnalysis/QYP5PhysicalGrades.lean	b50b03adef2c09fd22500f405caf0d1677e58a47f46d14a7b4a3524ec226e3e0
QY16MixedOuterIdentification	LeanCode/Internal/NonlinearAnalysis/QY16MixedOuterIdentification.lean	58404afdfed21893d0419979df4b85a0d449833453cad72de4696689fc2d8b26
QY17MixedOuterCoreBound	LeanCode/Internal/NonlinearAnalysis/QY17MixedOuterCoreBound.lean	970ca3d22bb7ee48bd53b4e55f1a8d7494953a1c7b8587f83cb388887858f8eb
QY11MixedBoundCompletion	LeanCode/Internal/NonlinearAnalysis/QY11MixedBoundCompletion.lean	eb91b461dc0543cf0b5db966820219bbbb00741f39d42a50ea5a0f79afa76f8b
QY18MixedOuterCompletion	LeanCode/Internal/NonlinearAnalysis/QY18MixedOuterCompletion.lean	a3795802dbac7d278ce9ed7002ba5bd2bc4701867da9e9dd9ba50e0927439e88
QYP6PhysicalDerivativeBridge	LeanCode/Internal/NonlinearAnalysis/QYP6PhysicalDerivativeBridge.lean	2bbef798dbdaf1f5281b39688b902465b055510afe4c63577f732de1600310d9
QYP7PhysicalRealDerivatives	LeanCode/Internal/NonlinearAnalysis/QYP7PhysicalRealDerivatives.lean	83c5bcb43d583daabc9b0c57ad26c77af7083a7c7e4f77e38b8c76eccba05544
QYP8PhysicalPublicContract	LeanCode/Internal/NonlinearAnalysis/QYP8PhysicalPublicContract.lean	0bc66adc7c34958b8e6d3793c61ff3c45dee7e91d5e546e2135dbcd8bd3b9bb0
QY33ForwardCompatibility	LeanCode/Internal/NonlinearAnalysis/QY33ForwardCompatibility.lean	7fca8beef58fe157087ce072f69bdf2ffda500079e98465f6b1951f11823dff8
QYP9PhysicalForward	LeanCode/Internal/NonlinearAnalysis/QYP9PhysicalForward.lean	c581620e24ab633571e98447e4837eb5b725a132473b6c524d2e1efe9807c38e
QYP10PhysicalForwardBounds	LeanCode/Internal/NonlinearAnalysis/QYP10PhysicalForwardBounds.lean	26cfa89d44c7fc4ea17ed77a566f8b8ddab99c69f32239ae76b014e6a8946647
QYP11PhysicalForwardGrades	LeanCode/Internal/NonlinearAnalysis/QYP11PhysicalForwardGrades.lean	4ffad0cfffd77c7311b2dc49c9a4b8ad633d52a99d2d02c52cede675f8474aeb
QYP16PhysicalFixedAmbient	LeanCode/Internal/NonlinearAnalysis/QYP16PhysicalFixedAmbient.lean	6ca82cad265b65ca00a0b9619a74c91d1e02430a4f09b2244abfd478ad7b7a00
QYP17PhysicalFixedDerivatives	LeanCode/Internal/NonlinearAnalysis/QYP17PhysicalFixedDerivatives.lean	fec100da48be5bbe3753dda316205928e9ea8239ce1af2a25979a3cc5d9648ed
QY34MultiplierGenuine	LeanCode/Internal/NonlinearAnalysis/QY34MultiplierGenuine.lean	0005dc1da6860ff76591f1fb2a9eca386dc0dc23c35f2349b9123d9f7bb2eaa4
QYP18PhysicalPrimitiveDerivatives	LeanCode/Internal/NonlinearAnalysis/QYP18PhysicalPrimitiveDerivatives.lean	d72bdf63a5162702d84ff6da1ae3a9e369594dbb4855c75f9bf7cb3b632d7bd6
AXP1PhysicalExtraction	LeanCode/Internal/NonlinearAnalysis/AXP1PhysicalExtraction.lean	a95a104a1c4e2db016064172d6b6c2fc449a43f2f95f6ebd6a6558c8786996e0
AXP2PhysicalRaw	LeanCode/Internal/NonlinearAnalysis/AXP2PhysicalRaw.lean	eb9f92536918204d186456b9c75f00e65e83530747e128c37c38a5e881ec9eae
AXP3PhysicalRawDerivative	LeanCode/Internal/NonlinearAnalysis/AXP3PhysicalRawDerivative.lean	4b957bd7fb16554bd3b1ba8bcb54b9fb3f9a35d79dfeb594904de8c24a9a3f37
QYP19PhysicalForwardCore	LeanCode/Internal/NonlinearAnalysis/QYP19PhysicalForwardCore.lean	4f20b1c81ebbeab9b18137a9b72ac354d8e84dd3b5fba678fe926957473596f5
QYP20PhysicalFixedBounds	LeanCode/Internal/NonlinearAnalysis/QYP20PhysicalFixedBounds.lean	461de63ed799b88a3fd376dfcd35c31f7ea49a40330021f5ad0b021782b9845e
QYP21PhysicalForwardConsumer	LeanCode/Internal/NonlinearAnalysis/QYP21PhysicalForwardConsumer.lean	b893de82a36b0f9ab63bb63ccde48bddbdc982c252ace2359cf72ea22648bceb
AXP4PhysicalConsumers	LeanCode/Internal/NonlinearAnalysis/AXP4PhysicalConsumers.lean	037fcfc7a87c8ac289b612696ce9e5222990f65eecf708889f868f91812096c8
AXL21ReferenceLift	LeanCode/Internal/NonlinearAnalysis/AXL21ReferenceLift.lean	f6d03ce5b48d55eada34236db203ccddac66d4e7fcc2b1340d88e176e9444642
RootUnitGoal	LeanCode/Internal/NonlinearAnalysis/RootUnitGoal.lean	6d12a42edac98623fca113d4dd3bf92a7b8912a430a14d4f17d0da41718223f5
RootUnitConsumer	LeanCode/Internal/NonlinearAnalysis/RootUnitConsumer.lean	64d47915964e0bf02b6ac1936167f59cd9ea735db98ba0829c3938bbcf86d3f9
AXL22RootFormula	LeanCode/Internal/NonlinearAnalysis/AXL22RootFormula.lean	ec03b25c3724b37179744ab7d65671ff542de560b2fe4bb40f7092d99bc92eb9
AXL23AxisDataLift	LeanCode/Internal/NonlinearAnalysis/AXL23AxisDataLift.lean	a7e279e82ca320a70395ad04e0b4c7eae0fa2b2c2dad7443a54ddf778466b7e8
AXL24LiftLinearity	LeanCode/Internal/NonlinearAnalysis/AXL24LiftLinearity.lean	c20eace7dc0506b370b7a5d1c0606c8efcf94bba3d17db4085e4d32fb626118f
AXL25ChartKappaBound	LeanCode/Internal/NonlinearAnalysis/AXL25ChartKappaBound.lean	70cb6279daff62429c842846ba4e7248924c6edb48e01ee95dec9774d1e57b76
AXL26LiftConsumer	LeanCode/Internal/NonlinearAnalysis/AXL26LiftConsumer.lean	90d08369d3f87245c714ca23e2ea46a13a4809fad19f9b4c53cdc1f46f069c93
AXJ1RealAxisMaps	LeanCode/Internal/NonlinearAnalysis/AXJ1RealAxisMaps.lean	21deb912fe1655191f7c93e5800bd0548236c443733ebb65e6bb947c27bf6caa
AXJ2RealLift	LeanCode/Internal/NonlinearAnalysis/AXJ2RealLift.lean	6c7112dfbfee953ae7f3cd2b9513a74a342bd789c4b7cfe5950abe7ff88b3537
AXJ3FlatProjections	LeanCode/Internal/NonlinearAnalysis/AXJ3FlatProjections.lean	ee8030953f20dfd72d0045b518174f96c088d726d3e0b1a91e268f659e554a25
AXJ4Coordinates	LeanCode/Internal/NonlinearAnalysis/AXJ4Coordinates.lean	074a1bab804ac42cc604357bb9f1d4f3dc637e7c442511cf34fd3c59f3203bb2
AXJ5SourceFlatJets	LeanCode/Internal/NonlinearAnalysis/AXJ5SourceFlatJets.lean	c53d5d0cd217b19f92a4f0607d94c8b9f3210fa23ea7c78ce23cc73a82180dc7
AXJ6ChartFlatJets	LeanCode/Internal/NonlinearAnalysis/AXJ6ChartFlatJets.lean	57eddd3e5f132a1bd37d2b4f1f12c7429b16c30efe689a00770a71a10f1ed469
AXJ7DomainFlatJets	LeanCode/Internal/NonlinearAnalysis/AXJ7DomainFlatJets.lean	67af91e2ee8c7b8c21b726e0134b7d412f05edf13ea79efbd11537b96f41622d
ASL1RawPointwise	LeanCode/Internal/NonlinearAnalysis/ASL1RawPointwise.lean	c0c4ee09c05fb5a2e744b38cf59587e5fabbf5f227e3e85dd319b3ae0a680281
ASL2CoefficientEvaluation	LeanCode/Internal/NonlinearAnalysis/ASL2CoefficientEvaluation.lean	6433a4233d85a6a6e6093cdd85f29fe246c14f7dd071fb7a15ffac44f510d087
ASL3CutoffLocality	LeanCode/Internal/NonlinearAnalysis/ASL3CutoffLocality.lean	2de46587d19a9ce0de1f81a6c26153e2efebef8c593acdc4232effb33edb712c
ASL4OutsideAlgebra	LeanCode/Internal/NonlinearAnalysis/ASL4OutsideAlgebra.lean	5e439ecc49aced1c68877a780b4f541a704c2cee1038b1cf3e70935f2d3c344a
ASL5RawLocality	LeanCode/Internal/NonlinearAnalysis/ASL5RawLocality.lean	e1da886fbddb7c67c07de06f6f2ee95ea168b33dd2345c1774a6fb5d55b8dd9a
ASL6RawDerivativeSupport	LeanCode/Internal/NonlinearAnalysis/ASL6RawDerivativeSupport.lean	ff5393780329dd80be88e2fa33f2cc7726b6c146015065a88af38c6b48458fce
ASL7ActualCapDirection	LeanCode/Internal/NonlinearAnalysis/ASL7ActualCapDirection.lean	23afcbd473c7c9c20d7d692bf0d8e65a0b4d5f4d679275e82bfa862ed3ed0020
ASL8SourceLiftConsumer	LeanCode/Internal/NonlinearAnalysis/ASL8SourceLiftConsumer.lean	04f71d205c9a5ed869ebf48a366111104dc424e008654d6ef04c103949d4d9bd
AXJ0RealAlgebra	LeanCode/Internal/NonlinearAnalysis/AXJ0RealAlgebra.lean	5bf02f28fc49a47f37ce4ba5de7d455b6cebeb3baa7928295fb84d81d9d366c6
AXJ0BlockAlgebra	LeanCode/Internal/NonlinearAnalysis/AXJ0BlockAlgebra.lean	a17dfc400e56790d949bf00a96ae4a976fdbeecb8bfca93fd3c65429bf25d1f0
AXJ8ExactSplitting	LeanCode/Internal/NonlinearAnalysis/AXJ8ExactSplitting.lean	2f3487a4e33726845278e3163cdc062e6b4ca316d87481bb0d0f42f52c49bd95
AXJ9ProjectionGoal	LeanCode/Internal/NonlinearAnalysis/AXJ9ProjectionGoal.lean	992d9a3520971f7ab781949bd164dda33959c659927a29c184c0c40bed5ef9c9
AXF1RadialProfiles	LeanCode/Internal/NonlinearAnalysis/AXF1RadialProfiles.lean	9d7a4db826d6eefc5654f76ecafa7db89a3436a926fdf207d82c262bd1281d7d
AXF2RadialProfileFormulas	LeanCode/Internal/NonlinearAnalysis/AXF2RadialProfileFormulas.lean	36f8cfaac9fe7064e083110cbaffe6e1b7184976df62a06bcd97e8d2991793c6
AXF3RadialProfileBounds	LeanCode/Internal/NonlinearAnalysis/AXF3RadialProfileBounds.lean	28da48253595a24f0c589d5c2e18e768dfe7df2ddfdd43e6480ed9032e3850fc
AXF4SpinCorrections	LeanCode/Internal/NonlinearAnalysis/AXF4SpinCorrections.lean	bbc1b0f752631ee1ed25885bf144c0d0bd3ac4b14628716fd1521ae8acb6d006
AXF5SourceProjector	LeanCode/Internal/NonlinearAnalysis/AXF5SourceProjector.lean	e57ef63d7bc3683ba4dbbee06aa9a0b45114a13bdc924fc1077e19e6fda3be6f
AXF6FlatRange	LeanCode/Internal/NonlinearAnalysis/AXF6FlatRange.lean	0558e154ea534f7607b89e1b764339d83ad21739ab77d7e1d894f6338eb2f4c5
AXF7CorrectionBounds	LeanCode/Internal/NonlinearAnalysis/AXF7CorrectionBounds.lean	98dc6e264f19bd5f878dec3e349a943f03dd417724f9d13526dfbed9c9b8ecfe
AXF8ProjectionBound	LeanCode/Internal/NonlinearAnalysis/AXF8ProjectionBound.lean	cf992da4110ec1b4089f0dd201ddc0a256c1b512ac077a6363f840de4152bae6
AXF9Reality	LeanCode/Internal/NonlinearAnalysis/AXF9Reality.lean	04c880ded50a11093258626a75d046d45f864561c41d8d4ec9bc31209355c371
AXF10RealConsumer	LeanCode/Internal/NonlinearAnalysis/AXF10RealConsumer.lean	9f55363eb957daa067d3c33fcec95833da59e7011f279bc2cc7ba5a8d7217513
AXF11ProjectorConsumer	LeanCode/Internal/NonlinearAnalysis/AXF11ProjectorConsumer.lean	d2798613d681298da3d68f73ecbb4db1b72af4f7c9cc1390c36bacf5d7664e2c
AXF12CellLocality	LeanCode/Internal/NonlinearAnalysis/AXF12CellLocality.lean	1331d442950d32748c152aca7e8d3da725fbe0f2c324ebe13110e1d2767f3b00
AXF13FiniteCells	LeanCode/Internal/NonlinearAnalysis/AXF13FiniteCells.lean	8737aa18d8636a94af3fd24e4f7aa6b125f1d43213766c99ee8ba138797af08c
AXF14CompletedProjector	LeanCode/Internal/NonlinearAnalysis/AXF14CompletedProjector.lean	19f5b19eeac6794b623205e79e1bd1b9779ab8c926fdba82a9272f43a0fa444e
AXF15FlatSourceDensity	LeanCode/Internal/NonlinearAnalysis/AXF15FlatSourceDensity.lean	87d733489118beb11a815338ae42a3567282f7260b5eddfd0f68eb382c9edd90
AXF16RealFiniteCells	LeanCode/Internal/NonlinearAnalysis/AXF16RealFiniteCells.lean	4f9faa6fea344a3a856f719c5027d8ef174a90168cd3752b21b672a879439304
AXF17CanonicalCompletion	LeanCode/Internal/NonlinearAnalysis/AXF17CanonicalCompletion.lean	96128ddc1c3577c572be6d5c01d4addcf8e1339ed63db801a36090400209f3c1
AXF18RadialSupport	LeanCode/Internal/NonlinearAnalysis/AXF18RadialSupport.lean	9efb8ae9613842a2c30ca49c71e6f8b2cf7080642a6b1e5bf7fdf78603fffa3a
AXF19SpinNorm	LeanCode/Internal/NonlinearAnalysis/AXF19SpinNorm.lean	4583a287e07598ce7b0d43974f2c2f73706b424c4187b8a2c1338564fa2c2005
AXF20VectorNorm	LeanCode/Internal/NonlinearAnalysis/AXF20VectorNorm.lean	60e6262a71ae02d9de1993788909f2f58ab8a306a3c076fa1c55ef3b3e73c9a8
SBT3TangentialCore	LeanCode/Internal/NonlinearAnalysis/SBT3TangentialCore.lean	0972e9f7cb9f41860175f80ff8ad70943f35c7ea7121667626d535546850bed3
SBT4BoundaryAngular	LeanCode/Internal/NonlinearAnalysis/SBT4BoundaryAngular.lean	ef25857384a94ba1e84d96c5942e1ff2854d46c0ebafd954b38e22368aa83017
AXF21CartesianSource	LeanCode/Internal/NonlinearAnalysis/AXF21CartesianSource.lean	2c4c63098582c1f173ed9003d06ffdaa658be6851f255f8e39d241d2598d16df
SBT5OriginalSource	LeanCode/Internal/NonlinearAnalysis/SBT5OriginalSource.lean	b151302c66be6c5ab6a17cae18d2151a22e04c0cec18bd17570025d6592889c7
SBT6LiteralAngular	LeanCode/Internal/NonlinearAnalysis/SBT6LiteralAngular.lean	34900c1f032858f2d08abd56b3dc0d67c4c6bb87b2bc22002e0069b1ab3c50ae
SBT7SourceTraces	LeanCode/Internal/NonlinearAnalysis/SBT7SourceTraces.lean	0257ba0bb56cf70dcc0ba89292e37d75184f0feaa73354525fd4fe57b8dadb05
SBT8OuterTuple	LeanCode/Internal/NonlinearAnalysis/SBT8OuterTuple.lean	4e70b2df7fbbb372eeb11221c5ed707ccc1a6aedc60086e1221940bf996fde32
AXF22SpinMaps	LeanCode/Internal/NonlinearAnalysis/AXF22SpinMaps.lean	c65ca984c3b87db7553ce0bfdc500dbb98724804f49391f37636a44dc748617f
AXF23CartesianRadial	LeanCode/Internal/NonlinearAnalysis/AXF23CartesianRadial.lean	fc8bc129c544abcbaa45af76a4cca619b73b233b41077413dafc906d78164af6
AXF24CartesianTraces	LeanCode/Internal/NonlinearAnalysis/AXF24CartesianTraces.lean	ec1fcc0fedd4935511a20f0903f7afc9b2cc0d4b48d21de171fa34f66d2d809b
AXF25CartesianProjector	LeanCode/Internal/NonlinearAnalysis/AXF25CartesianProjector.lean	548ffc775e5744704cbfefada6339bfef1e1a91d52fb5791a31643c31ac1faf9
AXF26CartesianFlatRange	LeanCode/Internal/NonlinearAnalysis/AXF26CartesianFlatRange.lean	05c62bdc9a54b08941ee31106bc20222e4f626f41bce2c29559ac6a48fa67b33
AXF27FixedRadialProfile	LeanCode/Internal/NonlinearAnalysis/AXF27FixedRadialProfile.lean	b737b99fc62660c5fc7c003fb7e321a4205a976ee3f02947b594295860500c8c
AXF28CartesianEquivalence	LeanCode/Internal/NonlinearAnalysis/AXF28CartesianEquivalence.lean	313e1ed42a49cbc47285ef524b636b95c17f4157738cd984adcaf8ed54d91098
AXF29CartesianConsumer	LeanCode/Internal/NonlinearAnalysis/AXF29CartesianConsumer.lean	6732cc435db0d11a89951cc23a80795ccc42950adbe82aab51bafddbda0df93a
AXF30CartesianReality	LeanCode/Internal/NonlinearAnalysis/AXF30CartesianReality.lean	daf8a3e2b2149ccaed337c64b9d3694e09d24c5ad5a9eddf0faf19cd785d3556
AXF31CompletedFiniteDensity	LeanCode/Internal/NonlinearAnalysis/AXF31CompletedFiniteDensity.lean	c7202ebfc667b7052e6f2c9ee04df27a13d673628bc215b23ceb2faa620427ad
AXF32PublicBoundary	LeanCode/Internal/NonlinearAnalysis/AXF32PublicBoundary.lean	d68d14a1719bdfff34651e34f70a81bcb8611cf72ced446f65b5a0d9df721ad6
SC1PolarSourceAlgebra	LeanCode/Internal/NonlinearAnalysis/SC1PolarSourceAlgebra.lean	32d410bbde5d772bbae71f205e3bd9c8e69be1b15438a5cb0dca7c384330bbfa
SC2PhysicalCofactor	LeanCode/Internal/NonlinearAnalysis/SC2PhysicalCofactor.lean	a60d6e7c5353f3ca533756622466c62859075d5b37e9a7434bead935cd004eab
SC3AngularMeanFree	LeanCode/Internal/NonlinearAnalysis/SC3AngularMeanFree.lean	0eda04129b09bfa1a164da23d59e413c6224549e7585825f1f538b53ab352907
SC4AnnularSubstitution	LeanCode/Internal/NonlinearAnalysis/SC4AnnularSubstitution.lean	eb435f479cc881c9a121d1f3053303b5a4e600da662ccf4e9ccf9236ad9d7bd0
SC2GlobalFrameMargin	LeanCode/Internal/NonlinearAnalysis/SC2GlobalFrameMargin.lean	7daa70b77d3040b0b21c340f6b53607ec733e61217e413e88286a937b7196a85
SC5ActualSourceSlices	LeanCode/Internal/NonlinearAnalysis/SC5ActualSourceSlices.lean	f20e55100e3a84ceb1faeb6340d147a9f0300a6978462e67cfba1574d3226256
SC6RadialMean	LeanCode/Internal/NonlinearAnalysis/SC6RadialMean.lean	57627184fbc56abd988582a8e0473e3bd774b7213635d2fdef17178959c37bf1
SC2GlobalFrameInverse	LeanCode/Internal/NonlinearAnalysis/SC2GlobalFrameInverse.lean	47e94515cf4aa0ab047a749c1608120adeb4d79580a9c3e9725166412331daa5
SC2GlobalFrameContinuity	LeanCode/Internal/NonlinearAnalysis/SC2GlobalFrameContinuity.lean	5f05a8299ba648e73f1dd28f3bc2aefdf28e63106a1fecd4017cb51d09209734
SC7ActualMeans	LeanCode/Internal/NonlinearAnalysis/SC7ActualMeans.lean	622588e8ef2647e5b2b8d60739a60a552a1b3ff28819deaeb35894245241e743
SC8PublicBoundary	LeanCode/Internal/NonlinearAnalysis/SC8PublicBoundary.lean	3d8ac411d67cb18cf71c48d6fe087e3cd348b2fd37224d2e06ef9eeb12883be8
SBT9PhysicalBoundary	LeanCode/Internal/NonlinearAnalysis/SBT9PhysicalBoundary.lean	d9f109cf79d5e4d4e7f325c62fb84a4796bd93a7ad3508f6b57174fef3246a79
SBT10PhysicalRotation	LeanCode/Internal/NonlinearAnalysis/SBT10PhysicalRotation.lean	e84d17ff2daf6b3e7856ad5008829b98dfab8ecf82c7dd5e86ca8e9b58c368b6
GC20ScalarEnergy	LeanCode/Internal/PhysicalAnalysis/GC20ScalarEnergy.lean	1504e19578dd2db90887d8ac2bdc130a2e1224579ac5defc83c00b11d54b8e8f
GC20TraceWindow	LeanCode/Internal/PhysicalAnalysis/GC20TraceWindow.lean	6e6681c9f9ec1a34af627af859690677662297cd98897ee0146420ae395b22b7
GC20ScalarTrace	LeanCode/Internal/PhysicalAnalysis/GC20ScalarTrace.lean	f8de6d77e546b36c90aa4eba1e85903be381083c5e386560312e7ebd0f426de1
GC20HilbertCore	LeanCode/Internal/PhysicalAnalysis/GC20HilbertCore.lean	f8126dd05564321a6837c75603aed30b15c2510291a1c20d5a6d715779fa1fb0
GC20RangeExtension	LeanCode/Internal/PhysicalAnalysis/GC20RangeExtension.lean	cd437928169b2e519acdae3b1b19a6e0f997eeb7e3bb4846677b84d120f01a32
GC20H1Trace	LeanCode/Internal/PhysicalAnalysis/GC20H1Trace.lean	d61d3d813dd30d92eeba3695a98f1b4a5cd70a2b4f021f3f2e7fd770f293bd81
SBT11RadialEndpoint	LeanCode/Internal/NonlinearAnalysis/SBT11RadialEndpoint.lean	fd4f74291c6459d30e35477d10e1f90fd0f7ac4ea9d49459cd5a03b4362b51ba
SBT12RestrictionEndpoint	LeanCode/Internal/NonlinearAnalysis/SBT12RestrictionEndpoint.lean	66d673b33ba0849038ea136fa454f230b45f051264b02e63bd45812b8bc83178
TRM1AngularWeight	LeanCode/Internal/NonlinearAnalysis/TRM1AngularWeight.lean	ec9a838abca57affd148463213d98f9942dedbe4277305175f066a891e970b7f
TRM2RowShift	LeanCode/Internal/NonlinearAnalysis/TRM2RowShift.lean	845a5a3044947062c6a386d64da19b926e622ba9803332505224fa393f6e1557
TRM3JetShift	LeanCode/Internal/NonlinearAnalysis/TRM3JetShift.lean	a12b1d2f2cbd73b25a904959f8e5f596c787980cd4996d435b5cf2e042c4efdb
TRM4GraphShift	LeanCode/Internal/NonlinearAnalysis/TRM4GraphShift.lean	513a6a3b2196649b1b3724da4fa7c012e49337b079f838a36f985bb511c7d20b
TRM5CosSinGraph	LeanCode/Internal/NonlinearAnalysis/TRM5CosSinGraph.lean	b37591c5239a12f01cb2b4c57d92843768406c5f68155082d7a8fd165e5f6295
TRM6GraphValueMap	LeanCode/Internal/NonlinearAnalysis/TRM6GraphValueMap.lean	dac996fe6e74e78d42b7330fb8f9a4c6a9f9c9e04aee6e24484324b796647244
TRM7PolarContractions	LeanCode/Internal/NonlinearAnalysis/TRM7PolarContractions.lean	ab2b8997a99b551a3fdd6352d8147365204da6cb168fd0dce3f81b16999c090b
TRM8LiteralCoreFormula	LeanCode/Internal/NonlinearAnalysis/TRM8LiteralCoreFormula.lean	1042a07e61bf55762c57ccccab9ebd6a9932717e22dfc34fd697162f6b09ff50
TRM9LiteralFourierShift	LeanCode/Internal/NonlinearAnalysis/TRM9LiteralFourierShift.lean	e6974c611eba60e0e076f636727a218295b86aa67f480396e2f96e9a8aca9ff6
TRM10RestrictionConsumer	LeanCode/Internal/NonlinearAnalysis/TRM10RestrictionConsumer.lean	76a18209d10ce1d1f07058780f2aa7f5a3335f218298abcdc97df1d5f13b7c4c
TRM11PublicBoundary	LeanCode/Internal/NonlinearAnalysis/TRM11PublicBoundary.lean	2d15bf5a903c643f77566fdb05af0f24c8ce4f987661fbcd45d3db68f4b350de
SBT13EndpointMaps	LeanCode/Internal/NonlinearAnalysis/SBT13EndpointMaps.lean	57e2956f3c0258f4ee3ef4b491858dbfab444149ca29159b65e2de2cb5f09d45
GC20WeakGraph	LeanCode/Internal/PhysicalAnalysis/GC20WeakGraph.lean	7ee1f67597a9b0d19353e3b5fee21e786108a96c8bd2b8121e68744d42f3ed0b
ASG1WeightedRadialCompletion	LeanCode/Internal/NonlinearAnalysis/ASG1WeightedRadialCompletion.lean	9eff87120796a708b37f61db07d1b551468da9bbb81e339c332cd082770873c6
ANR10RadialCore	LeanCode/Internal/PhysicalAnalysis/ANR10RadialCore.lean	9d650e08c075802299f8f344f99c131608a58d68bb00b8e5d2ee853248b6f438
ANR12DiskL2Radial	LeanCode/Internal/PhysicalAnalysis/ANR12DiskL2Radial.lean	9d38bb7983e7cb3cc5ba4bf0e2d1df7e54a13142f70ede06d80d09301819e225
ANR14RadialTestLift	LeanCode/Internal/PhysicalAnalysis/ANR14RadialTestLift.lean	7af3456dd7d99d650289271b8515e52f0f315f487e35612f102d82e7f61c287e
ANR16PolarDerivatives	LeanCode/Internal/PhysicalAnalysis/ANR16PolarDerivatives.lean	139645f0856910d327208ea1dffe7a6a1fe8dbed3e644ca534a119c76df41915
ANR17PolarLaplacian	LeanCode/Internal/PhysicalAnalysis/ANR17PolarLaplacian.lean	3726b074d08c990f796d4df3a56ae575801134a11700c26c49fa74121d7684ce
ANR18PolarTestJets	LeanCode/Internal/PhysicalAnalysis/ANR18PolarTestJets.lean	40ca27c6931abbc11aa7d0b668cba47500f421bd84c58a64190d679ec9cfc8a3
ANR19TestLaplacian	LeanCode/Internal/PhysicalAnalysis/ANR19TestLaplacian.lean	99ebaa7d17dd25c07378ff455515c75605e2b4111976bf6a5a1ff8c62d1cfd6a
ANR20ComplexPolarIntegral	LeanCode/Internal/PhysicalAnalysis/ANR20ComplexPolarIntegral.lean	08a30d685f7327b7c67ccf111fc012f0f0b86ca665a908e6ba105f98c77dccce
ANR21AngularTestPairing	LeanCode/Internal/PhysicalAnalysis/ANR21AngularTestPairing.lean	cd683cf0e8ffb90e97c44aeb6bc001dd4013d7ab57329fc6c1141c858a43b2e0
ASG2BothEndpointBounds	LeanCode/Internal/NonlinearAnalysis/ASG2BothEndpointBounds.lean	0faf5b369a319e0be2c34bcd167ff58858ced2e893c0fb7b1f21be86ee340db0
ASG3CompletedEndpoints	LeanCode/Internal/NonlinearAnalysis/ASG3CompletedEndpoints.lean	3dda7781284830dddd0bbd1d714d11f1c442bcd353cba6e4fb117d79fde5e98c
ASG4RadialWeightMap	LeanCode/Internal/NonlinearAnalysis/ASG4RadialWeightMap.lean	648f60d8166e10f75ac02d5fee22c5136f0722d6ad8dc4dce98022327f432347
ASG5FaithfulWeightedGraph	LeanCode/Internal/NonlinearAnalysis/ASG5FaithfulWeightedGraph.lean	85087c1543c1eb29def1af6c82b6a21b664060192f8facfe3c938115b55b63e6
ANR11CompletedRadialExtraction	LeanCode/Internal/PhysicalAnalysis/ANR11CompletedRadialExtraction.lean	1daa18f7760813e35e719c832adb563a05268981ac2646f294ca1bf9174f473a
ANR13RadialBulkConsumer	LeanCode/Internal/PhysicalAnalysis/ANR13RadialBulkConsumer.lean	c1c61b65e7977a4cf3f85f505b2a90804f78e98b73da9449a472b851dbc2c2ca
ANR15RadialModes	LeanCode/Internal/PhysicalAnalysis/ANR15RadialModes.lean	029734c4e75328c5de351b9c73994a686a8f187d41b7ae443b0bbe02135b1ac2
ANR22CompletedPolarPairing	LeanCode/Internal/PhysicalAnalysis/ANR22CompletedPolarPairing.lean	6e7af774442a16dee048404d22f47491ff8f78adb51f48b6da30bf1aa154273f
ANR23RadialTestOperator	LeanCode/Internal/PhysicalAnalysis/ANR23RadialTestOperator.lean	a08ffbcbdf089b486d3ca4a37d7c3935e3c04baf9ba1547cc08eb5caeb46588e
ANR24LaplacianTestL2	LeanCode/Internal/PhysicalAnalysis/ANR24LaplacianTestL2.lean	d3f76229f26fef8d666a725841d8de205d5c76c00cb9b68a1a27da7e6982f84a
ANR25RadialWeakEquation	LeanCode/Internal/PhysicalAnalysis/ANR25RadialWeakEquation.lean	ceacd7b49ed2a6f65b9d38651a19fc0b9e1365eeb0d396dab8a5dcdaa6d72246
ASG6FourierCompletion	LeanCode/Internal/NonlinearAnalysis/ASG6FourierCompletion.lean	3998cf78b9d01a28d2f4dd1ee125e295c455c4ba9d1b58e8c5fc0406e54e3f1f
ASG7FourierTraceOperators	LeanCode/Internal/NonlinearAnalysis/ASG7FourierTraceOperators.lean	278b75cc925a9754902fac8823b687e27870babb6962e92d500b6a19b5f6c874
SBT14PolarEndpointFormula	LeanCode/Internal/NonlinearAnalysis/SBT14PolarEndpointFormula.lean	2d01ee706f9a7eeda41432beba0babaa0eaf7ece7d49da6a00a31f25ed75114e
SBT15TangentialGraphTrace	LeanCode/Internal/NonlinearAnalysis/SBT15TangentialGraphTrace.lean	7c467e7146e8ba5d555d6f78b8cc25a15842dbc3a7f493bd3702b1c3b61c8c2a
SRC1AngularGraph	LeanCode/Internal/NonlinearAnalysis/SRC1AngularGraph.lean	c30c7d05a56e61a2847a8e0cfeab311c6d8cd3fd220adefa8ed14443c01d888d
SRC2OriginalSource	LeanCode/Internal/NonlinearAnalysis/SRC2OriginalSource.lean	d8ad40c933a946159657ce0fb56796bbcf9239bf54e48f848a9d5272a5d10bc8
SRC3CompletedComponents	LeanCode/Internal/NonlinearAnalysis/SRC3CompletedComponents.lean	429b4b633375612674f532c46b09e89fb4d558144dd91ae3f53ae6852bf249ed
SRC4LiteralCore	LeanCode/Internal/NonlinearAnalysis/SRC4LiteralCore.lean	e9cf5ea692cf68998a56fe6928f91f22e40bbcd46c2fee272f13a8edfc631556
SBT16BulkBoundaryCompatibility	LeanCode/Internal/NonlinearAnalysis/SBT16BulkBoundaryCompatibility.lean	bd07e0a0a67f96bb61987ba388f917ef1b87f2ca1cc5bd5381d6933bdcdbc09b
SBT17PublicOuterTrace	LeanCode/Internal/NonlinearAnalysis/SBT17PublicOuterTrace.lean	e19730aa3e1eff3aef81f5d74791701217037d6325208917cc6d246db27dd65a
BKA1TraceCarriers	LeanCode/Internal/NonlinearAnalysis/BKA1TraceCarriers.lean	213edd57bf9495e3e6ca3f21bb8d10d82d325fe8070b16a599b380a4a20b18c7
PA1PhaseWeights	LeanCode/AnalyticAlgebras/PA1PhaseWeights.lean	c0fb6c554072d51a05ea4259e4040fe51f40bf3b5de83477bca7085bb0a1048a
PA2PhaseSubadditive	LeanCode/AnalyticAlgebras/PA2PhaseSubadditive.lean	95781089e3430da99b28a16cd17f977e7daf9616c8f9d0a1763e775b4b5154c9
PA3PhaseInterface	LeanCode/AnalyticAlgebras/PA3PhaseInterface.lean	38b6e2a1e4d08b7dbc9b23fc8606fd1193f8168c348ec2092bdccfafa25a059e
PA4PhaseProof	LeanCode/AnalyticAlgebras/PA4PhaseProof.lean	678ea0b4ed9dc1054529ff4bfa62126e9d6738cf951b2f184beb1aa824b4e0d1
PA5PhaseConsumer	LeanCode/AnalyticAlgebras/PA5PhaseConsumer.lean	550faf5dfcf96bbd52043d4c65b8863195124818695f126a6065d2b8389c6de1
BKA2ShiftWeights	LeanCode/Internal/NonlinearAnalysis/BKA2ShiftWeights.lean	546ce9f130e1276749aff92c25c98467a84520813444713ef9124bb163e746e4
ASG8OriginalPhaseNormalization	LeanCode/Internal/NonlinearAnalysis/ASG8OriginalPhaseNormalization.lean	755dd56bf4d631e6dd2a43d180fef6eb260c8c6b7131aedca8314f586ce31e22
ASG9PhysicalSmoothSourceCore	LeanCode/Internal/NonlinearAnalysis/ASG9PhysicalSmoothSourceCore.lean	356a092e16a0c0db7ba0a4dd2f0c04d03bdcbf147cc40e7b4fad40ccf2142187
ASG10PhysicalEndpointTrace	LeanCode/Internal/NonlinearAnalysis/ASG10PhysicalEndpointTrace.lean	7dd18b48211e896a3170c4cdeb9a357a46ae24d84925527505c398f6216a9a1c
ASG11GradeInclusions	LeanCode/Internal/NonlinearAnalysis/ASG11GradeInclusions.lean	bc8d670075e458fc0e73c82d7e90ae19264467eb151b6873faf92504b13a527f
ASG12FaithfulFourierBulk	LeanCode/Internal/NonlinearAnalysis/ASG12FaithfulFourierBulk.lean	cb98516f0a2a7ca2ba3149c15dbf3b4c4e7d052d7a587b2e4525fe2ed1fb2e59
ASG13CompletedPhysicalNorm	LeanCode/Internal/NonlinearAnalysis/ASG13CompletedPhysicalNorm.lean	69b733a6568a5d561ad2fa9a878814b9ad84a9e86a53a930ca3490e3e7b7971b
ASG14PhysicalCoefficientCompatibility	LeanCode/Internal/NonlinearAnalysis/ASG14PhysicalCoefficientCompatibility.lean	4e0ffb2e9798bf80b84d896d99a04b5d75b76c5f6d3dfdd7b55507cf9a0dbbaf
ASG15LiteralCompletedEnergy	LeanCode/Internal/NonlinearAnalysis/ASG15LiteralCompletedEnergy.lean	5e2eaa1f6f4dfb8b5391891a64151a1b290e7938c4a76518000bde234fdfc26f
ASG16ActualSourceGraphConsumer	LeanCode/Internal/NonlinearAnalysis/ASG16ActualSourceGraphConsumer.lean	35f9824a2a9df098c2724d44439c4ea1241605fe42316def1d1d2273fa582a67
ASG17SmoothRadialPrimitives	LeanCode/Internal/NonlinearAnalysis/ASG17SmoothRadialPrimitives.lean	147486bd99e8a0b45c96c9ee18838aefc9af5a166ac28c5b04468d503d462f48
ASG18PrimitiveEnergyBound	LeanCode/Internal/NonlinearAnalysis/ASG18PrimitiveEnergyBound.lean	cac7dcba40a89863004aad317ac51031f4ae6cc06e32808a3f73acf04a542272
ASG19CompletedPrimitive	LeanCode/Internal/NonlinearAnalysis/ASG19CompletedPrimitive.lean	91df8c42e788684f97eb31aa3f05046251266e01f8d8ede0345362492413143b
ASG20WeakConstantTests	LeanCode/Internal/NonlinearAnalysis/ASG20WeakConstantTests.lean	9d15e85d59ce165fe6c4f8be9616f108cde4151a0c62806187dde73265e578b5
ASG21WeakZeroConstants	LeanCode/Internal/NonlinearAnalysis/ASG21WeakZeroConstants.lean	66b5b4121c5c9eee7e98f50a40dc4648762a5124587244e5a001760774cc8f7e
ASG22WeakGraphConverse	LeanCode/Internal/NonlinearAnalysis/ASG22WeakGraphConverse.lean	e01cb3e500ee085e88e50fb6d413349ca3c1b5ec0757d6a5c3bdd569e7172697
ASG23IntrinsicRadialEnergy	LeanCode/Internal/NonlinearAnalysis/ASG23IntrinsicRadialEnergy.lean	5bcb25652520eb71ca8fe54f75c256e185bc58854468f32ed455d8449b87fbf6
ASG24IntrinsicFourierCompletion	LeanCode/Internal/NonlinearAnalysis/ASG24IntrinsicFourierCompletion.lean	f828986aa3b18501c617dd171814792fcc4621b19e4abe03c93e4df6a4b0c758
ASG25ExactWeakGraphCharacterization	LeanCode/Internal/NonlinearAnalysis/ASG25ExactWeakGraphCharacterization.lean	303e5a08c84b30366d817cdfd238955be98eda8c40689506ddaad4d63ee975f6
ASG26CompactWeakTests	LeanCode/Internal/NonlinearAnalysis/ASG26CompactWeakTests.lean	b74f526714579bea25bc81a8753d7e5c5248e2e9d1145291d3c572e69cfbdf6a
ASG27CompactScalarPrimitives	LeanCode/Internal/NonlinearAnalysis/ASG27CompactScalarPrimitives.lean	27550e1b0e9db7349b58f86776fa183d1efad324cc0c915de65cfb2695c2e2d2
ASG28CompactZeroPairing	LeanCode/Internal/NonlinearAnalysis/ASG28CompactZeroPairing.lean	0874e1f7f470dba3f741c0220edbdac80cfca677d61ad5f44dc6c16ed21b2cee
ASG29CompactWeakConstants	LeanCode/Internal/NonlinearAnalysis/ASG29CompactWeakConstants.lean	a7003ed73113b36a8e6300f0d31101af3c80521cd41da7fa1db5292e1025a892
ASG30CompactWeakGraphConverse	LeanCode/Internal/NonlinearAnalysis/ASG30CompactWeakGraphConverse.lean	8b1dd8944a5faf8465ec458f6d9fde36ccc74279b87f8ccc3bf839d02f4badba
ASG31ActualCompactSourceConsumer	LeanCode/Internal/NonlinearAnalysis/ASG31ActualCompactSourceConsumer.lean	bb78d2d8d038f5f8e032fd08dc1247c1fe06953adb5587a5bb6d82d65723e1d0
ASG32UniformRadialRepresentative	LeanCode/Internal/NonlinearAnalysis/ASG32UniformRadialRepresentative.lean	213ab81f3b4ff40fc5b96008f897e3b1aab2aa4700b0be3794ac5cbae3b8c6d9
ASG33CompletedContinuousSection	LeanCode/Internal/NonlinearAnalysis/ASG33CompletedContinuousSection.lean	5d8a2696c68ebc5178449c5198784b4d0671187c2dc188b711ce1b728b6084cc
ASG34SectionBulkIdentity	LeanCode/Internal/NonlinearAnalysis/ASG34SectionBulkIdentity.lean	0a829687692390e9b22a307314cc37d0ff97e0267df26d215fbef29fab0d7e8c
ASG35ActualIntervalIntegral	LeanCode/Internal/NonlinearAnalysis/ASG35ActualIntervalIntegral.lean	fc161cadfae815dc9bc41927a4b0af62526137b206bea04a9ab76a60c03a4935
ASG36ExactRadialPrimitive	LeanCode/Internal/NonlinearAnalysis/ASG36ExactRadialPrimitive.lean	8720f71379ed20d38b682e136880f53725db5f05fd028b66d23200d1e85880c3
ASG37ActualWeakRadialRepresentative	LeanCode/Internal/NonlinearAnalysis/ASG37ActualWeakRadialRepresentative.lean	cfaa9f53a735f9559c2ca1334d23d337d1969243ad8cd0ef3ef1a85135da9e03
ANR26OrdinaryRadialPairing	LeanCode/Internal/PhysicalAnalysis/ANR26OrdinaryRadialPairing.lean	dbc7006b894038436689a2e87299899a15e617b8875dd65b7fcb216ac9b3e2aa
ANR27RadialFluxCalculus	LeanCode/Internal/PhysicalAnalysis/ANR27RadialFluxCalculus.lean	5900468fe007ab552f94279270a6d32c25abc41f6aaf6d37f667e5b6a04aecd8
ANR28ActualRadialFlux	LeanCode/Internal/PhysicalAnalysis/ANR28ActualRadialFlux.lean	0e322b2c202618dff7e6e7920515b6e4c59c0cc737c4ec944591c5d05d70aa0b
ANR29RadialPrimitiveDerivative	LeanCode/Internal/PhysicalAnalysis/ANR29RadialPrimitiveDerivative.lean	f8bb5c57dcc858f05be92cd54e61b8bd549f3811db5e93d4bd8718b6ae890713
ANR30ActualClosedCollarDerivative	LeanCode/Internal/PhysicalAnalysis/ANR30ActualClosedCollarDerivative.lean	cfecf4bc05f81f32bb7904a0d567f87fb2ca1571f433b4f2e04a7dd8013da9c7
ANR31LiteralSmoothRadialSource	LeanCode/Internal/PhysicalAnalysis/ANR31LiteralSmoothRadialSource.lean	d6ecc40874e80aaabeff9678af50182c450ac843be5e0e2148028655d32900b7
ANR32ActualClassicalRadialSystem	LeanCode/Internal/PhysicalAnalysis/ANR32ActualClassicalRadialSystem.lean	0edc5d4abf3238f88a093da85ea82b44f8365b892e35a381c6cb1c8e525a3d74
ANR33RadialODEBootstrap	LeanCode/Internal/PhysicalAnalysis/ANR33RadialODEBootstrap.lean	1204b4c0144b2ffe72f5f1e30cd051a220fcf207b7acd928c1a6743f1efb8686
ANR34ActualClosedCollarSmoothness	LeanCode/Internal/PhysicalAnalysis/ANR34ActualClosedCollarSmoothness.lean	2fae46964462c6705fce64974057d9821e58ad7c26ed34d3565e0c2f6d638984
ANR35RadialBoundaryTrace	LeanCode/Internal/PhysicalAnalysis/ANR35RadialBoundaryTrace.lean	887dcdf0d6a6bb1f894d9d35872aaecaf9cafc27b39b07185333e237f6a5edea
ANR36BoundaryCharacterTests	LeanCode/Internal/PhysicalAnalysis/ANR36BoundaryCharacterTests.lean	ab63f154b8d496e8795bca48c8de4e2f876f8d93abfbb6851dc2c43933ddb8a7
ANR37PolarGradientPairing	LeanCode/Internal/PhysicalAnalysis/ANR37PolarGradientPairing.lean	2a851b5c1eae097c57cbb46118b1837b11c6606c993dfcaf85f32846d68431c7
ANR38CharacterGradientCoefficients	LeanCode/Internal/PhysicalAnalysis/ANR38CharacterGradientCoefficients.lean	4c2d62e1fb19c14092be096ff3a17880bf7958bcc597830294c3c73ba9455760
ANR39BoundaryTestL2Pairing	LeanCode/Internal/PhysicalAnalysis/ANR39BoundaryTestL2Pairing.lean	f1674e6cc2d1af1517511ad7298b4d8fdfd5031230ee63d0f2f083f2619b5f03
ANR40IntegratedPolarGradient	LeanCode/Internal/PhysicalAnalysis/ANR40IntegratedPolarGradient.lean	83a2ddccd3e5e8dc7e65e848cd8f24774fae9661ad7b74770acdec498925d417
ANR41CoreGradientIntegral	LeanCode/Internal/PhysicalAnalysis/ANR41CoreGradientIntegral.lean	4efc7ee85f16638f5bc24685c61818e83770f642fc9dd27b295ecd85ef841e07
ANR42CollarGradientIntegral	LeanCode/Internal/PhysicalAnalysis/ANR42CollarGradientIntegral.lean	dc9f2a6561290a732417cb293ffd68ea46fa98790a0fcd3306e7989257d4af15
ANR43CompletedGradientPairing	LeanCode/Internal/PhysicalAnalysis/ANR43CompletedGradientPairing.lean	5bc2552e85ab1ce82b229c62c6e0d198f3bb09f91b1f8e3b8df8b01d92660ef4
ANR44HighBoundaryCharacter	LeanCode/Internal/PhysicalAnalysis/ANR44HighBoundaryCharacter.lean	016004b0f789698b60e2542c70659e8505d865bb02dc97690281d48e97d72fc0
ANR45BoundaryCharacterPairing	LeanCode/Internal/PhysicalAnalysis/ANR45BoundaryCharacterPairing.lean	0af283c580d08fb07b798b91f119d2f489050eb1d1a63fb40d3daeb6cdf218d3
ANR46ActualBoundaryForm	LeanCode/Internal/PhysicalAnalysis/ANR46ActualBoundaryForm.lean	aa59d690d308aa8cff4a6860dbed2d93c7f8d8dce5bf890ec39634691af60c73
ANR47ActualFluxBoundaryEquation	LeanCode/Internal/PhysicalAnalysis/ANR47ActualFluxBoundaryEquation.lean	8e9586d8d46f63b762c62fee0abadf2e1d50c6d8526c752b7f0597e8b2237ec2
ANR48RadialEndpointIntegration	LeanCode/Internal/PhysicalAnalysis/ANR48RadialEndpointIntegration.lean	35cc8d096bcc3d9b982d57726f0c0ca11dbace96bd71ab80c0de7fdecb3d7748
ANR49ActualOuterFlux	LeanCode/Internal/PhysicalAnalysis/ANR49ActualOuterFlux.lean	cd79841795f88d7bb01db2cbca327c176c004abc97d163e196f45cb12d5e68d0
ANR50LiteralOuterDerivative	LeanCode/Internal/PhysicalAnalysis/ANR50LiteralOuterDerivative.lean	361b770d79981e9cbeab9353ac066a1fbdff889c3021a64c5e7479c124a31490
ANR51LiteralRadialEquation	LeanCode/Internal/PhysicalAnalysis/ANR51LiteralRadialEquation.lean	1d8b88ac6f561a06e27a3d14a6d6e7d32e64e6c8cf6143c71267a1112b5751de
ANR52ActualClosedCollarConsumer	LeanCode/Internal/PhysicalAnalysis/ANR52ActualClosedCollarConsumer.lean	400f73400952ab25d762d14244341a9be3c27a363b53e5ac0bebb707695d56a9
ANG1CompletedDiskModes	LeanCode/Internal/PhysicalAnalysis/ANG1CompletedDiskModes.lean	6eefa8b754e82b822002357f97ad51cc7eed28665a5a1985b8d0fdf8169150d3
ANG2HighDiskModes	LeanCode/Internal/PhysicalAnalysis/ANG2HighDiskModes.lean	54ce532d1fd31cb26c98151608424e347375517b968d89792100dc1b56656b3f
ANG3RotatedGradient	LeanCode/Internal/PhysicalAnalysis/ANG3RotatedGradient.lean	97025d541dc223f8fbe3902a223833a614a0cff952054dcc89dc7ed5c6d47492
ANG4AngularRowIntegral	LeanCode/Internal/PhysicalAnalysis/ANG4AngularRowIntegral.lean	21917c2ca50331f2ad57fc97be00c7fa0631cd234f2ca6174cbec46c98d2f148
ANG5ContractiveModes	LeanCode/Internal/PhysicalAnalysis/ANG5ContractiveModes.lean	5fa2387f5ac99e0dced0f8961a888d392e6629bfaa9b8403ddaef47d62989206
ANG6OrthogonalModes	LeanCode/Internal/PhysicalAnalysis/ANG6OrthogonalModes.lean	0389c5d7589948e116edee5d2c7a5024147b68856753f3a052cc0b4c4e35cf44
ANG7BoundaryModes	LeanCode/Internal/PhysicalAnalysis/ANG7BoundaryModes.lean	960dbf68326ad9fc611e682807442baed1bafc81d6e45f00fc401913cd0316a1
ANG8TraceSymmetry	LeanCode/Internal/PhysicalAnalysis/ANG8TraceSymmetry.lean	86457ef649b613a695db237f6586627300d915e79e6ce0fd4cc500f88cdbb20c
ANG9GradientSymmetry	LeanCode/Internal/PhysicalAnalysis/ANG9GradientSymmetry.lean	9d7b54b37cb3cd722aa2509dce2533dfcf2f0814aa039b5f8e82b9d832cd731d
ANG10RobinCommutation	LeanCode/Internal/PhysicalAnalysis/ANG10RobinCommutation.lean	7364f77d9a536f678d444bfdafaab8b854df524c5d61e5d307ffc1e70d952fba
ANG11FiniteModeConsumer	LeanCode/Internal/PhysicalAnalysis/ANG11FiniteModeConsumer.lean	13892593bb6a3937de0e439355f6e5b3e8b9bad6cf75985a331c72ffaa81ac54
ANG12CompletedRotation	LeanCode/Internal/PhysicalAnalysis/ANG12CompletedRotation.lean	62932ef7fdb153a15a2295b57e2cad7c7927fad5c6f1e8c60f0297eb955826e2
ANG13RotationSpectrum	LeanCode/Internal/PhysicalAnalysis/ANG13RotationSpectrum.lean	afd745fb8bcb09c3b3d619fa7272739cd1ec52a53d18dc8afe06cb927d7eacc8
ANG14FiniteRotation	LeanCode/Internal/PhysicalAnalysis/ANG14FiniteRotation.lean	3a740083b01793ecdc3859d7dab43f5205767d283bda946c66dac49e6c9e7172
ANG15FirstAngularEstimate	LeanCode/Internal/PhysicalAnalysis/ANG15FirstAngularEstimate.lean	df3105b8fa3f0e3715ad2497f82c322a6f2122741c9c581848f5ef517bc6f358
ANG16OrthogonalModeSeries	LeanCode/Internal/PhysicalAnalysis/ANG16OrthogonalModeSeries.lean	1f255347844434e325105e44860032728f50e5b73ae13f090094b9d0c5b5941c
ANG17FirstCompletedDerivative	LeanCode/Internal/PhysicalAnalysis/ANG17FirstCompletedDerivative.lean	c83201a2ad55520398861b2914d7c145ddcc77ab3dfdcc28d4a9fee5f4833c2d
ANG18UnweightedSourceRows	LeanCode/Internal/PhysicalAnalysis/ANG18UnweightedSourceRows.lean	f6191e95c6098268bcbb08e2e2481bae6c0f1a06ad9ce18f3a62605e937519ab
ANG19SourceRotationBounds	LeanCode/Internal/PhysicalAnalysis/ANG19SourceRotationBounds.lean	442f96c57bd8909cb3c16836cf30b6f26e79ad59ccbc9a3bab46f4dbcb1b4022
ANG20CompletedSourcePowers	LeanCode/Internal/PhysicalAnalysis/ANG20CompletedSourcePowers.lean	c27570c6551793336730de755ac5154e77adcf1b84036410aa859eb3f73f3b67
ANG21HighSourcePowers	LeanCode/Internal/PhysicalAnalysis/ANG21HighSourcePowers.lean	758a913a7c7f6874ff51465f0504ac16d9d9db916c2404147ccfc7b5e67c8385
ANG22HigherModeEstimates	LeanCode/Internal/PhysicalAnalysis/ANG22HigherModeEstimates.lean	b5d85d3a197aacbb46683a1b0d7aaf4f1b38982706e7e4a897bffb8a149b33d0
ANG23AllOrderAngularRegularity	LeanCode/Internal/PhysicalAnalysis/ANG23AllOrderAngularRegularity.lean	ae9a49fdd014e752da4fbfa0a667b0f9b7e648e55aa18cb660a3067adf6a6da5
ANG24OrdinarySobolevSource	LeanCode/Internal/PhysicalAnalysis/ANG24OrdinarySobolevSource.lean	4f7778b4c70171d9d4c6a82c89d526fb8fc9a5b172df672cd60d40d613f829a3
DR1Field	LeanCode/Internal/FunctionalAnalysis/DR1Field.lean	1d75138fd1fd53b74bf69e1176dd176013dedbac02fbe242b2ebc1aaea951601
ZE1Field	LeanCode/Internal/FunctionalAnalysis/ZE1Field.lean	6e262ab1911ab0c53a56ee432ea5dcd271eae938f6ac8473c359756a6de5f54a
ZE1Localization	LeanCode/Internal/FunctionalAnalysis/ZE1Localization.lean	b554ba0faa95eeaebb9b4e28112c0112da6ea8a831b0e7597753dd1b7501c9e0
DR1Jet	LeanCode/Internal/FunctionalAnalysis/DR1Jet.lean	6cd03fb95c253a681049d58cc60c63254d34a0f3da545eccc70df0103d443249
ZE1Jet	LeanCode/Internal/FunctionalAnalysis/ZE1Jet.lean	32bb2675b0fd7a841300e4f393175fbda6511811879db926b81dd4fb0363d921
ZE1Maps	LeanCode/Internal/FunctionalAnalysis/ZE1Maps.lean	d280322633c296cb5c42978bb8372241127c7f9612527ba35ecdf9aa1af3cdd9
JRConsumer	LeanCode/Internal/FunctionalAnalysis/JRConsumer.lean	7a62a33b77a660ad0d5ddef4d3d164ff21b1420e6abdb06239a16d08d878d0e9
SM1Interface	LeanCode/Internal/FunctionalAnalysis/SM1Interface.lean	af2373aa19def4e9018c6cf0115848789cd0ab7f65b0656f700695dbb5c1b417
SM1Calculus	LeanCode/Internal/FunctionalAnalysis/SM1Calculus.lean	22166cc560685ac98be5b9312ccbe37526b0dd1e3d276e2a0ea8b0f0dc3d6c46
SM1Indices	LeanCode/Internal/FunctionalAnalysis/SM1Indices.lean	d1dd963d59d23ccac44ff9d8796fccf209a1a9a70be0d2a104762485992260b4
SM1Leibniz	LeanCode/Internal/FunctionalAnalysis/SM1Leibniz.lean	6cf9b9b1b816f5dd1cfa2a6271da5423d2ea0ad4ee37d3e8e607be423a184536
SM1Field	LeanCode/Internal/FunctionalAnalysis/SM1Field.lean	4041e10b22fdcb23538a05c9f6d251b40cb98409d965972444c63889fea7878f
SM1Tuple	LeanCode/Internal/FunctionalAnalysis/SM1Tuple.lean	1fe3037f63da9cd77a03f869fe9d3f38e76d5af1a20d71049438db2d6737bbec
SM1Weak	LeanCode/Internal/FunctionalAnalysis/SM1Weak.lean	c7efff2ba54b61e85a170d4c7c27a0a5e37b8fe3b25c50c98cf2862d32bf2ab8
SM1Jet	LeanCode/Internal/FunctionalAnalysis/SM1Jet.lean	2d4b721844818ae0c87f9a7ad18dd6eb003c51f10e4a36026ec355ac23a8bfa9
SM1Consumer	LeanCode/Internal/FunctionalAnalysis/SM1Consumer.lean	e1cf8dd34087b95f6e7615592ba47d81b09a412b6f87f62e5a77dd81cf32f9a6
ZE1Support	LeanCode/Internal/FunctionalAnalysis/ZE1Support.lean	50ea8277abce18deecb5e940b8834e7dc2967a4427f294b8c5556ea6a7252b3c
ZE1Coherence	LeanCode/Internal/FunctionalAnalysis/ZE1Coherence.lean	eea63600d90d65bccceb74da2dbe0be19cfad44d8ac1eae0881cdd7c499b48e4
ZE1Consumer	LeanCode/Internal/FunctionalAnalysis/ZE1Consumer.lean	e4cf82bb97cbc7763b997f4b014f6c9b480ff197bb1a8e680b1a6968a6cbc544
CUT1Interface	LeanCode/Internal/FunctionalAnalysis/CUT1Interface.lean	936d5bb805ff688cdb4675a64f111088b496641d4259b1722defa21de6091bdc
CUT1Cover	LeanCode/Internal/FunctionalAnalysis/CUT1Cover.lean	f645f150371bc9e1cab859a969a7c5976446c10e934d10fed56e291f3c339308
CUT1Derivatives	LeanCode/Internal/FunctionalAnalysis/CUT1Derivatives.lean	06d21df9e51a530c0765029d95d0e6b888320655c4a01d9a5dff6eb52b72cbaf
CUT1Disk	LeanCode/Internal/FunctionalAnalysis/CUT1Disk.lean	1eb67056346bd46adaf05610be906f69f9f1e7d48abcb4fd7d9f81ddcbd2b24c
CUT1Consumer	LeanCode/Internal/FunctionalAnalysis/CUT1Consumer.lean	8db066a2cb2799712873de6fada754527e92a47c743dd637b2b56ef25805e1eb
ZE1Compact	LeanCode/Internal/FunctionalAnalysis/ZE1Compact.lean	3eda133ff51ce6c14d03c9fc1f0736ec24c3b5c3326b31aba584770b714e7b9a
AIC1ActualWeakJet	LeanCode/Internal/PhysicalAnalysis/AIC1ActualWeakJet.lean	54f479e787475d23c81b20d65232c7a3a089884931f84a51a3fe0a2e0aaaec2f
AIC2ActualCellLocalization	LeanCode/Internal/PhysicalAnalysis/AIC2ActualCellLocalization.lean	663bdb3b69d05d7e399dcbc3949a50c180f1da16c710a2ad590e12864b5aecee
AIC3InteriorCutoff	LeanCode/Internal/PhysicalAnalysis/AIC3InteriorCutoff.lean	4d96969bceed9b75a220ecf687fd3b195893a205a01913ee672af545c9ff2f6e
AIC4WeakInverseLocalization	LeanCode/Internal/PhysicalAnalysis/AIC4WeakInverseLocalization.lean	cb5595b58412500ce3fcdaff4985f355127b5c68cea0f80af1287c3d69dad737
AIC5LiteralLocalization	LeanCode/Internal/PhysicalAnalysis/AIC5LiteralLocalization.lean	a2b277c3075568f3a9297bb69417247f7ec0245fe13370f22546507320f5d4b2
AIC6CutoffTestCalculus	LeanCode/Internal/PhysicalAnalysis/AIC6CutoffTestCalculus.lean	3d1859b504bdd5208551833a5184d6eaca38567506c0481f77c38ec3710564fe
AIC7DiskScalarMultiplication	LeanCode/Internal/PhysicalAnalysis/AIC7DiskScalarMultiplication.lean	db42ddb19d626ff65c2529596eb5749e26ad110f3a2651382c7131917150b3e2
AIM1OrdinaryCoreExtension	LeanCode/Internal/PhysicalAnalysis/AIM1OrdinaryCoreExtension.lean	050dd08f0f6baf9cfc47a4efb424abf1cd24bcc7d8dc14cac66ad7a39316f02c
AIM2CompletedMultiplication	LeanCode/Internal/PhysicalAnalysis/AIM2CompletedMultiplication.lean	03af175a010853d879e1cfa2143c496819de94cd9ca496152b8575412feccb44
AIM3CompletedDerivatives	LeanCode/Internal/PhysicalAnalysis/AIM3CompletedDerivatives.lean	139e930ada5370b1c53e692d094812479cb42dbb17302fec26a3d8ae126e570b
ABG1OrdinaryAngularModes	LeanCode/Internal/PhysicalAnalysis/ABG1OrdinaryAngularModes.lean	1391a91ab080d130cd68164c0e0a2b998ef359faa0bc99e6163b84d09e88a2f7
ABG2MultiplierSeries	LeanCode/Internal/PhysicalAnalysis/ABG2MultiplierSeries.lean	f08834889e2a12ebe2df98f5f4bceaca58d36f722ba81a3fc69f9bba5e0dd738
ABG3ActualDiskMultiplier	LeanCode/Internal/PhysicalAnalysis/ABG3ActualDiskMultiplier.lean	b42f9d7c84874ff45f13d8c45029b5a6a821af82feaf47f5ebeeb43afc4c8fab
ABG4OrdinaryMultiplier	LeanCode/Internal/PhysicalAnalysis/ABG4OrdinaryMultiplier.lean	2edd229c788ff6e92d5b35c63100f08bd036bbdd812dff9c382e63bf6adb52b5
AIP1OriginalZeroGrade	LeanCode/Internal/PhysicalAnalysis/AIP1OriginalZeroGrade.lean	2745c767c9c9ef69613bbb3f8f69a38c9d1e81536fedf2b9d6bce2251b8ded50
AIP2ActualDiskFourier	LeanCode/Internal/PhysicalAnalysis/AIP2ActualDiskFourier.lean	49433e92368879756f24caa5f37246cb2345e9159aeb0c02008a1d7b92d47cda
AIP3CompactExtension	LeanCode/Internal/PhysicalAnalysis/AIP3CompactExtension.lean	44984dda39f75ec2fc7ac359a8a856a07d97a441b7b09627b5bc5df33dfa22f1
AIP4PhysicalTorusIntegrals	LeanCode/Internal/PhysicalAnalysis/AIP4PhysicalTorusIntegrals.lean	1bd32102abb0b4b1558de9456137f2199502e21a060b25868f5ed5e20e0c440a
AIP5ActualTorusField	LeanCode/Internal/PhysicalAnalysis/AIP5ActualTorusField.lean	0f07577bfcb60463f2fdd16d352a88c0ec6807f8499a046a6df557986cb59213
AIP6SingleCellFourier	LeanCode/Internal/PhysicalAnalysis/AIP6SingleCellFourier.lean	fbe1bc92095f7ba28a23c19b851d9951556ddd6450d1d8501d68936b394e0252
AIP7SpatialCoefficientIntegral	LeanCode/Internal/PhysicalAnalysis/AIP7SpatialCoefficientIntegral.lean	2834eed129acd556e7308c85e4367586baff0b7e4c26cd779c68120e261050a2
AIP8CompactDiskIntegral	LeanCode/Internal/PhysicalAnalysis/AIP8CompactDiskIntegral.lean	c9e35d4203c1d477a9b28829261583d75a1d4c80e5ec952506e84dc957300684
AIC8CutoffIntegral	LeanCode/Internal/PhysicalAnalysis/AIC8CutoffIntegral.lean	8d2fda7d0ef5427b29db867da601632e99a10dda04dbd8cf7e23215c37dbd005
AIC9DiskTestIdentities	LeanCode/Internal/PhysicalAnalysis/AIC9DiskTestIdentities.lean	98a46c37c20c9a47e89915885e209a925033324991874ba8429b0d3debceed9d
AIC10DiskCutoffLaplacian	LeanCode/Internal/PhysicalAnalysis/AIC10DiskCutoffLaplacian.lean	a8490f040c5d8da684c0a0c18dac046bf76e0201c25221c26fe07ff5198f5c04
AIC11LiteralZeroExtension	LeanCode/Internal/PhysicalAnalysis/AIC11LiteralZeroExtension.lean	ba4e9e54e3f45731db9b408a3343b87f7c17799313236698dbf9bf3253a1a176
AIC12ActualInteriorEquation	LeanCode/Internal/PhysicalAnalysis/AIC12ActualInteriorEquation.lean	fd9ac1c6b28f59e05747116af02e77d11c739526743023444231da952cb507b4
AIC13InteriorBounds	LeanCode/Internal/PhysicalAnalysis/AIC13InteriorBounds.lean	26186f9ae87c103d39169a976688fe84da72e12b1852016cc6b9989476feb167
AIC14ActualInteriorConsumer	LeanCode/Internal/PhysicalAnalysis/AIC14ActualInteriorConsumer.lean	8415d2683c054254bc2956d0b142de7a7e8dfd58ad20e2065c9f81bfc1f19011
AIP9PeriodizationCutoff	LeanCode/Internal/PhysicalAnalysis/AIP9PeriodizationCutoff.lean	cbc16693501e0b83e933935cee916b1ccc3f8a429e6511c686491e4c066506ef
ABG5RadialScalarModes	LeanCode/Internal/PhysicalAnalysis/ABG5RadialScalarModes.lean	54f26d0aaac953706bdebc379edf36a4c1498a79a76c4122a545ff8dd1dff213
ABG6RadialMultiplierCommutation	LeanCode/Internal/PhysicalAnalysis/ABG6RadialMultiplierCommutation.lean	b5dcce75039a1b0169b73ccf2e6ae21d23f3f1bf7b72581f262d2f3552bce154
ABG7ActualMultiplierConsumer	LeanCode/Internal/PhysicalAnalysis/ABG7ActualMultiplierConsumer.lean	735706cbabd2849a934a2343f52d45d648677643bf86b288cb2ba5fdb696e21c
ABH1RepresentedWeakLaplacian	LeanCode/Internal/PhysicalAnalysis/ABH1RepresentedWeakLaplacian.lean	9b8e599474540c25f5b3835cab7f71c85d679fc87ca193f60df5a763101039fe
ABH2ActualLaplacianConsumer	LeanCode/Internal/PhysicalAnalysis/ABH2ActualLaplacianConsumer.lean	2ed3c3067bc794a5bb2f1e41da3fb100834d7949d8ed73901f2a5ecbccdd00e9
AIP10DiskCoefficientFunctional	LeanCode/Internal/PhysicalAnalysis/AIP10DiskCoefficientFunctional.lean	ce418ca2b321fd6f3e63c6d602996f96a83b40af7c887435694aa08e0e095bff
AIP11CompletedCoefficientIdentity	LeanCode/Internal/PhysicalAnalysis/AIP11CompletedCoefficientIdentity.lean	81396395eed17f93e555aebdf964ab3bf63580d6be88e60d9083dce37d5f529d
AIP12LocalizedSupport	LeanCode/Internal/PhysicalAnalysis/AIP12LocalizedSupport.lean	82e7da71835737c7f759925d73657ff78fae7e176a413dd83a1a042a1162dc44
AIP13SmoothTestEquation	LeanCode/Internal/PhysicalAnalysis/AIP13SmoothTestEquation.lean	8d91b52c3e5ade1499d32752a0e1f4267df9d6aa8c5e096c29221638d1ca1fc6
AIP14RealFourierTests	LeanCode/Internal/PhysicalAnalysis/AIP14RealFourierTests.lean	e5d5af2acab5fd7434f599cb07051dc06cdec6ed01ca5a6adf49204bf011b3ec
AIF1FourierGain	LeanCode/Internal/PhysicalAnalysis/AIF1FourierGain.lean	e34947b6b2468185ff553c530ea9f27d7d45d69b1ef822a16e0f26c6e09c328d
AIP15FourierTestLaplacian	LeanCode/Internal/PhysicalAnalysis/AIP15FourierTestLaplacian.lean	8f2408298c70efddb034f3c512ded3e5892b21655b18ef91f0ff72af96c77ac2
AIP16FourierPairing	LeanCode/Internal/PhysicalAnalysis/AIP16FourierPairing.lean	378972d2139c7502bce8c2a39fb284e884a4c40fe8c900992a7c0d331434590b
AIP17ActualSpectralEquation	LeanCode/Internal/PhysicalAnalysis/AIP17ActualSpectralEquation.lean	3adb9eb4132c58ddeba434ce73614a685ca0d3d7d3b9f15f6f1d71fbf8a6d8e1
AIB1GeneralPhysicalSpectral	LeanCode/Internal/PhysicalAnalysis/AIB1GeneralPhysicalSpectral.lean	64b13bbe29d79531025301adba80aa3083061817cf731632d392172ada1409c0
AIM4ActualWeakDerivatives	LeanCode/Internal/PhysicalAnalysis/AIM4ActualWeakDerivatives.lean	3ceda065e2b6e49d9f76f8f7a4883760e699113747bf502b5d616452af6ab5b0
AIM5LocalizedLaplacian	LeanCode/Internal/PhysicalAnalysis/AIM5LocalizedLaplacian.lean	71375553e3f512197a8e89d83046177006cf71d851b1124ca3fe6e2aac9ada39
AIM6ExactLocalizationConsumer	LeanCode/Internal/PhysicalAnalysis/AIM6ExactLocalizationConsumer.lean	083a1572925a903c6bc3e13d4f3d77dc7b3167d2483705eb8d89b8413e6e85d7
APR1OriginalDiskCore	LeanCode/Internal/PhysicalAnalysis/APR1OriginalDiskCore.lean	be47c998371f3b137d40b2e934a1849f231caf1d3402b5c688917dd067919c7c
APF1OriginalGradeInsertion	LeanCode/Internal/PhysicalAnalysis/APF1OriginalGradeInsertion.lean	df2b442162d88ffa511119892a0c1da8739223298df358b75464ea80725952f9
APR2CompletedOrdinaryDisk	LeanCode/Internal/PhysicalAnalysis/APR2CompletedOrdinaryDisk.lean	4c8646eb82456a88acbad455bbba1c2758dba8270d058f045f7cb8f9feaa5cf6
APF2CompletedInsertion	LeanCode/Internal/PhysicalAnalysis/APF2CompletedInsertion.lean	c23bfb9dd59c224a1f2b147ba9734d8983c61bc8f9cc847586628ea40415dfcc
APR3FourierRetraction	LeanCode/Internal/PhysicalAnalysis/APR3FourierRetraction.lean	bf9a9ea5eca109f7d80e47015cfdbaf12129cbc57b4eb029785ec58d40e72836
APF3ActualFourierForward	LeanCode/Internal/PhysicalAnalysis/APF3ActualFourierForward.lean	f4734587fa96b37781ad672efab9ab5ae4bd2a05271a1e1b9f80eaa1a04a398a
APR4OrdinarySobolevConsumer	LeanCode/Internal/PhysicalAnalysis/APR4OrdinarySobolevConsumer.lean	3a2107f9c32597701b8edf85c1cb0a5768fda4d687e51e883a5d9fcc156ae6d8
AIP18ActualInteriorBound	LeanCode/Internal/PhysicalAnalysis/AIP18ActualInteriorBound.lean	fcf9c06164f4b60dac3389b73142b013f70afe1f684bd1c21d32f02d3109115a
APR5ActualInteriorH2	LeanCode/Internal/PhysicalAnalysis/APR5ActualInteriorH2.lean	36835e79a6ea34425ccd4a40e3a8fb3928a22f4d2eb819f3319ff749b6684dcb
AIB2HigherOrdinaryRegularity	LeanCode/Internal/PhysicalAnalysis/AIB2HigherOrdinaryRegularity.lean	6c1d888e1a948f86e6e42f76858314a8d659d8d0280e3be02d695e9ca156163e
AIB3InteriorEstimateConsumer	LeanCode/Internal/PhysicalAnalysis/AIB3InteriorEstimateConsumer.lean	c978d52900e4fe29ce4187f56cff71ba520ac85cd0ad4d88b95725c86d1dfe9e
AIG1ActualInteriorInduction	LeanCode/Internal/PhysicalAnalysis/AIG1ActualInteriorInduction.lean	81ce96f68da45578bfaa75481c743e8794036decbbe2502e7146ba0266953e11
AIG2ActualGlobalGluing	LeanCode/Internal/PhysicalAnalysis/AIG2ActualGlobalGluing.lean	8df0d2e69fa7017ceeb69462cc2e3a48e75cd833f8366135939bb522b5b2912a
ANG25L2ModeConvergence	LeanCode/Internal/PhysicalAnalysis/ANG25L2ModeConvergence.lean	1a84592ed40fb2b545fe275d1239576cba4ea1ad05a542f0b3dc5c27776d6bfa
AOC1OuterSmoothComposition	LeanCode/Internal/PhysicalAnalysis/AOC1OuterSmoothComposition.lean	e45d93aaa8c825fe6424f2eeddf77e515f85d6589d3c7fcb48aa36eaff87f49c
AOC2ActualContinuousField	LeanCode/Internal/PhysicalAnalysis/AOC2ActualContinuousField.lean	d6615ea881ba1b59855d1feccfa8bf4f363234b6a4024c2c7fb7c866a1095ac2
AOC3LiteralBulkIdentity	LeanCode/Internal/PhysicalAnalysis/AOC3LiteralBulkIdentity.lean	871555e4690d9436921e7fcae1d8323ad57b8785b7cfddfc9e87842d61cc9620
AOC4ActualFiniteOuterConsumer	LeanCode/Internal/PhysicalAnalysis/AOC4ActualFiniteOuterConsumer.lean	c0e736f200523e98cd8be19d1192f3b6c0bc62a6a2684f5b5849ab3488b04e3e
CDO1WithinClosedJet	LeanCode/Internal/PhysicalAnalysis/CDO1WithinClosedJet.lean	17c29620205fb6eb7a4c8500279b4fec32571f1858870b48f782feef5f07381a
CDO2OrdinaryDiskConsumer	LeanCode/Internal/PhysicalAnalysis/CDO2OrdinaryDiskConsumer.lean	f0a78930bedf85231415265499915ad2890fb5ff3fb9629766580ddd0d8ce99a
AOG1SelectedSourceAndOuter	LeanCode/Internal/PhysicalAnalysis/AOG1SelectedSourceAndOuter.lean	be8ea1597b7ad5fcd08627ce2eac684549ed706525b3f8b4b27bca7e0419f999
AOG2ActualGlobalInduction	LeanCode/Internal/PhysicalAnalysis/AOG2ActualGlobalInduction.lean	f520848f0966354d4c818215cc69405e66817485bcc82ead106ce159d2babc12
AOG3ActualFiniteGlobalConsumer	LeanCode/Internal/PhysicalAnalysis/AOG3ActualFiniteGlobalConsumer.lean	bd7dc267f704060adfb78ff6dff1247f90df24481e412e16532bb7f5c800e9e2
ABF1OrdinaryBulkFaithfulness	LeanCode/Internal/PhysicalAnalysis/ABF1OrdinaryBulkFaithfulness.lean	9dee2c4724b7048c602ec6ec2e08ed4725cebfceeb679ac44aa15d02071cf43a
ABF2SameBulkSmoothRealization	LeanCode/Internal/PhysicalAnalysis/ABF2SameBulkSmoothRealization.lean	3b5e823bf646f532fc41d4ae90ac22ebf50bc4317f21565c971eb8a3e9252920
ABF3ActualFiniteSmoothInverse	LeanCode/Internal/PhysicalAnalysis/ABF3ActualFiniteSmoothInverse.lean	405c2622ad361884341f3ccda4bdd3bd3dd563cd40a94cbb7cd1fd3cfb9bd056
AUB1ActualGlobalRecurrence	LeanCode/Internal/PhysicalAnalysis/AUB1ActualGlobalRecurrence.lean	ed11e1b911fede225919e94d33b0e59f79087a5ac35804510782b0b21e7705ad
AUB2FiniteSmoothLinearity	LeanCode/Internal/PhysicalAnalysis/AUB2FiniteSmoothLinearity.lean	0bc5ae6acb347f69c69bea9a19e1a8abbde5af58d5c51a3e1a1b281c492a8f28
AUB3UniformGlobalInduction	LeanCode/Internal/PhysicalAnalysis/AUB3UniformGlobalInduction.lean	5174bfd23cb9bc222a7b3d2513aef0d3cb64a6d9cdb12566c039fea7d84c6c5c
ARC1HalfInverseChart	LeanCode/Internal/PhysicalAnalysis/ARC1HalfInverseChart.lean	bb392529a4199028ed7b625b9750062f16eb0a108f4e489139f3f3533ab0e5d8
ARC2HalfReverseCollar	LeanCode/Internal/PhysicalAnalysis/ARC2HalfReverseCollar.lean	60fb8f15715f98c6077fdecf957864f9c7317ffd3faaad16fa6f81fd822690c9
ARC3HalfReverseRotation	LeanCode/Internal/PhysicalAnalysis/ARC3HalfReverseRotation.lean	6997b4611d4ce07b17601ad31ea3e406752d4cdfc4ffc113c3350dba810f0fbf
ARC4ArbitraryPolarFamily	LeanCode/Internal/PhysicalAnalysis/ARC4ArbitraryPolarFamily.lean	5f598ffc8afb544225cd8934344712e72874595bd93bd0e7ccf282fb9237cf33
ARC5FiniteTensorRows	LeanCode/Internal/PhysicalAnalysis/ARC5FiniteTensorRows.lean	534ec89f3eb8fbfd30b881f700bad9f928db5a2dca6bc5d7ed6fb00468029dbb
ARC6HalfCollarIntegral	LeanCode/Internal/PhysicalAnalysis/ARC6HalfCollarIntegral.lean	fe7f1a8b3608b5644e817d5b23e3dc5fce58f535bc562c8cb9a25d113ebf36f6
ARC7CartesianRowEnergy	LeanCode/Internal/PhysicalAnalysis/ARC7CartesianRowEnergy.lean	04def7619a1c86c347fb694fd080b5f04e4610f8b974a77c4a9e4811ed32d1bc
ARC8FiniteProfileEnergy	LeanCode/Internal/PhysicalAnalysis/ARC8FiniteProfileEnergy.lean	0a1a7ee97cfd15427e5936a800422f96cf519a658bbaefdc351e352eb54746d8
ARC9ArbitraryCutoff	LeanCode/Internal/PhysicalAnalysis/ARC9ArbitraryCutoff.lean	bb192335d46892445b47a308f4f5b8b0e964962d08a4a64e40b598b4e889fef8
ARC10FiniteCartesianConsumer	LeanCode/Internal/PhysicalAnalysis/ARC10FiniteCartesianConsumer.lean	90c59f40732cadb44a8217e1f9f93348b2d256022b23b96a94ac29be7e665a2a
ARC11LocalCutoffCalculus	LeanCode/Internal/PhysicalAnalysis/ARC11LocalCutoffCalculus.lean	245a01f2775e8ecf94e0059ca1c6d72a39542f0b9650dd8d85208981bb02858f
ARC12LocalFourierRows	LeanCode/Internal/PhysicalAnalysis/ARC12LocalFourierRows.lean	de2ad67087e46fab99a752e65021c361bd3277a029b01bfb73e1777cc8b1fd27
ARC13LocalCartesianAngles	LeanCode/Internal/PhysicalAnalysis/ARC13LocalCartesianAngles.lean	a0316a2de32bb90a9730e541350e00c62c4f3af024c3762b5535d9e9592c1699
ARC14LocalRowConsumer	LeanCode/Internal/PhysicalAnalysis/ARC14LocalRowConsumer.lean	3614d338aba32c2cf844fa77b12a671922b9191bc35b3502be83d16c5b86bc33
AQR1ActualSecondRadialEquation	LeanCode/Internal/PhysicalAnalysis/AQR1ActualSecondRadialEquation.lean	5f30550a4808450ab3c9abbbbe6f763cf87554e4ada49798ddb18ceab3a02851
AQR2LiteralRadialEnergy	LeanCode/Internal/PhysicalAnalysis/AQR2LiteralRadialEnergy.lean	cebf49606a496c3ff2d0a938604a22b30d439698ee7ac2c073a76a78e8896028
AQR3SecondDerivativeCurve	LeanCode/Internal/PhysicalAnalysis/AQR3SecondDerivativeCurve.lean	f3ec45ab026c550672201bc6b1a52b2dd8505655c4cf5f061a245485f4adbf67
AQR4SecondRadialIntegral	LeanCode/Internal/PhysicalAnalysis/AQR4SecondRadialIntegral.lean	e5202f7afcbe24372e51180ef682ebcfae887a4ed64b5190d1784d1f3fe3d81e
ANQ1CollectiveRadialEnergy	LeanCode/Internal/PhysicalAnalysis/ANQ1CollectiveRadialEnergy.lean	64f60a4e847fee385989c83ecd81a67aa7d2ff784ce3c007e7645aad71985a2f
ANQ2CompletedRadialSequence	LeanCode/Internal/PhysicalAnalysis/ANQ2CompletedRadialSequence.lean	efb82daca7cd497b576e89fac530c583885489204d4d3fdec6af75e05dadd5fb
ANG26CommutedSourceFunctional	LeanCode/Internal/PhysicalAnalysis/ANG26CommutedSourceFunctional.lean	2fc7eb6f1526a141290416e5688c25aa46902a42dd71c26d9cf697b6b2e5902c
ANG27SourceDistribution	LeanCode/Internal/PhysicalAnalysis/ANG27SourceDistribution.lean	3d45941c345982db78c48ce1de529d612e31844f966a0fbfe6edadec69fea085
ANG28ActualAN20	LeanCode/Internal/PhysicalAnalysis/ANG28ActualAN20.lean	37e8d6eb0a576692779735d90da629bbcbf1e5ff946f76ffba0c58e077498dd0
ANG29OriginalSourceConsumer	LeanCode/Internal/PhysicalAnalysis/ANG29OriginalSourceConsumer.lean	f26dfc3ae83cb6d86a1d1941fb510c8552a9f3c3ab1fae5d6e0990e6aa660141
ANQ3RadialAngularCompatibility	LeanCode/Internal/PhysicalAnalysis/ANQ3RadialAngularCompatibility.lean	6735e96e1b61540d6d1e8e4a49778f9fc0c5c6c0121a087494b94758c7c91a7e
ANQ6CollectiveRadialL2	LeanCode/Internal/PhysicalAnalysis/ANQ6CollectiveRadialL2.lean	e74904ba85417b14e28a437c10c4b8006ff770de34d92cb778f2e41dc976e012
ANQ4WeightedRadialEnergy	LeanCode/Internal/PhysicalAnalysis/ANQ4WeightedRadialEnergy.lean	1c4cab9807786b35e8f4ef1c717aced0fb49fdb3f31e2d67212aa0094b4c0d32
ANQ5ActualAngularCollarEstimate	LeanCode/Internal/PhysicalAnalysis/ANQ5ActualAngularCollarEstimate.lean	23b8f1391ea7f0f38d38a8019565e283e0d2fd8c3265d25da71946b1fb403e14
ANQ7AdditionalAngularValue	LeanCode/Internal/PhysicalAnalysis/ANQ7AdditionalAngularValue.lean	66c4759392527f560916aa3050d7ea5a50e76e9ec5f7f84033c2164142755080
ANQ8ActualZeroOneCollarConsumer	LeanCode/Internal/PhysicalAnalysis/ANQ8ActualZeroOneCollarConsumer.lean	6ac88631501ee11b428037c98b755e5674b9bb2a3353de5327088fece268cba0
AQR5CollectiveSecondRadial	LeanCode/Internal/PhysicalAnalysis/AQR5CollectiveSecondRadial.lean	3d5aacb47fb051e85781097d8b7da0db141da2962bb1968b0b3e95486282e807
AQR6ActualSecondRadialConsumer	LeanCode/Internal/PhysicalAnalysis/AQR6ActualSecondRadialConsumer.lean	6ee51dc46bd206921e895fb138cefc5157dd138dd0aa8ed1d6f4a18b23f72da5
ARW1ActualPolarField	LeanCode/Internal/PhysicalAnalysis/ARW1ActualPolarField.lean	e72949a80dc9854ad1e65a074f5278b23d4dcc36065bdb417584e548e6c7684f
ARW2LocalRadialCalculus	LeanCode/Internal/PhysicalAnalysis/ARW2LocalRadialCalculus.lean	d1f46ca8c0c80eeb27f97b36a78a3450fa4b5f13598a8fab1fd042efcf617d21
ARW3PolarWordIdentity	LeanCode/Internal/PhysicalAnalysis/ARW3PolarWordIdentity.lean	d6b9f54545b81a4ad672e1e927252dc231ba6b9e3df0a93b4831b8628bedf50f
ARW4ActualOuterGerm	LeanCode/Internal/PhysicalAnalysis/ARW4ActualOuterGerm.lean	cc94eb81bfd7f8425ed0413085df965575cc41789201b927b2452c7350079648
ARW5ActualFourierRows	LeanCode/Internal/PhysicalAnalysis/ARW5ActualFourierRows.lean	0386cff0495deebebe44e0fc341e2e41b17171fb6fa03de08d2f84e58bcfaeba
ARW6ActualCartesianRows	LeanCode/Internal/PhysicalAnalysis/ARW6ActualCartesianRows.lean	d25b03d66f2238710a2503efb5515990057edb35055093657a28ced6fbc9c0dd
ARW7RadialMeasure	LeanCode/Internal/PhysicalAnalysis/ARW7RadialMeasure.lean	099ec6200cf47f2a65edbaddabc63ece5dd45b96cc0caae563c207f646de6198
ARW8ActualRadialRowEnergy	LeanCode/Internal/PhysicalAnalysis/ARW8ActualRadialRowEnergy.lean	fabda6258d9e7b0e5d66294b0888de0eeeb304db939e2fba97db738b236104cc
ARW9OrdinaryOuterEnergy	LeanCode/Internal/PhysicalAnalysis/ARW9OrdinaryOuterEnergy.lean	45c6020d9e4228081453f3c95fd0a47f76794ec9df9ee7c9e37406691d4e8f27
AQS1WeightedSourceBessel	LeanCode/Internal/PhysicalAnalysis/AQS1WeightedSourceBessel.lean	d4eaec216998215037592130be642513f96d69b997c7a976e1746e2454b690a4
AQS2WeightedSecondRadial	LeanCode/Internal/PhysicalAnalysis/AQS2WeightedSecondRadial.lean	483d292e787e11a23592a66b16f708b3a1e33c19e4cbcafbd66fcb512d79e1c0
AQS3ActualWeightedRadialConsumer	LeanCode/Internal/PhysicalAnalysis/AQS3ActualWeightedRadialConsumer.lean	8bad5e87db26ae9f28893c4262bef823e1e8bcd5d0c4178058d40d16883b87dc
AOD1DifferentiatedEquation	LeanCode/Internal/PhysicalAnalysis/AOD1DifferentiatedEquation.lean	a4ffc2f1df06ad313bac55c3f7513e16c39d815889b097c35495aa920c89922f
AOD2ReciprocalBounds	LeanCode/Internal/PhysicalAnalysis/AOD2ReciprocalBounds.lean	90f1412446e05c16eb8ca465b7a71aeb1b12425be711fb461c5539dad922da75
AOD3PointwiseRadialEstimate	LeanCode/Internal/PhysicalAnalysis/AOD3PointwiseRadialEstimate.lean	73af07f1ae55f578817e374e21cb4258209500a53f2418bafaa147446c8eddfa
AOD4IntegratedRadialRecurrence	LeanCode/Internal/PhysicalAnalysis/AOD4IntegratedRadialRecurrence.lean	e69fd129172c64b18ca6d525b5e8c30891dd4410f3895bf285d2f20451000a45
AOD5WeightedRecurrence	LeanCode/Internal/PhysicalAnalysis/AOD5WeightedRecurrence.lean	40d57a3b0b15c6c9654e051f98dfb69bde15508f73b1ecdc73af8d82e51a31c4
AOD6FiniteRadialInduction	LeanCode/Internal/PhysicalAnalysis/AOD6FiniteRadialInduction.lean	cbe8260562a5a6aaf221923b958f8c19f06a75d5c3a9428e5f4937ea381f7d04
ARS1OrdinarySourcePolarEnergy	LeanCode/Internal/PhysicalAnalysis/ARS1OrdinarySourcePolarEnergy.lean	90cd661e190193d6de03da8a8b8da4d3fe26065edc158427c01304b013e870a1
ARS2LiteralRadialSource	LeanCode/Internal/PhysicalAnalysis/ARS2LiteralRadialSource.lean	f1f2f5d1c5903eeaff65463866cb48dd4b647c8eec3ec27aec59bc2752009268
AOD7ActualBaseEnergies	LeanCode/Internal/PhysicalAnalysis/AOD7ActualBaseEnergies.lean	4b0478e0b3760448ba98d5357ce516d00801d6b78f2b97e7ec9f8efc45833d68
AOD8ActualAllRadialInduction	LeanCode/Internal/PhysicalAnalysis/AOD8ActualAllRadialInduction.lean	ef1f220c8f0637f997327c4363f7472e41a6b85efa30aa5de8d628bb74d75575
AOD9ActualMixedRadialConsumer	LeanCode/Internal/PhysicalAnalysis/AOD9ActualMixedRadialConsumer.lean	a8374458882e35da7a57cb4d44bf9466225348b36f4512421049d6931b5d7c7a
ARW10UniformOuterGain	LeanCode/Internal/PhysicalAnalysis/ARW10UniformOuterGain.lean	020092917f031a71daa6771094291cb1dc9ef58bf01a40ed1a4746e0e66e5170
AST1HilbertFourierEnergy	LeanCode/Internal/PhysicalAnalysis/AST1HilbertFourierEnergy.lean	b13d2df941bef7aeef26099d56e2fa93ece11affde1b8784b179355891efd0e2
AST2HilbertFourierBessel	LeanCode/Internal/PhysicalAnalysis/AST2HilbertFourierBessel.lean	b79bdc2bedfdffebe4f1e605c196635bfc0362462426978441f4e9617a4cce3a
AST3OrdinaryOrbitRows	LeanCode/Internal/PhysicalAnalysis/AST3OrdinaryOrbitRows.lean	3345cc2fc1a86befe01619bc1f786914e90f0c7133650a05b6a5fcf02bdb6ecf
AST4CoreProjectionEnergy	LeanCode/Internal/PhysicalAnalysis/AST4CoreProjectionEnergy.lean	fceae220845dc33963c8f3e916da0cd6530ee0dd8f9e63aa537927f0a4ad308d
AUB4ActualFiniteUniformGain	LeanCode/Internal/PhysicalAnalysis/AUB4ActualFiniteUniformGain.lean	4d7c6dbb2cfe97c42f5e8d6f61ae3afecdb335dbc4a7448dcfed355aa81ce157
AUB5FiniteProjectionAlgebra	LeanCode/Internal/PhysicalAnalysis/AUB5FiniteProjectionAlgebra.lean	7eedafc9c703f0c0fd9bc44aa83bc33bd439a92fa615da92a69035db9e000c6a
AST5CompletedAngularSelection	LeanCode/Internal/PhysicalAnalysis/AST5CompletedAngularSelection.lean	1b309f22dcc0565996d0a6d13859f0dda472279570cf0bba5cd41eafecb40f2d
AST6OrdinarySelectionConvergence	LeanCode/Internal/PhysicalAnalysis/AST6OrdinarySelectionConvergence.lean	1ffb4f3fa4132bf0ccacd298dc568d32699a1dce5fd6c44bd9a5ffaa766b1398
AST7ActualSourceConsumer	LeanCode/Internal/PhysicalAnalysis/AST7ActualSourceConsumer.lean	9be8bb08468087e386a3e04decb727e33b91b3243f19b7c47b6c046b27b9107c
AUB6CompletedFiniteInverse	LeanCode/Internal/PhysicalAnalysis/AUB6CompletedFiniteInverse.lean	186e59f4038ced4457c6bc2edc97fb17541de1e6525d712f5007945adf26a0ca
AUB7CompletedCutoffDifference	LeanCode/Internal/PhysicalAnalysis/AUB7CompletedCutoffDifference.lean	10e4766650f42f1502404a96ae79e7828c251167a56d173ec10f1b610f317cb5
AUB8ActualInverseLimit	LeanCode/Internal/PhysicalAnalysis/AUB8ActualInverseLimit.lean	bb0b57608bdebaa44b6d32076a961f284f74b573934dd61445c8a08e1c26918c
AUB9ActualCompletedInverse	LeanCode/Internal/PhysicalAnalysis/AUB9ActualCompletedInverse.lean	f06267c65a61d179a9dde30882119b603170d61110acdddd370c118b891678dd
AUB10ActualSmoothInverse	LeanCode/Internal/PhysicalAnalysis/AUB10ActualSmoothInverse.lean	379ba469231362a4edc96f3a22b9053aa80878433c59b9dca414ad2b10cf5dcd
ASR1SmoothRadialRobin	LeanCode/Internal/PhysicalAnalysis/ASR1SmoothRadialRobin.lean	b37f1bcbdec4709a0cd20b5a315ebf1828a8aa1688b0781bf4afb6ce7a362b85
ASR2AllRadialRobin	LeanCode/Internal/PhysicalAnalysis/ASR2AllRadialRobin.lean	a313ce27dc8f3bd5d18b02fa5241f6c4b34fd714f652a8a755840bb9f1b36597
ASR3BoundaryCoefficient	LeanCode/Internal/PhysicalAnalysis/ASR3BoundaryCoefficient.lean	022d659c6ab7210a4c9c7382b40b2c68634565f227d1cd4c81538189799dc4d5
ASR4PointwiseRobin	LeanCode/Internal/PhysicalAnalysis/ASR4PointwiseRobin.lean	5f247073a5d5b188a2e261dcb2b74dd3ef012651c0d4166f10aaac94c7c6d0a4
ASR5ActualFiniteRobin	LeanCode/Internal/PhysicalAnalysis/ASR5ActualFiniteRobin.lean	50cb70f96edfbf000ab5c795ed9d4ee2c511ff660c2b470bc1484ac3e36bb3d4
AUB11ActualSmoothRobinConsumer	LeanCode/Internal/PhysicalAnalysis/AUB11ActualSmoothRobinConsumer.lean	cec83b62e13567e9e81201bb271f1d5ba98dfdb01b42aad6ebade157c5894603
ANJ1CompletedScalarOperator	LeanCode/Internal/PhysicalAnalysis/ANJ1CompletedScalarOperator.lean	4fb76a26cc0a7a7f37d5a3c4e587fe503916a51eba8f0f0116bf72874a42398f
ANJ2CompletedHighScalar	LeanCode/Internal/PhysicalAnalysis/ANJ2CompletedHighScalar.lean	067439c9fbbf45978bfd547ca2b45e03d5fefcd843a8b66bceb8419e8731e314
ANL1NormalProfile	LeanCode/Internal/PhysicalAnalysis/ANL1NormalProfile.lean	da20d894739a03309f66626365b8450bc1436211e998c185b54b64a4756055f0
ANL2NormalProfileEnergy	LeanCode/Internal/PhysicalAnalysis/ANL2NormalProfileEnergy.lean	aabc750ef9870ba937ab6ac04a3370835b008705cf16bb87b5c6023de19cf203
ANL3NormalPolarEnergy	LeanCode/Internal/PhysicalAnalysis/ANL3NormalPolarEnergy.lean	28c60a17ae816e90a864620c24015815f69781b3f8fe856424b77257ffff82b4
ANL4FiniteNormalEnergy	LeanCode/Internal/PhysicalAnalysis/ANL4FiniteNormalEnergy.lean	b7cfaa657c8c05dce4bcaaa58ae1cdb81c67c1edeaf2da38f73768fdfc5adf87
ANL5LiteralNormalKernel	LeanCode/Internal/PhysicalAnalysis/ANL5LiteralNormalKernel.lean	b5087f8dd1155b8674524adf1e9f021e9d1aac73b01f6c3adbf2fcadc5acbb46
ANL6NormalBoundaryDerivative	LeanCode/Internal/PhysicalAnalysis/ANL6NormalBoundaryDerivative.lean	b11e693fae33d7307b4186926968ceae51c08a51618f4bfdaa3254eaabf8780d
ANL7CircularBoundaryGrade	LeanCode/Internal/PhysicalAnalysis/ANL7CircularBoundaryGrade.lean	17e10aa2f8f082c4e3e4e71d497e4a732e4aea78a5f8a9794666e4712bb4f0e6
ANL8CompletedNormalLift	LeanCode/Internal/PhysicalAnalysis/ANL8CompletedNormalLift.lean	75737482ecb8fc852e0caffa7954a8664fc3ab920fc27d639c73335a8d1f4e21
ANL9OrdinaryNormalTrace	LeanCode/Internal/PhysicalAnalysis/ANL9OrdinaryNormalTrace.lean	9ffa26a8b4bcf89e83e007d5cee762cb25a3337b8fb915fa36f82a31d8851a8a
ANL10GradeCompatibility	LeanCode/Internal/PhysicalAnalysis/ANL10GradeCompatibility.lean	36b303e21181fe940872edd622a01e31dea92ca1e1d09e0e19f7806bcf79d304
ANL11SmoothNormalLift	LeanCode/Internal/PhysicalAnalysis/ANL11SmoothNormalLift.lean	fd2828e9e34d5946145a118da80651c61debc38bc89bee2f5b010bd0e8e32001
ANL12HighNormalLift	LeanCode/Internal/PhysicalAnalysis/ANL12HighNormalLift.lean	022a19d5cf6d2b0e4cafde0e4f19ceef8604291431c57fc5e86fab363eb3d70f
ANL13LiteralNormalSeries	LeanCode/Internal/PhysicalAnalysis/ANL13LiteralNormalSeries.lean	713b81b0fe2ef84ff296c030cc0fc94dc1ca63b758db681c7d718b95bf2def01
ANL14ExactNormalConsumer	LeanCode/Internal/PhysicalAnalysis/ANL14ExactNormalConsumer.lean	2d35ceca3dc4c70ee4b8ceacbe3f36c6932536075c1eec0110b301b5133734f6
ANJ3CompletedRobinTrace	LeanCode/Internal/PhysicalAnalysis/ANJ3CompletedRobinTrace.lean	576b41c0cd1cbc54aeb46789d91c05f440126c741f36a4c8b0352e078bc31589
ASP1AngularPrimitive	LeanCode/Internal/PhysicalAnalysis/ASP1AngularPrimitive.lean	51da86f14033904264904e0ff8d64bc41e80d1b6051c0dab3b708f935ed0bf6e
ASP2AngularCommutation	LeanCode/Internal/PhysicalAnalysis/ASP2AngularCommutation.lean	46aca82692e4fe85e853bd4786678789d11e005d45de09a5ff21b5a2ec0baad0
ASP3PrimitiveMultiplier	LeanCode/Internal/PhysicalAnalysis/ASP3PrimitiveMultiplier.lean	9afa38cb0d66596be0472077115da1d76124130e73d206720ec6422452e62578
ASP4SmoothMultiplier	LeanCode/Internal/PhysicalAnalysis/ASP4SmoothMultiplier.lean	740ef49af55e219f75092178ece6cc2af64a3ab8c7fcfd83774ca23eaf859776
ASP5WeakSmoothCore	LeanCode/Internal/PhysicalAnalysis/ASP5WeakSmoothCore.lean	70ad9ab7a90059d14387da84b076a6146cc06daad89c0faf3bb883120f0e8fe0
ASP6LiteralScalarEquation	LeanCode/Internal/PhysicalAnalysis/ASP6LiteralScalarEquation.lean	94f2d2c396b2c47ea6e57525ca9f1ab3a9d07e06a9ce549b62baa4522381a2a5
ASP7ActualStrongConsumer	LeanCode/Internal/PhysicalAnalysis/ASP7ActualStrongConsumer.lean	0509104800c65bbfcc5d5b32d8128813d17d5b770c041de2f6ad82630eb1716c
ANJ4ActualScalarRightInverse	LeanCode/Internal/PhysicalAnalysis/ANJ4ActualScalarRightInverse.lean	54143bb0e8e4574dc2383a6b5a49baee56475cdd136238d5446bede41e18c97f
ANJ5CompletedInhomogeneousInverse	LeanCode/Internal/PhysicalAnalysis/ANJ5CompletedInhomogeneousInverse.lean	408eff76f7dbff895fd35cf4164328a239a103e7137563d4dfe79a878cffaab9
ANJ6SmoothInhomogeneousInverse	LeanCode/Internal/PhysicalAnalysis/ANJ6SmoothInhomogeneousInverse.lean	1457d538088cb7a772af799ae27245d00cf7ebad3ef1430ee5267d95f334c915
ANJ7LiteralBoundaryData	LeanCode/Internal/PhysicalAnalysis/ANJ7LiteralBoundaryData.lean	6bd7ee514b1a0f52ee0a6d0d7c82be53132460a056312e523c873c78551552d7
ANJ8CompletedWeakEquation	LeanCode/Internal/PhysicalAnalysis/ANJ8CompletedWeakEquation.lean	7059e3246b5c31b65f0d5775e20c22bf384dd024e54d945b75dfbac46d334730
ANJ9CompletedPhysicalTrace	LeanCode/Internal/PhysicalAnalysis/ANJ9CompletedPhysicalTrace.lean	8013968b54c0f9704956e6da2a892afd1ee33ac394b1dc158933c6fc74a7035f
ASU1PolarFlux	LeanCode/Internal/PhysicalAnalysis/ASU1PolarFlux.lean	b749cb4a69af0d881ce2daa54d130a2d1cc5369de88b51ecbc05cc71062103e4
ASU2IntegratedFlux	LeanCode/Internal/PhysicalAnalysis/ASU2IntegratedFlux.lean	3b59d6fd098b8e4ed91f0218b90094775a0a575317f2cf62b8fd8dea4071fd81
ASU3FullSmoothGreen	LeanCode/Internal/PhysicalAnalysis/ASU3FullSmoothGreen.lean	834386d123c8830d8665580d3311f948be60739bce89df08dad6866d732ad759
ASU4StrongRobinUniqueness	LeanCode/Internal/PhysicalAnalysis/ASU4StrongRobinUniqueness.lean	a218512c21359f95b580d6cd36ae3c6854c8a63d8a78a7593bf5c8033b69c99f
ASU5LiteralStrongConsumer	LeanCode/Internal/PhysicalAnalysis/ASU5LiteralStrongConsumer.lean	013349f2877d08ab16ded551c12460458cd9463c21c963dfc724008ad66f61a1
ANJ10CompletedGreen	LeanCode/Internal/PhysicalAnalysis/ANJ10CompletedGreen.lean	131c95913e865cf939cdf2e998b09f8f4d20654ba32f781ba510bc7515d127ce
ANJ11CompletedUniqueness	LeanCode/Internal/PhysicalAnalysis/ANJ11CompletedUniqueness.lean	0224a774cdcd1cbef4df69bcbe76ee240764a5fcfad229eaa1ac337a3f46d83e
GQC31APSmoothRotation	LeanCode/Internal/PhysicalAnalysis/GQC31APSmoothRotation.lean	8e038906bcf0cf87f2918cc80ee2a7b95abb6b10d3d91ce34af4e297ad53e686
GQC32SmoothComplement	LeanCode/Internal/PhysicalAnalysis/GQC32SmoothComplement.lean	81f9c9d89e7bafde3cb3fbb0b437cdb27bc771c3d0045c07a91981f2109a120a
GQC33CovariantJet	LeanCode/Internal/PhysicalAnalysis/GQC33CovariantJet.lean	d544ee1e9d084e0071134d9463bb1e188da2c1a014863f6ef8958f9061b814c7
GQC34APCovariant	LeanCode/Internal/PhysicalAnalysis/GQC34APCovariant.lean	1fc8f2d01a033f8c1b8e1376f0822b3fff440466d2de8741a9ab38d0dab559cb
GQC35CircularGradient	LeanCode/Internal/PhysicalAnalysis/GQC35CircularGradient.lean	314f978010f6f474f02ce3a41b1f9ac0442d855e36c755d7e42190782795bc65
GQC36PhysicalFiniteJet	LeanCode/Internal/PhysicalAnalysis/GQC36PhysicalFiniteJet.lean	946f97f3b03a00189afcc41f6dab37925ee6957fb3db475ff066004f1d5f5570
GQC37PhysicalDerivative	LeanCode/Internal/PhysicalAnalysis/GQC37PhysicalDerivative.lean	198171a1f3c10cb1b207179acba830563e3bad5efceaad65a840914d7a311f0e
GQC38PhysicalAxisFourier	LeanCode/Internal/PhysicalAnalysis/GQC38PhysicalAxisFourier.lean	1779d6d034ccd383ebe34e5df420bba30655636cbf54e00a4b8ad938b2a320df
GQC39PhysicalFirstJet	LeanCode/Internal/PhysicalAnalysis/GQC39PhysicalFirstJet.lean	79e374c706a59acc9bad08d514dda2e5bea1ab688fdb8a3fa48c36b940b33140
GQC40SmoothProjection	LeanCode/Internal/PhysicalAnalysis/GQC40SmoothProjection.lean	36708127a296cf0838c714eacbaa994291d425cc8b696f88a3425407ae3864b1
GQC41CompensatedCore	LeanCode/Internal/PhysicalAnalysis/GQC41CompensatedCore.lean	a7351c9ca17f991d9d8dcdd308247fece7d20e5a8a3a2c862dd6c7c29fecef8b
GQC42CompensatedTransfer	LeanCode/Internal/PhysicalAnalysis/GQC42CompensatedTransfer.lean	c6529b9ba6317175f69a840ae344275d88bed127084c8019864fdb47114ac205
GQC43SmoothSplitting	LeanCode/Internal/PhysicalAnalysis/GQC43SmoothSplitting.lean	8be256f7e8076f3c178f51e30ad0aa7d544bd04f52b5a35541e0dd922334823f
GQC44CompensatedNorm	LeanCode/Internal/PhysicalAnalysis/GQC44CompensatedNorm.lean	3dcb73fea6e27ee3aff4f431cea0edae8eaa94cb9b55587f63b9e77a65d86dd1
GQC45GraphBounds	LeanCode/Internal/PhysicalAnalysis/GQC45GraphBounds.lean	4cc4e655437c25872ac479866136d572469d98124a6dfec9db54850836e25b0d
GQC46RemovedGraph	LeanCode/Internal/PhysicalAnalysis/GQC46RemovedGraph.lean	fdfcbc6f4a97151da3aa942f9d4bd0c4fbf06e5e6c937287542ec3f0142e95f7
GQC48GaugeActionBounds	LeanCode/Internal/PhysicalAnalysis/GQC48GaugeActionBounds.lean	92282a2eab7addf9de8b0640ee41c0b928eb3f615ce4f877f78aa1960cabb684
GQC52InversePolynomial	LeanCode/Internal/PhysicalAnalysis/GQC52InversePolynomial.lean	bd24510930c6eec052d97e94e1fcaf46a87f4611ea92aafdec74b982e83179e4
GQC53SlotPolynomialBounds	LeanCode/Internal/PhysicalAnalysis/GQC53SlotPolynomialBounds.lean	d559b51332b9bd6fad565a54b296013ca185a6dc4bb379740b5abce6eaec0740
GQC54ActualInversePolynomial	LeanCode/Internal/PhysicalAnalysis/GQC54ActualInversePolynomial.lean	89444248c711d2e1ccd698c81567e1e4bb1e8fd8ce02cea58895db5383570075
GQC55CoefficientGradeBound	LeanCode/Internal/PhysicalAnalysis/GQC55CoefficientGradeBound.lean	814f10fb81a05158f8f68037def87936aedea5091257f6a865fee61bc17e9bb9
GQC56RadialCoefficientBounds	LeanCode/Internal/PhysicalAnalysis/GQC56RadialCoefficientBounds.lean	8619ae123e1c01ba2f841a88e9cca85ad90500a70dbdea98abdc5d8b59550df3
GQC57PolynomialCalculus	LeanCode/Internal/PhysicalAnalysis/GQC57PolynomialCalculus.lean	2f31763ae6d24e37d22b23edd6f7716aaedac66ea8f403f5885f41dfe5632dc5
GQC58CoefficientPolynomialAlgebra	LeanCode/Internal/PhysicalAnalysis/GQC58CoefficientPolynomialAlgebra.lean	7fe9bb2d43a1ccc1f83820f6aa147548746d51a8f9c5540b3d5aab00d2987328
GQC59DeterminantPolynomial	LeanCode/Internal/PhysicalAnalysis/GQC59DeterminantPolynomial.lean	e1cebabeb2ddb503fa943d478f1eee0bee7a9c18d9c488061ab7cecb9d4312bc
GQC60ExtensionPolynomial	LeanCode/Internal/PhysicalAnalysis/GQC60ExtensionPolynomial.lean	b81b872134e1332484b90f8c062832cd396a837bb671432f601c9e2318cbeaad
GQC61LiteralGaugeBlocks	LeanCode/Internal/PhysicalAnalysis/GQC61LiteralGaugeBlocks.lean	08157ec4da803e7021189b71d59c394070476efdbc6fd90d944e82eb0399b78c
GQC62GaugeEpsilon	LeanCode/Internal/PhysicalAnalysis/GQC62GaugeEpsilon.lean	c7d5fa6b5ff186686a359a3775ce53ffccfc0c6b8817e0ed40e0c8078a8f89d8
GQC49SmoothCoreEquivalence	LeanCode/Internal/PhysicalAnalysis/GQC49SmoothCoreEquivalence.lean	1edddb3778980aa1fd26ad3a8cb4c4908fd354e7dc54ba7defd37e11cba5156f
GQC50TransferGraphBounds	LeanCode/Internal/PhysicalAnalysis/GQC50TransferGraphBounds.lean	ea0a87921ef6fc3329dbf9901d79a6da0eca898094cfde99808878913817a157
GQC63TransferPolynomial	LeanCode/Internal/PhysicalAnalysis/GQC63TransferPolynomial.lean	8501c552e6ff9d8c31984ea32a2cda52f48eb42f618b5fa7bf5374163c5badc0
GQC64BoundedCoreTransfer	LeanCode/Internal/PhysicalAnalysis/GQC64BoundedCoreTransfer.lean	553dd85ce7531bcd21cb6b7bc7621631cfc32ab57f62ac1fb0f0b9ee799f5438
GQC47LiteralAxisCompensation	LeanCode/Internal/PhysicalAnalysis/GQC47LiteralAxisCompensation.lean	450d7ea52b338fcc974ad7624e9cd7e5fb161270d92fde300af832571f4ac4b6
GQC51CompensatedAxisConsumer	LeanCode/Internal/PhysicalAnalysis/GQC51CompensatedAxisConsumer.lean	f8bdc1f27d1f8dfe589110051499995a8331faf1d8d96d85f4088c9738c76781
GQC65LiteralCompensatedCore	LeanCode/Internal/PhysicalAnalysis/GQC65LiteralCompensatedCore.lean	b35833f18b8050b0eef224d9cb9ab250c1236ae6910ffd710216dac824cfbb1a
GQC66PhysicalCoreConsumer	LeanCode/Internal/PhysicalAnalysis/GQC66PhysicalCoreConsumer.lean	59861910a6a8ad2cb6477585aa64188c482c5eada5b34616a89f6a84207322fd
GQC67CoreIsomorphism	LeanCode/Internal/PhysicalAnalysis/GQC67CoreIsomorphism.lean	46dfab7f6e8990fc676b843c1fe9a37f5dd16d8cb3f1c01c5844734f8c5a6ce0
GQC68ActualLedgerIsomorphism	LeanCode/Internal/PhysicalAnalysis/GQC68ActualLedgerIsomorphism.lean	d267c4c3175797e19cfd35b496ac41fca47190ae9d31638200ec1176e14877b8
GQC69ExactNormConsumer	LeanCode/Internal/PhysicalAnalysis/GQC69ExactNormConsumer.lean	38c72549e2c4240abff0874d28cba8c8365fed3f37df733780e45b081fbfa94e
GQD1GraphClosure	LeanCode/Internal/PhysicalAnalysis/GQD1GraphClosure.lean	8de41fbb4ed2f3c6c70e7155b9fbadf9caa5526b71a98bc0b681af597931f56e
GQD2ActualClosures	LeanCode/Internal/PhysicalAnalysis/GQD2ActualClosures.lean	4faff28ccb4a110ba820b000c42d121b23ab1b10900ae33a8657779a26b1182a
GQD3BoundedExtensions	LeanCode/Internal/PhysicalAnalysis/GQD3BoundedExtensions.lean	c423aae9de35c538299502cbe863f8fb837ec83d36c0d21c72178f58b83620f9
GQD4InverseIdentities	LeanCode/Internal/PhysicalAnalysis/GQD4InverseIdentities.lean	fe5cc4fb6ee77866d97b338c055212fd873ecb4405993062523c917492122fa6
GQD5PolynomialDifference	LeanCode/Internal/PhysicalAnalysis/GQD5PolynomialDifference.lean	5ca8e4aab627682a4551c2e30803f5ed9d5c01485f03f346dae413fce7168e5a
GQD6CompletedIsomorphism	LeanCode/Internal/PhysicalAnalysis/GQD6CompletedIsomorphism.lean	01f1b24a267a6eeb01cb2ffa65dffbd2b616a3da05094c1d8a82985a8862ac14
GQD7ActualLowBall	LeanCode/Internal/PhysicalAnalysis/GQD7ActualLowBall.lean	8045af4716471d8d75b6e4a58b9ae9b1b9aa880d30adbd20fec27c45ef057cdc
GQD8ExactConsumer	LeanCode/Internal/PhysicalAnalysis/GQD8ExactConsumer.lean	ae57729f6da0fc273eb0572050317a0753dba930a8ea7e90e90d64120b3a2dfb
GQD9GraphRealization	LeanCode/Internal/PhysicalAnalysis/GQD9GraphRealization.lean	fcce98440b551845ed8c0b23d0d4dd2ba06bc9cebed6518df568d4fb4493e2ff
GQD10FaithfulConsumer	LeanCode/Internal/PhysicalAnalysis/GQD10FaithfulConsumer.lean	84bb7fcc3d00c985ced6ae1f9dee4e283fc1a434ff48b97a738830f500232272
GC21HighProjection	LeanCode/Internal/PhysicalAnalysis/GC21HighProjection.lean	1e4a6f4a8c1d32a68d0c72df3d6822a1f02c94fd22437d26673fe735716511d9
GC21Multiplier	LeanCode/Internal/PhysicalAnalysis/GC21Multiplier.lean	89b863dea059fe63d3e0a8243b71e8b7eb492b2ac3ae5a82cbca449c5e20b483
GC21Consumer	LeanCode/Internal/PhysicalAnalysis/GC21Consumer.lean	fe5df49b12fab91a912cc38b197d26f0710798485f4278461ed061ca4c90ee46
GQE1AngularMean	LeanCode/Internal/PhysicalAnalysis/GQE1AngularMean.lean	57f36b956dbfd26437c692f0f75f8a57e953640756a91b9988a5a54b4cf8e69f
GQE2CoreContractions	LeanCode/Internal/PhysicalAnalysis/GQE2CoreContractions.lean	3a7b3cf74f0f712a45f200a4be160b3d1912bb5ff49f533fd0b0520cb538afaa
GQE3APContractions	LeanCode/Internal/PhysicalAnalysis/GQE3APContractions.lean	19c0004d8a3546dc8a8a60c85bb9b21f3635e7554eb9c5f1f5c4fd247a6595b4
GQE4SmoothContractions	LeanCode/Internal/PhysicalAnalysis/GQE4SmoothContractions.lean	350a154ef1a939e671fed89e68d22440e689c07e4eb5c231960cc175dcb5a838
GQE11LiteralEndpoint	LeanCode/Internal/PhysicalAnalysis/GQE11LiteralEndpoint.lean	bb5b50819bb0932e004ccacc2bff15179cc92ecb5354f83049b5648b93c41667
ANJ12AllGradeUniqueness	LeanCode/Internal/PhysicalAnalysis/ANJ12AllGradeUniqueness.lean	4ba9d3a72078e10e5faf883d9c6c1432c3f9b8f084d9585f37367f407aebbb08
ANJ13ExactHighRobinConsumer	LeanCode/Internal/PhysicalAnalysis/ANJ13ExactHighRobinConsumer.lean	000006542aeaf7e075f80514257b68005863effdd894f78a648959cb4cfac0ed
ANS1ComplexRotation	LeanCode/Internal/PhysicalAnalysis/ANS1ComplexRotation.lean	f7908d1735745accc7d0bc2c95838365afb19101b6c36be699c91f3c8ebf3c9b
ANS2KernelCommutation	LeanCode/Internal/PhysicalAnalysis/ANS2KernelCommutation.lean	6f5dbdaf2c7b999d3c56c8b46f8c09dc71e35a5cbc51f4f93baeec0586f48d37
ANS3KernelDerivatives	LeanCode/Internal/PhysicalAnalysis/ANS3KernelDerivatives.lean	f86a1946a23cc3dce0ad18b60c219869173c605da26b3d5e092ae3b796117852
ANS4KernelL2	LeanCode/Internal/PhysicalAnalysis/ANS4KernelL2.lean	0a1aecd68d05838b6efe94b270bcb3795031a6e8235debaa70e9c0c1b1e9e455
ANS5NativeKernelBound	LeanCode/Internal/PhysicalAnalysis/ANS5NativeKernelBound.lean	fb59a4c6791b8381cfd02bc7888694f8f47d79367757b8fdc16a5251b55ecaee
ANS6ShiftPrimitive	LeanCode/Internal/PhysicalAnalysis/ANS6ShiftPrimitive.lean	29110f65e54dce813f4d64768a416f920ac13e3e4da5b5a45680640c98d5ac95
AKAA8FixedOrthogonalFullCellKernel	LeanCode/Internal/PhysicalAnalysis/AKAA8FixedOrthogonalFullCellKernel.lean	884614c40a244a2715ca1224977ebc2650eb41c756c82c347b11582e7ac0aff7
AKAA9ActualAngularKernelData	LeanCode/Internal/PhysicalAnalysis/AKAA9ActualAngularKernelData.lean	c2581c63cda0f5c0712a3003d12c624650e261443dc97b6a9fcba829a70242e6
AKAA10ActualAngularKernelBounds	LeanCode/Internal/PhysicalAnalysis/AKAA10ActualAngularKernelBounds.lean	fdd368255ab5886cd316ed92dff5d7b0117c2a4974e8355cccdc0302196b2b52
AKAA5ActualConjugatedCoefficientJet	LeanCode/Internal/PhysicalAnalysis/AKAA5ActualConjugatedCoefficientJet.lean	dec71ab1deb7b35b9b2424c81cd9f4f22f4e6bffd030e07f0603be4815ff2fce
AKAA6ActualCartesianKernelMajorants	LeanCode/Internal/PhysicalAnalysis/AKAA6ActualCartesianKernelMajorants.lean	5216fe09d29eeb21d232a52898f282a5013f8a2b5f6bb0c3e39c74867a10d8b3
AKAA7FullCartesianDerivativeKernel	LeanCode/Internal/PhysicalAnalysis/AKAA7FullCartesianDerivativeKernel.lean	b94cb8809eb31f06cc4b1f8a147dbd2806f1b993be454cc712226afbfcc81627
AKAA11LiteralDerivativeKernelAction	LeanCode/Internal/PhysicalAnalysis/AKAA11LiteralDerivativeKernelAction.lean	76729f5a0bf6756d15eac736b26ed1f44d627e211bbc3c235f6d5e8514435dd4
AKAA12LiteralAngularKernelAction	LeanCode/Internal/PhysicalAnalysis/AKAA12LiteralAngularKernelAction.lean	a1f1365beab279cf394159fe0e2f0bfcce1ea3dfce549b65fa9bb9d3fa001f6f
AKAA13LiteralPointKernel	LeanCode/Internal/PhysicalAnalysis/AKAA13LiteralPointKernel.lean	23a2609f2362f3845374a9e9d4b5aafd0eaeac4f4ab713d0e5ebb95756886fc0
GQE5ScalarPreservation	LeanCode/Internal/PhysicalAnalysis/GQE5ScalarPreservation.lean	72559502ff303018b7ec272d69e3aeb2d170a264af47b8cae1bd24ebd83030e5
GQE6CompletedReconstruction	LeanCode/Internal/PhysicalAnalysis/GQE6CompletedReconstruction.lean	d4ce0142bd3b2ec6c11d224c3f81fdaf46c7c944d28f8b6913db3167714911fc
GQE7CompletedScalars	LeanCode/Internal/PhysicalAnalysis/GQE7CompletedScalars.lean	8e20e12a8e562240f78ef32104a63f4d9b61dc5bd25a755b6a0c208e4629cf78
GQE8CompletedPreservation	LeanCode/Internal/PhysicalAnalysis/GQE8CompletedPreservation.lean	8bdb348a48027cc725b41be0fc901155ec0041c5f8d770e5a26b85dafe92a7b0
GQE9PhysicalNormalRow	LeanCode/Internal/PhysicalAnalysis/GQE9PhysicalNormalRow.lean	634375f8f1e357e375d8aca084f7b60f1170f36f4590642312e89c299f8e8aa6
GQE10NormalTraceDifference	LeanCode/Internal/PhysicalAnalysis/GQE10NormalTraceDifference.lean	2d5e840f7d43d75525ed9d97d33f40d9cbab057b84da136b6ff9cfaa175e5d7b
GQE12BulkRealization	LeanCode/Internal/PhysicalAnalysis/GQE12BulkRealization.lean	6cfb2b87a16496f70157a89493cb24c38056a5af2a1cbc02c0dd63652f0846cf
GQE13PairedConsumer	LeanCode/Internal/PhysicalAnalysis/GQE13PairedConsumer.lean	90c7ea257ea623b9b1e26eb6c6f5791780ad23a42d6e867fbee4c179f0ce21fc
GQE14ScalarTraceContract	LeanCode/Internal/PhysicalAnalysis/GQE14ScalarTraceContract.lean	d486c50370c3ef8a684470e0508e037a02e9b484af505c60922165950485d5ee
GQE15ActualLowBall	LeanCode/Internal/PhysicalAnalysis/GQE15ActualLowBall.lean	c1eab21ea4e17525b60f89c693124c88be5c75678488623c79e26ef425e14996
GQE16ExactConsumer	LeanCode/Internal/PhysicalAnalysis/GQE16ExactConsumer.lean	d4cecc25d5008ea2da6082f9bf532bd97847b636d0c10a325a2a844db79d8b6c
GQE17FaithfulPsi	LeanCode/Internal/PhysicalAnalysis/GQE17FaithfulPsi.lean	147e3bfd740f5f9ec658fd5d1c8b30cb4ded4c0eb61d6e4095417519d8e97ba8
GQF1LiteralRows	LeanCode/Internal/PhysicalAnalysis/GQF1LiteralRows.lean	f38ccf4b714dff44a360a931ae29d86ba87df6bc3cd0e8329f4bba958af6ad35
GQF2SourceCarriers	LeanCode/Internal/PhysicalAnalysis/GQF2SourceCarriers.lean	90aa37b6cc93c25ab9660c930e24ea6d186bf21927baf58a0292a267d6837be8
GQF3ComparisonInterface	LeanCode/Internal/PhysicalAnalysis/GQF3ComparisonInterface.lean	9f1a4374fe879af68c8cedd65e691c11f2700754b111cbe28743b238c9ecfd55
GQF4InterfaceConsumer	LeanCode/Internal/PhysicalAnalysis/GQF4InterfaceConsumer.lean	ce4bbe66f96a7d02572826f9b0849e8312176c961be8810da1e99206216949f8
GQF5RadialProjection	LeanCode/Internal/PhysicalAnalysis/GQF5RadialProjection.lean	452a211efe430b3add83913a2448949b944265e21d4a25a7f1568210979deddc
GQF6DivergenceGeometry	LeanCode/Internal/PhysicalAnalysis/GQF6DivergenceGeometry.lean	f5888d2d9ca5cc6e67e821339bbc6ccf0870ea23444f55275e3a66f71e8fcd92
GQF7ComplementAlgebra	LeanCode/Internal/PhysicalAnalysis/GQF7ComplementAlgebra.lean	fdda5827dc83fbde4117285512992e421555a6488f32cbdce2ab84086919223d
GQF8CompletedDivergence	LeanCode/Internal/PhysicalAnalysis/GQF8CompletedDivergence.lean	2132a6ba64f6bd5889645329f5f1e95652a114218f1208acd0d4662a253d0ffb
GQF9SmoothDivergence	LeanCode/Internal/PhysicalAnalysis/GQF9SmoothDivergence.lean	b44d575c42f282de53a8055fc3df4fcb92847e0f3cf1d2d8bf23b87e77af7362
GQF10CircularCancellation	LeanCode/Internal/PhysicalAnalysis/GQF10CircularCancellation.lean	c16c6726b65bf065a3e3dce9e5563dddea980b7fa994a8e0035c10c400722515
GQF11SmoothComparison	LeanCode/Internal/PhysicalAnalysis/GQF11SmoothComparison.lean	49d4123199e9cff75db8781e5d8f724ba441fe82695523636415a579ed3c01a2
GQF12RadialRotation	LeanCode/Internal/PhysicalAnalysis/GQF12RadialRotation.lean	79d882ac6eec4538f8e1bc69d6a52aa39f2154110e6cf81f75f9a6cc910adac9
GQF13TangentialRotation	LeanCode/Internal/PhysicalAnalysis/GQF13TangentialRotation.lean	ac792c21d6b1d338df7c950b202c1d7e2e1b319fd74b280677d9cf6d1f0c754d
GQF14CircularDomain	LeanCode/Internal/PhysicalAnalysis/GQF14CircularDomain.lean	549103045783190eebea52ee4fefd2cea234370b9661262719bf00a44587fa17
ANP1OriginalAngularModes	LeanCode/Internal/PhysicalAnalysis/ANP1OriginalAngularModes.lean	8c94ba405c254518b8eab808ac33e1a73516e1e4f8f77cf204b6197fe106ab63
ANP2SmoothAngularModes	LeanCode/Internal/PhysicalAnalysis/ANP2SmoothAngularModes.lean	a0ed975e18958537f9bd79639fc2cb8435fbbfb59f0a1673910599546526e3d4
ACE1PowerDilationIntegral	LeanCode/Internal/PhysicalAnalysis/ACE1PowerDilationIntegral.lean	29f8b9912b28da0e2b3ef8a9578180acf6f1296f76fa231154a06142ba6c216f
ACE2DilationBoundsAndLinearity	LeanCode/Internal/PhysicalAnalysis/ACE2DilationBoundsAndLinearity.lean	185f2457bb8d9c34be8279c18911c2cf9be9d0ea882053f2d172831a33a87879
ACE3PureModeEuler	LeanCode/Internal/PhysicalAnalysis/ACE3PureModeEuler.lean	d7299658fccdc383c366a5bc7730882a6669a45f24aa49fea5cacf5b11d75b3b
ANP3SignedDerivativeCovariance	LeanCode/Internal/PhysicalAnalysis/ANP3SignedDerivativeCovariance.lean	aab7ed451b996a28d08f0129c89db761f07ca99ea5a8e50877918525d2f9eb48
GQF15ProjectionBounds	LeanCode/Internal/PhysicalAnalysis/GQF15ProjectionBounds.lean	dc72b39192d4edbb23182a7e415649525b5cf8350c57e98c5905d1125817a4f6
GQF22SourceNorm	LeanCode/Internal/PhysicalAnalysis/GQF22SourceNorm.lean	4b320ead626737ef0cd0e098ec520e3e6734fb9ee5e3d5d6a7ebb85c3d65771e
GQF24ErrorBounds	LeanCode/Internal/PhysicalAnalysis/GQF24ErrorBounds.lean	b62d4c54c784383378ca7e94bf1ed7ff33133424d5d38ea4f1e0123aff79bb99
GQF31LedgerSizeBounds	LeanCode/Internal/PhysicalAnalysis/GQF31LedgerSizeBounds.lean	0ede13396dd149609fb7f9c21a110c63657fb04e5f7344d1a6ea05b47ab9dc70
GQF32ComparisonPolynomials	LeanCode/Internal/PhysicalAnalysis/GQF32ComparisonPolynomials.lean	65837d38bf99c1d4fc792dc309f8f69d287ee378654e49d8403e84942c9f1d4b
GQF33PolynomialControl	LeanCode/Internal/PhysicalAnalysis/GQF33PolynomialControl.lean	e64c7a3ca3b20f12b0ce1a109e7145f121fc78bc468a263149107845aa681e94
GQF34FiniteRecipeControl	LeanCode/Internal/PhysicalAnalysis/GQF34FiniteRecipeControl.lean	cce2abdd02d4da55f8b5bcef97bf9420fcbf5b0e577d641aff479d047bfb8d7f
GQF35GaugeTracePolynomials	LeanCode/Internal/PhysicalAnalysis/GQF35GaugeTracePolynomials.lean	df75336c00c965bc4433d39a9af900fc0d6581d49b123495afa15a9c2f6b34a0
GQF36FluxPolynomial	LeanCode/Internal/PhysicalAnalysis/GQF36FluxPolynomial.lean	c5c7dd5fc9c56a38daf78e30fefb7ba03f122527c3b7bea82dbc8e3f8d34be36
GQF37PrimitiveControls	LeanCode/Internal/PhysicalAnalysis/GQF37PrimitiveControls.lean	f798a12c68974e60c713e34a467991ab1a95e3e9859a0af1e83fe2d39ca23a67
GQF38PrimitiveInverses	LeanCode/Internal/PhysicalAnalysis/GQF38PrimitiveInverses.lean	ad204323c296444dae3ee710691788a0acedb85ba6cc99869a789a16c9096bb7
GQF39RecipePositivity	LeanCode/Internal/PhysicalAnalysis/GQF39RecipePositivity.lean	36e735c9a18f12fdfaa62e06f18ffbabb569d44394be24a8a4d1ce67ab97b8f5
GQF40RotatedPrimitive	LeanCode/Internal/PhysicalAnalysis/GQF40RotatedPrimitive.lean	6ded29f512d552cff20ad12dc7840d7c3aeaa53bed7d1d870ed99d6b839724aa
GQF41PrimitiveLedgerBounds	LeanCode/Internal/PhysicalAnalysis/GQF41PrimitiveLedgerBounds.lean	9087fbbc1f51560b59a8fdddc7cc7991654c994f46c407acbb07797a51d39eb0
GQF25CompletedError	LeanCode/Internal/PhysicalAnalysis/GQF25CompletedError.lean	3e7cda4957b94859121f2869b2176eee90dc74a739ad0145fae37e5311bc9012
GQF26CircularBounds	LeanCode/Internal/PhysicalAnalysis/GQF26CircularBounds.lean	175faa4ebd6c6f7c57593e465445c15d793793441f7c2c07726a0e1c58c12eb1
GQF16AxisStability	LeanCode/Internal/PhysicalAnalysis/GQF16AxisStability.lean	fb7ea78f1b78bc2467cd294b3c81adb699294b499765bb685584dab7f3a717b8
GQF17RadialSourceJets	LeanCode/Internal/PhysicalAnalysis/GQF17RadialSourceJets.lean	5358f725e170c51e65f9ddff8c48f0ec3cce7aa887906d22b9f61b17adfb1c64
GQF18CircularSourceJets	LeanCode/Internal/PhysicalAnalysis/GQF18CircularSourceJets.lean	662c9b0f901d1e69ea2c0d3a65c94a81a00318ea50dc999f23a47471841fd91e
GQF19SourceMean	LeanCode/Internal/PhysicalAnalysis/GQF19SourceMean.lean	b841ee92b3b06b5aafa8537aa5dd7bab8ce14627343ee382ce2da3ffe2b3f751
GQF20CircularSourceRange	LeanCode/Internal/PhysicalAnalysis/GQF20CircularSourceRange.lean	4928130b46f817b5d663b591772de01913059c2087e25ac47947847259306338
GQF21ActualSourceRange	LeanCode/Internal/PhysicalAnalysis/GQF21ActualSourceRange.lean	3f19f596b2bd0ad1ad0e0ad0e9adaa69ec375fe6f9b66a10e2c7f2d1baa69c55
GQF23ActualSmoothConsumer	LeanCode/Internal/PhysicalAnalysis/GQF23ActualSmoothConsumer.lean	ce48ee4a6364ad91073d5683d542afbff2e5dc04796efe3401f0e3e332679d13
GQF27AugmentedIdentity	LeanCode/Internal/PhysicalAnalysis/GQF27AugmentedIdentity.lean	b9391dd11af7aa6175e78f81b652bfccf86dc138b5227e5ca8c310287badf217
GQF28CompletedRows	LeanCode/Internal/PhysicalAnalysis/GQF28CompletedRows.lean	6807ee4558aa1c4fc98c9fff80ad534a5435d1ccd77d68e7a4fc43d8c5c3bbc1
GQF29CompletedRange	LeanCode/Internal/PhysicalAnalysis/GQF29CompletedRange.lean	b2d4788024e3bfd2017b335dd0fdb5a923aa9e07fdb533d93186390e6a242be2
GQF30CompletedComparison	LeanCode/Internal/PhysicalAnalysis/GQF30CompletedComparison.lean	4310373c3ead0e15d0975a27dc1878f67918dc60111b245cf19e3061f27d1dbd
GQF42CanonicalLowBall	LeanCode/Internal/PhysicalAnalysis/GQF42CanonicalLowBall.lean	bc3438951675a820d957b6b3431fd1c4256560fe009bf48e63d40c4cf2deb986
GQF43ActualForwardComparison	LeanCode/Internal/PhysicalAnalysis/GQF43ActualForwardComparison.lean	e3f13b858a6edb2f22c2dbe430ce4fb989c55c582f44254aed1f6a5c6032033c
GQF44ActualConsumer	LeanCode/Internal/PhysicalAnalysis/GQF44ActualConsumer.lean	6bf583edabb875d0e5d00343dabf3a55c0e33bf445cad5a85c2bdecbc7737f4d
ANP4RawVectorAndSource	LeanCode/Internal/PhysicalAnalysis/ANP4RawVectorAndSource.lean	1c75b8925851f6b1266bd6a643a79db90d8f31ea75b99b20e7bf62d6c189c7d8
ANP5GradientAndCurl	LeanCode/Internal/PhysicalAnalysis/ANP5GradientAndCurl.lean	a37861696d3f7a6754dae3e7c4b94d8beccc850ceed8b3e52e3d4247438e0dd5
ANM1FirstTaylorJet	LeanCode/Internal/PhysicalAnalysis/ANM1FirstTaylorJet.lean	25d70dad8a31d5eea606fa44e948fa8ff27bbf7bfc2f67a4c059dba595227b5d
ANM2ActualMeanSource	LeanCode/Internal/PhysicalAnalysis/ANM2ActualMeanSource.lean	578c2239a5b52a645f4a055c8ac937f096b942d69a1d351a75b9b7be8a920845
ANM4ScalarRotation	LeanCode/Internal/PhysicalAnalysis/ANM4ScalarRotation.lean	a8b1aba38d2b7316002d97fd63afe4a685e7f81ee17c5b9b83c595a02c27bbb6
ANS7ExactAngularInverse	LeanCode/Internal/PhysicalAnalysis/ANS7ExactAngularInverse.lean	ae362f9f708d2c2c58c20279ebee38c7d828b9ec41d29d2b60fba96278e4fad8
ANT1CartesianDivCurl	LeanCode/Internal/PhysicalAnalysis/ANT1CartesianDivCurl.lean	c5c9a916f17dc25c54798024de443303a9568f455ae950616f0466ee137c6a9e
ANT2ScalarCommutators	LeanCode/Internal/PhysicalAnalysis/ANT2ScalarCommutators.lean	b68eb9042a296c2911734cdab75ba29f49a27046eceb783c94b457b97603a6c4
ANS8NativeInverseBound	LeanCode/Internal/PhysicalAnalysis/ANS8NativeInverseBound.lean	ca64d6e08469afe04f08bd37c2e9dd88b21f071d52e80cfef3d8a7e2bde146ac
ANS9OriginalSmoothInverse	LeanCode/Internal/PhysicalAnalysis/ANS9OriginalSmoothInverse.lean	a61a1a1289ba32504caefcea488609a0963a948204ad9d7e6cf1b6a32f275ea1
ANS10ActualAngularConsumer	LeanCode/Internal/PhysicalAnalysis/ANS10ActualAngularConsumer.lean	e0c7b06b736320898b56306f8d8977c216e609dab513344534e90f253623e010
ANS11InverseCompatibility	LeanCode/Internal/PhysicalAnalysis/ANS11InverseCompatibility.lean	7a76261ff99e4fabf5ec33b3207e3f894261f8e0e617035ee398dad8e256e1a3
ANM3ExplicitMeanState	LeanCode/Internal/PhysicalAnalysis/ANM3ExplicitMeanState.lean	87605219df89f4289252e28dd70da6bff923483872faa0aeaa9a4b57cb91ad52
ANM5LiteralRows	LeanCode/Internal/PhysicalAnalysis/ANM5LiteralRows.lean	86b83a4835f8d822196022e06f893c4d052c6ba5241e3cb9f7db7bf4e3d0fdaf
ANM6BoundaryAndNorm	LeanCode/Internal/PhysicalAnalysis/ANM6BoundaryAndNorm.lean	0f009e9c3e67f5bd51dde61721650ee8a4f210a3b2753f33ec7ed2d73295926c
ANM7MeanUniqueness	LeanCode/Internal/PhysicalAnalysis/ANM7MeanUniqueness.lean	a78ef1c2a0a47d8e5cec174db604d9b999bc949aaccc2496457cfa7d160eff83
ANM8ActualMeanConsumer	LeanCode/Internal/PhysicalAnalysis/ANM8ActualMeanConsumer.lean	46752aa9ae419ca9bcee75b8c3fc4307eee3e1dc02e55cd170b0b88d7b3f78f2
ANV1HelicityAlgebra	LeanCode/Internal/PhysicalAnalysis/ANV1HelicityAlgebra.lean	4c13158c3cab19e53a03506d50aed9661c1ccb33162ff8e94e4194518f9c109e
AKY1ActualCurrentQuotient	LeanCode/Internal/PhysicalAnalysis/AKY1ActualCurrentQuotient.lean	cf86b10c8df9c1511262a48700fc9dbdc34793557e37fc4c9e82c4148ed3e705
ANP6ClosedGaugePreservation	LeanCode/Internal/PhysicalAnalysis/ANP6ClosedGaugePreservation.lean	22ffc2f063db1033a00729718615dd5513d7c4a6c1c5d8eb13f54d1a53ca8775
ANP7ActualSourceProjection	LeanCode/Internal/PhysicalAnalysis/ANP7ActualSourceProjection.lean	4f18f9ca6cf9029b3cde85555d3a05543ebef9f0d4e3f0442bb3248cbd34efe8
ANP8StoredJetCovariance	LeanCode/Internal/PhysicalAnalysis/ANP8StoredJetCovariance.lean	2e0114715dc81741ba36d006208358842c116162beba92a6c77a6cb09de575d0
ANP9ActualStateProjection	LeanCode/Internal/PhysicalAnalysis/ANP9ActualStateProjection.lean	d3d4b35890db43c6ee294c819cf8041e47e5f9c2dae0cf0c1d45ce63e1af4386
ANP10ProjectionAlgebra	LeanCode/Internal/PhysicalAnalysis/ANP10ProjectionAlgebra.lean	f407c55693453cb73535063983e717aa00ae3a7afa0b69011f6d7fbd3fd25a9e
ANP11LiteralExclusions	LeanCode/Internal/PhysicalAnalysis/ANP11LiteralExclusions.lean	a082b37f8668a46b31c54765bc999c3b687bb2d9e4d8a14919b77bda0b4a75f6
ANP12RotationCommutation	LeanCode/Internal/PhysicalAnalysis/ANP12RotationCommutation.lean	fa3f5f46d9913fe3787770ca1e44c19fcb086fc3db6e25ff0563bac06fb67269
AKY2TrueCovariantAngularInverse	LeanCode/Internal/PhysicalAnalysis/AKY2TrueCovariantAngularInverse.lean	e8739f733b92ab689af0b2d635d07128a9341594f563d3c2c23a0a53f443895f
ANV2ActualVectorInverse	LeanCode/Internal/PhysicalAnalysis/ANV2ActualVectorInverse.lean	27be8d52a5b645ab1e732ca15d57749e4fe9e7e476034792f26fafe96a9d1fc8
ANV3VectorGraphBound	LeanCode/Internal/PhysicalAnalysis/ANV3VectorGraphBound.lean	b0c6684f1219794e299c62aa7843b17f276d64749d6dc6793f21f33c1c912e2e
ANV4StoredVectorScalar	LeanCode/Internal/PhysicalAnalysis/ANV4StoredVectorScalar.lean	86c2c48ce47bc236acb2ac5856f5f88243ebb15d7b340aa781db66d363ebf7f2
ANV5CompensatedReconstruction	LeanCode/Internal/PhysicalAnalysis/ANV5CompensatedReconstruction.lean	6c41ce73bf2739f71eef8876698ca7a3a0f4c8e1a9fe028cd5866b1cd0fd1c30
ANV6NativeReconstructionBounds	LeanCode/Internal/PhysicalAnalysis/ANV6NativeReconstructionBounds.lean	4607704e3223c6e069bf6a7d996f49a2dbcd8a0f8190e0b5e25415bcff3209e3
ANV7ActualCompensatedBound	LeanCode/Internal/PhysicalAnalysis/ANV7ActualCompensatedBound.lean	ef7c1cc964d36fe1f917b41df5ad72776ec0d6b3e09022e50bfe1b9756ce6acc
ANV8AxisPreservation	LeanCode/Internal/PhysicalAnalysis/ANV8AxisPreservation.lean	377dc225206546949ab8c64f66737112127ecc4bc0ac3b0364593e54171c8d66
ANP13OriginalSourceBounds	LeanCode/Internal/PhysicalAnalysis/ANP13OriginalSourceBounds.lean	3dd6a444c3d25845ada913f95398c2f85d189a5cacdced9375a29df21b7324fe
ANP14OriginalStateBounds	LeanCode/Internal/PhysicalAnalysis/ANP14OriginalStateBounds.lean	f978e040b44735ce8c2771866435b5071f39b9d64026fd06a5229347b38cf809
ANP15AxisConsequences	LeanCode/Internal/PhysicalAnalysis/ANP15AxisConsequences.lean	aabc417ffff3c6d8aca422c8040f6725113f62aefc3bbcaf6c17203aa52e8f4c
ANP16ActualSectorConsumer	LeanCode/Internal/PhysicalAnalysis/ANP16ActualSectorConsumer.lean	32c8603f0210aad6546b3100961a43e0e489b68bf5ef9a3657528cec36f1dd24
ANV9ActualNonresonance	LeanCode/Internal/PhysicalAnalysis/ANV9ActualNonresonance.lean	63c610fc9d1f04c01a50bc0d5b7301de1ea1b776c655d685f0e82069020f7ec6
ANV10ActualAxisDomain	LeanCode/Internal/PhysicalAnalysis/ANV10ActualAxisDomain.lean	6e80dd76d81c3e1e1e1f96b77d723a5bf546ca8fa336e167479928f134b19e2f
ANV11VectorModeCommutation	LeanCode/Internal/PhysicalAnalysis/ANV11VectorModeCommutation.lean	945e56ed04caa207f0ee35d3d3365fbc79a35eeefef58a4e29bf2ce7e99712ad
ANV12ActualCircularDomain	LeanCode/Internal/PhysicalAnalysis/ANV12ActualCircularDomain.lean	41c2bb99816f3bcb8517768944129c74862a49df6b5162d9c84c6738d3eaee86
ANV13ReconstructionConsumer	LeanCode/Internal/PhysicalAnalysis/ANV13ReconstructionConsumer.lean	fff3c806ccc4f2c277b3e2bbbd100088716e56906a4d5ce88e282e96de19e704
ANF1OriginalFullMultiplier	LeanCode/Internal/PhysicalAnalysis/ANF1OriginalFullMultiplier.lean	2322c62d4e52d4a6356f4b77d516776dd3e834e6f8a2111b6c726f347532687f
ANF2OriginalScalarForcing	LeanCode/Internal/PhysicalAnalysis/ANF2OriginalScalarForcing.lean	09c8f7e555f07017a76e09714e3fb22fa275ae506b0f00a7f570650fe38222ce
ANF3OriginalBoundaryMultiplier	LeanCode/Internal/PhysicalAnalysis/ANF3OriginalBoundaryMultiplier.lean	572fc9c378ab706ae756828534e684a5b50ea52b3c08db01d9a1842563a18731
ANF4OriginalBoundaryForcing	LeanCode/Internal/PhysicalAnalysis/ANF4OriginalBoundaryForcing.lean	3c4ad986b55979cc9a2300eeddc181d161aa4b9dc5d72717554d8c7f5c8d17ee
ANF5ActualHomogeneousVelocity	LeanCode/Internal/PhysicalAnalysis/ANF5ActualHomogeneousVelocity.lean	bf77ea2aeaf090620215e25883b1cc2d17238d6d41b1a238ec676277dfd5d672
AKY3CartesianMeanAndHodge	LeanCode/Internal/PhysicalAnalysis/AKY3CartesianMeanAndHodge.lean	81306362bfadb2dfec115f1bc333483c1583bdfae3b9f1f195654ecb043f92f2
AKY4ActualZeroOrderRecovery	LeanCode/Internal/PhysicalAnalysis/AKY4ActualZeroOrderRecovery.lean	0f882b646a49f27a5abf49c0f3efe3efe3e602629b4fde1aacb903e50ffd6d72
AKY5UncompressedSecondOrder	LeanCode/Internal/PhysicalAnalysis/AKY5UncompressedSecondOrder.lean	cf0fd2e8fe8cf0f01be83d4a866200ebd98292af4ed17e8ac4966a11e4497406
AKY6ActualNormalizedRows	LeanCode/Internal/PhysicalAnalysis/AKY6ActualNormalizedRows.lean	4ec696eb6692334aaa23bf83c8270405e9098e0a0e28a59d8d00a38367d6c0d0
AKY7ActualScalarAndFluxRows	LeanCode/Internal/PhysicalAnalysis/AKY7ActualScalarAndFluxRows.lean	c14a6f0de1df54e74333e040bf183a2d91d7d2a3edeaf695b49bc343412dd2d6
AKY8ActualFullCellRows	LeanCode/Internal/PhysicalAnalysis/AKY8ActualFullCellRows.lean	107e4639856c58c4134ec085160abf9b42e9361beebe39a7ab10bea787665419
AKY9ProjectedActualFlux	LeanCode/Internal/PhysicalAnalysis/AKY9ProjectedActualFlux.lean	0182db6b3dbd589342cd46e4b0afd76d53cfb4a868b85aa1a9bd7b2371bce0d1
AKY10ExactSecondOrderSplit	LeanCode/Internal/PhysicalAnalysis/AKY10ExactSecondOrderSplit.lean	acaa32c6b2475f6bcd7a80576a2d5541e79fdfe18240c183491167cd3c277a9a
AKY11ActualCellReductionConsumer	LeanCode/Internal/PhysicalAnalysis/AKY11ActualCellReductionConsumer.lean	16585b1796d35131c5d2a412f3a83fc3d97fa1752316b48e4154aadb8df6ab84
AKY12OriginalWidthCovariantInverse	LeanCode/Internal/PhysicalAnalysis/AKY12OriginalWidthCovariantInverse.lean	b372f2f96e8e1d1d8f64a1f843fe27f41bede42a46eed9723981e43e1bee11fa
AKY13ActualLedgerReduction	LeanCode/Internal/PhysicalAnalysis/AKY13ActualLedgerReduction.lean	7d86a1191b5f5866947e43dc4130a3db2be7c2f4622b11f1d06da5ac3e49ec65
AKY14OriginalB8ReductionConsumer	LeanCode/Internal/PhysicalAnalysis/AKY14OriginalB8ReductionConsumer.lean	0c4509e856c0f5bfd61fe26fe136b14ca366293a330eb824e6b9c9dfe53120a6
AKY15GivenOriginalRowConsumer	LeanCode/Internal/PhysicalAnalysis/AKY15GivenOriginalRowConsumer.lean	6993ee5e23129d8bfc02e6a2e54b81cae1a481ca7d273ed61e554eeaec78e849
AKAA14OriginalFixedOperators	LeanCode/Internal/PhysicalAnalysis/AKAA14OriginalFixedOperators.lean	0a0d6462b5bfd3beea5d88de3d450ff4576d1ab3f6f8e94a9b4fa4cec5cefc54
AKAA15LiteralCurrentRowKernels	LeanCode/Internal/PhysicalAnalysis/AKAA15LiteralCurrentRowKernels.lean	9394e7b7ed491c439727957bdd16e5f9d8255510877f05b5cb0c15838982e800
DR1Consumer	LeanCode/Internal/FunctionalAnalysis/DR1Consumer.lean	9e8f921a5d74080a374df1dfdad76bb32f0a572abb3348889ddd8e65feab54cc
DIL1Interface	LeanCode/Internal/FunctionalAnalysis/DIL1Interface.lean	1e16cb7f6489ca7377b6af21318358eda74fbae2dce917ee716ecc519de9c063
DIL1Field	LeanCode/Internal/FunctionalAnalysis/DIL1Field.lean	74938c6759edccb32220a15e8c120b95c1df24d337cd3fcdf2c8cd801099ca6a
DIL1Tests	LeanCode/Internal/FunctionalAnalysis/DIL1Tests.lean	977a4717160b36896b52123e079f2874b47b17c9ad29b35a915a4a9e325f710f
DIL1Weak	LeanCode/Internal/FunctionalAnalysis/DIL1Weak.lean	803767cd432de04b19637f60817a194b30bef36d0194f958c84c6c7013599b8f
DIL1Jet	LeanCode/Internal/FunctionalAnalysis/DIL1Jet.lean	9fbab7972bb8c7a73fefbf684e0cc5ce78bf5950d9d0443a3d8b5620eed384d1
DIL1Continuous	LeanCode/Internal/FunctionalAnalysis/DIL1Continuous.lean	b65f8ad522222c028837b7014d4911a656ca5579bd30a8a041aad0a1c2121c32
DIL1Restriction	LeanCode/Internal/FunctionalAnalysis/DIL1Restriction.lean	6f4c5298e5527df9e76ade184fa4deb37997c2fe984b398786d8ccb632ec2bd9
DIL1Consumer	LeanCode/Internal/FunctionalAnalysis/DIL1Consumer.lean	dae1b6880b43031045648fcc1223757933ce62bbba7699f6f1f6ae5a5472dc88
JCInterface	LeanCode/Internal/FunctionalAnalysis/JCInterface.lean	8cc519ed1d3acac89ffb8223edad2c0264da9f8bd7274dacaa78b598af3203de
JCProof	LeanCode/Internal/FunctionalAnalysis/JCProof.lean	4896fef9004916e5267ba039b1e1211bdeeaa901f2da237a6d7082a0f66b033b
JCCoherence	LeanCode/Internal/FunctionalAnalysis/JCCoherence.lean	998863b559ae028713a38744786612ce7547becdf5cb812e14f82fc7941624b2
T1Interface	LeanCode/Internal/FunctionalAnalysis/T1Interface.lean	a4033fcb02402c11c6cd7cb7acba14151d4e0f36fe73c84d33db6c6463c84348
MP1Interface	LeanCode/Internal/FunctionalAnalysis/MP1Interface.lean	83e880aff19d82ece1f99465c2f0f2892b62e7af9599dd7e4ccdbd97c700442f
WM1Interface	LeanCode/Internal/FunctionalAnalysis/WM1Interface.lean	f62c0152034e5707aac06595463a6be1b90cd5e558e829f18ecf95679f416069
WM1Tests	LeanCode/Internal/FunctionalAnalysis/WM1Tests.lean	9f5012d4bb14c813e751827963b740b8c52ccc21463c6cf9b4853a664e524171
MP1Kernel	LeanCode/Internal/FunctionalAnalysis/MP1Kernel.lean	b6508917e6898a59b85b5525c59011c5ef94369792b4ef629bbb290324356e3a
MP1Calculus	LeanCode/Internal/FunctionalAnalysis/MP1Calculus.lean	c59552053ea5530c82a4dd858ca80c4dc60803ff663197b4408d468dc9d9e795
WM1Kernel	LeanCode/Internal/FunctionalAnalysis/WM1Kernel.lean	aaa953170553e28ef2411e9cb2045b8123ebedf93453546543bbd638b8f38ab2
WM1Translation	LeanCode/Internal/FunctionalAnalysis/WM1Translation.lean	160368fc08ff01231cc7dc6aa00f0d0d94493364efb6c02034afc7e7498dbe63
WM1Independent	LeanCode/Internal/FunctionalAnalysis/WM1Independent.lean	054b62551e4d042cf3da7c5b3a60a393cd1211d8f14f866b67ea3307900ca14b
T1Translation	LeanCode/Internal/FunctionalAnalysis/T1Translation.lean	6e2d8b03b34707ea5258ddec97b0b693ea8c9265a25e08de3ef3d3395141c79e
T1Averages	LeanCode/Internal/FunctionalAnalysis/T1Averages.lean	ba371340ceac44bb727b4c975d1dcfd834d25af73e2a1007c9d8fe6b1d97ed9f
T1Approximation	LeanCode/Internal/FunctionalAnalysis/T1Approximation.lean	74059a6267af7557a601a02e26bca9af327855c559e4aefbc323353a22da861c
T1Canonical	LeanCode/Internal/FunctionalAnalysis/T1Canonical.lean	3e838d7b756763df7afd38d4e186a96a549bbf5d26bdbe9b47c9c2feaf9b3cd2
T1Proof	LeanCode/Internal/FunctionalAnalysis/T1Proof.lean	d8b8b71fca1208c5c57335fd2e8d150e1389f1f65cf00f3679f9c0be81f8a303
WM1Averaging	LeanCode/Internal/FunctionalAnalysis/WM1Averaging.lean	cad3669bb11453553a3961bd84302e32d2b79d7b0a51db8335847efb5ad35924
WM1Graph	LeanCode/Internal/FunctionalAnalysis/WM1Graph.lean	88e80e81c3fa5929ac86d510b096943e991ab65942bbeb8086ed38d6e651d9f7
MP1Bump	LeanCode/Internal/FunctionalAnalysis/MP1Bump.lean	d8123f9238eea789bc3dcc5158b98ea274fbd9e2f7d20dd4d4ca75ee9d43f6fe
WM1Approximation	LeanCode/Internal/FunctionalAnalysis/WM1Approximation.lean	a71cd005d336cfd1c036fe4ad50e6c8d5cb0bb8297d7c47b9fd0353c69a984f7
MP1BridgeInterface	LeanCode/Internal/FunctionalAnalysis/MP1BridgeInterface.lean	21d37c1bf5acd5ea6945ac2c6bb0aebf562680e2ce53a2874698d7eef0b2de29
MP1BridgeLocal	LeanCode/Internal/FunctionalAnalysis/MP1BridgeLocal.lean	81bb902072356aa81b1077f872b419256692891dfce5c28084ed4b7021ca5aa9
MP1BridgeRepresentative	LeanCode/Internal/FunctionalAnalysis/MP1BridgeRepresentative.lean	9dae71e1007d4492f1012523b5cf7d208e0eb81d1a43235d6d93831d1a426bb1
MP1BridgeTranslation	LeanCode/Internal/FunctionalAnalysis/MP1BridgeTranslation.lean	b2791b6807d70a7653096b1988185a57dcfd9dc7b1ba205e676efedc01db6ee0
WM1Smooth	LeanCode/Internal/FunctionalAnalysis/WM1Smooth.lean	f7801eb7cce1672aca2d95a2666b7909bb96430e04df95d33e483b3b2c385778
WM1Proof	LeanCode/Internal/FunctionalAnalysis/WM1Proof.lean	594fa15724abe9068b7033ed5c806ce3f61bd82b73b5450200c18a6373c8fce3
WM1Consumers	LeanCode/Internal/FunctionalAnalysis/WM1Consumers.lean	3aa10bd6149543fe6ef9af762d5602298c5b2d06e9e04e5e14f36469147fb7a1
MLO1Interface	LeanCode/Internal/FunctionalAnalysis/MLO1Interface.lean	6829e5abb3100878e8687d2152156325f84ed5ff182d4a3a3fdf0e0fe0805619
MP1Independent	LeanCode/Internal/FunctionalAnalysis/MP1Independent.lean	e6ed56b47daec91be59a1834fec07567369f5ebcdda05f5b053e63f4d6f35726
MLO1Proof	LeanCode/Internal/FunctionalAnalysis/MLO1Proof.lean	7ab30044a735049ed2f2755314256b5413bf9d6f5683df813b2c97cc7103fdfd
MLO1Consumers	LeanCode/Internal/FunctionalAnalysis/MLO1Consumers.lean	baa55e5c5da1ceb69950afd47bd925349129c5f692f8b10d5230c2cb066d3291
SD1Interface	LeanCode/Internal/FunctionalAnalysis/SD1Interface.lean	d73b6fdb1cdb4b1720a666bfbfc399ce0ba736a3fb834d4d2fd0704092f3a874
SD1Radial	LeanCode/Internal/FunctionalAnalysis/SD1Radial.lean	05b33df8faf9897fdf225de1a9b0ce1379ffd5380db7c4643e532370d4099542
SD1Core	LeanCode/Internal/FunctionalAnalysis/SD1Core.lean	d7ee77a946cfc2d6cb5e8a81209c4b35f28e8c57466c3b2467e2c60e35281a10
SD1Fields	LeanCode/Internal/FunctionalAnalysis/SD1Fields.lean	9c163c63e5b7b73d88b1be68411aa20e0a991522f8e5dc4bbfb8461eae486a04
SD1Stage	LeanCode/Internal/FunctionalAnalysis/SD1Stage.lean	ca04ca33fad3cf7cc3cd6b84dc47cfb8320823c8403d6baeed489fd00f00c183
SD1Approximation	LeanCode/Internal/FunctionalAnalysis/SD1Approximation.lean	ca3cf461809dc4a4906fa349ade46158fd2a8402b11c3793c9d854f2ac8d70e8
SD1Density	LeanCode/Internal/FunctionalAnalysis/SD1Density.lean	0d1f1b956f3075b675dfc158111f829891228f9097094f583f9c9e90112f1ecb
SD1Localized	LeanCode/Internal/FunctionalAnalysis/SD1Localized.lean	5a7bbfa23aec3c5baf2d64b8e3e94319dfc4f656b2c62368631a1268ed6f24b3
SD1Consumer	LeanCode/Internal/FunctionalAnalysis/SD1Consumer.lean	9f8af162290cd982dd03b4ed90211d802089507774cbef6edad43469ab5073c2
OMWInterface	LeanCode/Internal/FunctionalAnalysis/OMWInterface.lean	00aa663bf2f946a92c556a84a4d18673761afedb44fe74167c69832188b36b1a
OMWProof	LeanCode/Internal/FunctionalAnalysis/OMWProof.lean	7afae69314307c8cd6fc850481fbb2391b61afd21cac796e6a205d538a5fdc2e
OJInterface	LeanCode/Internal/FunctionalAnalysis/OJInterface.lean	5f256236d58b349dcab6b89372528ca27ea430b4d06aa908ea5e76db527e71b9
OJIndices	LeanCode/Internal/FunctionalAnalysis/OJIndices.lean	dc933e13ae3447ae62c0546e82efc28f20b07f4aff2113d33ff2b988bb29723a
OJWeak	LeanCode/Internal/FunctionalAnalysis/OJWeak.lean	544b48fac41fb050cc3962793509f1a06f0d1090145819c31715d60e7a95b737
RKWD1Interface	LeanCode/Internal/FunctionalAnalysis/RKWD1Interface.lean	c85dfd2e0f6db3391c700d1c5af5f9b8e48a6ce9bdc644d76a59b06264353b4a
CM1Weights	LeanCode/Internal/FunctionalAnalysis/CM1Weights.lean	021db883a0b798aa1856c9016ee7847e10c238de48a416220a72df10d6efa44d
CK1Maps	LeanCode/Internal/FunctionalAnalysis/CK1Maps.lean	a01d944111b1ef86b399f9ff16063f6350a21fd90dce15024f25100f55c283d8
CK1Pair	LeanCode/Internal/FunctionalAnalysis/CK1Pair.lean	f3b3dba696a48c23258b2707da17deef0d9d38895758f5d69359d77fd2e78a7a
CK2Weights	LeanCode/Internal/FunctionalAnalysis/CK2Weights.lean	0e272e0c2c00ae46f42444ee5393d26889a3dabefc520ef7b0635e944eeb3b02
CK2Data	LeanCode/Internal/FunctionalAnalysis/CK2Data.lean	1ec05c382662ee745d5bfc6b69d4aa10f5d1826e8c805f49d26caae7d175c03d
CM1Summability	LeanCode/Internal/FunctionalAnalysis/CM1Summability.lean	2c78a3f254f70e47ca31e8ec11115cd7392d6a428fd44349cdbd6755f31ca927
CM1Majorants	LeanCode/Internal/FunctionalAnalysis/CM1Majorants.lean	f0f57e7288b46beb458ed8fa8cccdb2897503211df3388f49d633f28cb0d0d9b
CM1Domination	LeanCode/Internal/FunctionalAnalysis/CM1Domination.lean	1f0fe796edbc902dc09e2e859efeded8c962e217cf024c3474649ecbafa2868f
AW1Consumers	LeanCode/AnalyticAlgebras/AW1Consumers.lean	a608e027169d5741f637bae77f90d7b1756fd996b095ac248028453916a39adf
CM1Consumer	LeanCode/Internal/FunctionalAnalysis/CM1Consumer.lean	6ae41b8cec833520d5ae4306affadbe3eeba4d78140dde41680c42aa9bcf3d1e
CK2Entries	LeanCode/Internal/FunctionalAnalysis/CK2Entries.lean	3df19ec894da9cbaa2352e0139a8786dd386c5569f0a02b3cdb13c2adf87e578
CK1Sections	LeanCode/Internal/FunctionalAnalysis/CK1Sections.lean	e9eac163280371866b1ae61f90b2e09c147ba72094dd8b24d24bf5cd5411d1a4
CK1Consumer	LeanCode/Internal/FunctionalAnalysis/CK1Consumer.lean	eb643eefb930c4568664ae7844530823f2ed5af20f97b760a87c04b70bb2f933
CK2Realization	LeanCode/Internal/FunctionalAnalysis/CK2Realization.lean	424210c17d90de93791ccd64c3ddb4bf63f1182ef34b0d8dbdcf952235e8875e
CK2Consumer	LeanCode/Internal/FunctionalAnalysis/CK2Consumer.lean	1838418b8a8a1007483a50fabf273cc551b5f7565c2a2853235860a2c9100a44
RKC1Interface	LeanCode/Internal/FunctionalAnalysis/RKC1Interface.lean	d769e61eb470ab7333e9833604de6d5c87e8a9bab0bb0a4beb127213d54e619e
RKC1Differentiation	LeanCode/Internal/FunctionalAnalysis/RKC1Differentiation.lean	c5cc4e5ae9378bfcee3db1697e82fa81f853e610133b625c29884063aeb265f6
RKWD1Allocation	LeanCode/Internal/FunctionalAnalysis/RKWD1Allocation.lean	4f600ffa4f55e74cf813758a649f2c716489c80bcdaf6d166d3b6a5976103dfb
OJNorms	LeanCode/Internal/FunctionalAnalysis/OJNorms.lean	4ad0dcbbf5c68712e01802573428eedbe89c7ad27cc7bbaffebe261f9d2fee02
OJConsumer	LeanCode/Internal/FunctionalAnalysis/OJConsumer.lean	7277ea7cba79b29e1a9e7785c55ec10575b06efc928638fb92dbaedb2eae05c8
RKWD1CoreRepresentatives	LeanCode/Internal/FunctionalAnalysis/RKWD1CoreRepresentatives.lean	61f6377bd0bee82fe66e405a327ee36a517e402e7fdee2399131f9bfc88d2bfc
RKWD1Pointwise	LeanCode/Internal/FunctionalAnalysis/RKWD1Pointwise.lean	24106a22ecdb9cd35d7972753fd31b6540c52baa58ea3298a2ee3e8faeacec7c
RKWD1IBP	LeanCode/Internal/FunctionalAnalysis/RKWD1IBP.lean	a1fc9fe2e12533117a612a9a66a4b940daf3b098e81b45bbbbf8064829cbf9f8
RKWD1Fubini	LeanCode/Internal/FunctionalAnalysis/RKWD1Fubini.lean	2e1e67e4b2aafcf060a3d7633529cb94f5cc0e16f6fd24b3261c1ffe3b742da9
RKWD1CoreIBP	LeanCode/Internal/FunctionalAnalysis/RKWD1CoreIBP.lean	375bb7a9e075a168a5819d8da63caa530f6fd3f9115f1544f5965b9c41c2a17d
RKWD1Closure	LeanCode/Internal/FunctionalAnalysis/RKWD1Closure.lean	f52c16f96cb0b192c8ec1581e507553953da5d3cd286cdf07918d38e7c747766
RKWD1Density	LeanCode/Internal/FunctionalAnalysis/RKWD1Density.lean	e058e00b833eb3ac247cc4af9f152bdebd0728ff1393d8d215458b0b0f0e5e89
RKWD1RankZero	LeanCode/Internal/FunctionalAnalysis/RKWD1RankZero.lean	5ab1f44af05f384a4bdfd87ff7b253e99d61eb8184f056c5d2fbbcb8ba9b424f
RKWD1Proof	LeanCode/Internal/FunctionalAnalysis/RKWD1Proof.lean	851a38bbbcbd4e55a20bbff62269d8f523b18291b070fb332ebcac51cfa3e98f
RKWD1Consumer	LeanCode/Internal/FunctionalAnalysis/RKWD1Consumer.lean	afcf488048c57560f2755f77a75cadc674e6ddd73002d0c88e9f0fb67479e657
AKAA16SingleEntryWeakKernel	LeanCode/Internal/PhysicalAnalysis/AKAA16SingleEntryWeakKernel.lean	9f97f034728ba225ac1a0de28ba1f4dfff203a4d13456584385ea9b8b4211a82
AKAA17SingleEntryLiteralAction	LeanCode/Internal/PhysicalAnalysis/AKAA17SingleEntryLiteralAction.lean	a9ed7cb38fb64b0334ed03b76dc19bf08f69f555a867b2a332c26cec3510a6bb
AKAA18WeakAllocationOperators	LeanCode/Internal/PhysicalAnalysis/AKAA18WeakAllocationOperators.lean	63927d90938d69a9c223fe847e1648f6171534d262ee7c49bf60128ca37f36b3
AKAA19FirstOrderAllocation	LeanCode/Internal/PhysicalAnalysis/AKAA19FirstOrderAllocation.lean	4e4bedcf2c3105faa0e1a240fcc87fc19132116012495a980b320b0beb01fee9
AKAA20LiteralFirstWeakProduct	LeanCode/Internal/PhysicalAnalysis/AKAA20LiteralFirstWeakProduct.lean	38abe8338865a4f865acfaed30936316345dec5f98d295889fcb42a260479502
AKAA21FullCellWeakPassage	LeanCode/Internal/PhysicalAnalysis/AKAA21FullCellWeakPassage.lean	1199456794a4ad3c9ebb71f92d92901b2624930990cb90e022648f89736c3137
AKAA22ActualFullCellFirstDerivative	LeanCode/Internal/PhysicalAnalysis/AKAA22ActualFullCellFirstDerivative.lean	e818676b4932b112e7b8208f90a9ed0fa52be208236272e06331cc6aebac0aef
AKAA23ActualFirstGraphAssembly	LeanCode/Internal/PhysicalAnalysis/AKAA23ActualFirstGraphAssembly.lean	9aa04ea35b058ad4ec4143be7b028ac6962683547de543ddc5a55003ce74fdbc
AKAA24ActualMatrixFirstGraphBound	LeanCode/Internal/PhysicalAnalysis/AKAA24ActualMatrixFirstGraphBound.lean	a8119168596ec40c4c6b110987fe5354dbbba343af17ba67b0f11a871b9a0b4a
AKAA25FixedOrthogonalWeakKernel	LeanCode/Internal/PhysicalAnalysis/AKAA25FixedOrthogonalWeakKernel.lean	4b2608c6a22f916a4abe8f4503083f95abcdc507c5e8e7b6e34aefdd2d62c2df
AKAA26RawFirstGraphBounds	LeanCode/Internal/PhysicalAnalysis/AKAA26RawFirstGraphBounds.lean	4dbf9f8bee1af4b32523973a55e8cd3136db46eecc0ebacada1a6f0475196e81
AKAA27ActualFixedFirstGraph	LeanCode/Internal/PhysicalAnalysis/AKAA27ActualFixedFirstGraph.lean	1019dbfc3d2eb58a7110c2851066c88174328498402944146415d70034bde208
AKAA28FixedGraphCompatibility	LeanCode/Internal/PhysicalAnalysis/AKAA28FixedGraphCompatibility.lean	5f11de63bfe53dca72bc406c4638b221f03adef4f14805be0109bb3d79db4985
AKAA29OriginalFixedFirstGraphs	LeanCode/Internal/PhysicalAnalysis/AKAA29OriginalFixedFirstGraphs.lean	d749d031fc2a211c97575b90362bc232f58bb89886fefead2307e79b0f573e0c
AKAA30ActualCurrentFirstGraphs	LeanCode/Internal/PhysicalAnalysis/AKAA30ActualCurrentFirstGraphs.lean	6750aa2a87995754be5c91bc0d4d22be400746909223d401cadd67c8325ecc4e
AKAA31OriginalB10KernelConsumer	LeanCode/Internal/PhysicalAnalysis/AKAA31OriginalB10KernelConsumer.lean	f7171276e843f60116e80b54a20b2f99efbfad39340285da40fca52c9719be4e
AKAG1CompactWeakSmoothTests	LeanCode/Internal/PhysicalAnalysis/AKAG1CompactWeakSmoothTests.lean	01f19d47ff17945b924520ac035bb6703bd221832dce4381e2c488ab7e092f1d
AKAG2SchwartzRealPairing	LeanCode/Internal/PhysicalAnalysis/AKAG2SchwartzRealPairing.lean	63b8b133f9323ae6135ac03df03faa8eb7df4823ff4cb6721044b10872392611
AKAG3CompactWeakTemperedDerivative	LeanCode/Internal/PhysicalAnalysis/AKAG3CompactWeakTemperedDerivative.lean	103bd1202ae6253927d4c93e37280386dd9456719cb0b65907c72200071ca72e
AKAG4SupportedFirstGraphH1	LeanCode/Internal/PhysicalAnalysis/AKAG4SupportedFirstGraphH1.lean	5512fef9f6a51e07d6e66152cccfe449f4df7d040ec053e9c71b5277355ef3ea
AKAG7CompactExtensionSupport	LeanCode/Internal/PhysicalAnalysis/AKAG7CompactExtensionSupport.lean	9c8923021e7aaedecacc2a7bf2c42c1d4ce10880a99bdaf03051ec1c073ca7b5
AKAG8CompactFirstToWholePlaneH1	LeanCode/Internal/PhysicalAnalysis/AKAG8CompactFirstToWholePlaneH1.lean	304f272518de1693567f6b6526a88536ac15163c8be6500ccf0c82cb2e74399f
AKAG5TemperedCompactWeakConverse	LeanCode/Internal/PhysicalAnalysis/AKAG5TemperedCompactWeakConverse.lean	30e4de41995f52dd0d327b0a0b08c9e5a69281208e11ea2b0967491f3dd2e865
AKAG6H1ToFirstGraph	LeanCode/Internal/PhysicalAnalysis/AKAG6H1ToFirstGraph.lean	34bc4b8ccc065d091cb8a87a1f2efd8ea672a4f4d9ddf24cfcacaa5eedb2b5ee
AKAP1SameValueBoundedH1Lift	LeanCode/Internal/PhysicalAnalysis/AKAP1SameValueBoundedH1Lift.lean	6699b3a7061784d5a1da27858326bef09dff0d2dd19de4a636f5a3e5e54784af
AKAP2WholePlaneDiskTransport	LeanCode/Internal/PhysicalAnalysis/AKAP2WholePlaneDiskTransport.lean	cf7230a62803228730b5601d5c0196c829aa1092d2034e5b6be595f511a366be
AKAP3ActualCutoffOperator	LeanCode/Internal/PhysicalAnalysis/AKAP3ActualCutoffOperator.lean	78ac6a6fd101e3673096e1a3ac643be555eee777749d5e23b10034f027c06718
AKCC91RestrictionMinimalProbe	LeanCode/Internal/PhysicalAnalysis/AKCC91RestrictionMinimalProbe.lean	93588a7203dd71f3d645d946e521191888c5d77e19b6cadd8100dfdef1493efc
AKCC92MinimalCutoffExtension	LeanCode/Internal/PhysicalAnalysis/AKCC92MinimalCutoffExtension.lean	8ebc4dd397dbae507960b715b2d945d019de2c469eaae559f518deb320f43085
AKAL1MatrixUniformFirstBounds	LeanCode/Internal/PhysicalAnalysis/AKAL1MatrixUniformFirstBounds.lean	c82be6f0ae7e89cc09e37867283d2101ecdd4e54db9086457c384fe715c24706
AKAL2ActualUniformCoefficientBounds	LeanCode/Internal/PhysicalAnalysis/AKAL2ActualUniformCoefficientBounds.lean	50ded6506bdf4a385884e1f57a057a7ee5f440841fee2d54e98c4728af5af0ad
AKAL3OperatorNormAlgebra	LeanCode/Internal/PhysicalAnalysis/AKAL3OperatorNormAlgebra.lean	5656a3f3315f5f640b67d534bf60833bdf3f551681e04ee7293d8d132d51041a
AKAL4ActualRowNormBounds	LeanCode/Internal/PhysicalAnalysis/AKAL4ActualRowNormBounds.lean	1fe1d26dcf50cf86b30e28d1f21eb668e726f3c95cc7b83ff0581ab8847cffbd
AKAL5ActualSmallRows	LeanCode/Internal/PhysicalAnalysis/AKAL5ActualSmallRows.lean	578302b54355fd800ceb2e192e455662ce5d8c55a8ca8aecf4111639e73a6a72
AKAL6OriginalB10SmallRowsConsumer	LeanCode/Internal/PhysicalAnalysis/AKAL6OriginalB10SmallRowsConsumer.lean	e81c2006a31a84fa6390d59dfdf9d1d6edc387e891f52e4e0352e474c36cdac8
AKAP4OriginalEmbeddedRows	LeanCode/Internal/PhysicalAnalysis/AKAP4OriginalEmbeddedRows.lean	798a893b67e5b37f7b18331f99865b090d68ca1e24d6e93411f73382108f5321
AKAP5LocalizedRowsSmall	LeanCode/Internal/PhysicalAnalysis/AKAP5LocalizedRowsSmall.lean	53dba9d83e87bf36618e0cbb3002f13f589e5ef1602c2a4745faf061a6e66ad7
AKAP6OriginalB10LocalizedRowsConsumer	LeanCode/Internal/PhysicalAnalysis/AKAP6OriginalB10LocalizedRowsConsumer.lean	398d6626299cc508f0cf7fb26f7dff97268d8667ab15bdca95b2d42d068abe00
WeakPullbackInterface	LeanCode/Internal/FunctionalAnalysis/WeakPullbackInterface.lean	6c8182f215e7daea91aed0193f18379bf736775261b6439943b2b9f01708831f
WeakPullbackProof	LeanCode/Internal/FunctionalAnalysis/WeakPullbackProof.lean	69211377024dd0ca9765c799de6e5eb1d540275a90338ee2e451d04fb9e3fc02
WC3Interface	LeanCode/Internal/FunctionalAnalysis/WC3Interface.lean	110134b83350d80cf07ecb908260b04bad100eaf14a9e28b45ccf8bc30a138d4
WC3Proof	LeanCode/Internal/FunctionalAnalysis/WC3Proof.lean	2a2aa4c0ac721b9c9703340ac41f74c8e13c976cab77c61998c9b692858432ac
AKAS1InverseCovectorDistribution	LeanCode/Internal/PhysicalAnalysis/AKAS1InverseCovectorDistribution.lean	8e03e0b4f78b6fc30f809c5591e9f48e7e40def3e6502a830505819ee4ad8979
AKAS2InverseRotationWeights	LeanCode/Internal/PhysicalAnalysis/AKAS2InverseRotationWeights.lean	c8e7160bd9b89f79692a6d882653d21cd75091be36cc848356c932688033d5be
AKAS3TrueInverseTensorKernels	LeanCode/Internal/PhysicalAnalysis/AKAS3TrueInverseTensorKernels.lean	71ce6e827a8d5c4b051f5dec16a9ed2277f458805799fb13203db230a4a34b9d
AKAS9LiteralPrincipalTensor	LeanCode/Internal/PhysicalAnalysis/AKAS9LiteralPrincipalTensor.lean	71f34746f09b23a42f80ddd1d1f4fcca29cbef89f50b11406a9fc276067123cb
AKAS10ActualTensorNormBounds	LeanCode/Internal/PhysicalAnalysis/AKAS10ActualTensorNormBounds.lean	2c8bc1a77ba17aa1663cc1a371b061a335f18d9a9d3a827d6904b4b1caf5c8b3
BesselResolvent	LeanCode/Internal/FunctionalAnalysis/BesselResolvent.lean	e710635268735bf95231700f4b4875dd9acd61e33f65f2b7afa0099c54203425
L2Multipliers	LeanCode/Internal/FunctionalAnalysis/L2Multipliers.lean	df3cc0a3309dbe467c0fee17c63c64e19483ebfe3f97ec837bd5c4045771b8cc
ResolventH1	LeanCode/Internal/FunctionalAnalysis/ResolventH1.lean	61cfb453c2aecd00a0d020aaa538d891d36062099781f34c981559e49a03ebf8
BesselWeights	LeanCode/Internal/FunctionalAnalysis/BesselWeights.lean	ff76dab6957527756d8f0cc487e270d37da61a59b298356587b316097c197f80
SobolevSpaces	LeanCode/Internal/FunctionalAnalysis/SobolevSpaces.lean	cf786dd7f5bd8eb2647c702d450d6129ba1e812637fea75170fb20d43a771f59
HalfSymbols	LeanCode/Internal/FunctionalAnalysis/HalfSymbols.lean	ed755e57943aa74bbdc82f38de070fcc9bb0284987b3e099f75fef8c47a9c2ef
MultiplierEnergy	LeanCode/Internal/FunctionalAnalysis/MultiplierEnergy.lean	20932c854c1c161e39ff3575b567ebf64127195ebd26730ab4d2da4382bb9824
GraphIdentification	LeanCode/Internal/FunctionalAnalysis/GraphIdentification.lean	484dcdf96138d3fe4db6f3153f28df7e94f6cf07babbb3161f9687b2df99859d
NegativeResolvent	LeanCode/Internal/FunctionalAnalysis/NegativeResolvent.lean	57efee672637ac05700d7887bb081733e619fce79875a24557079fa1134a7cfe
FiniteRowMultiplier	LeanCode/Internal/FunctionalAnalysis/FiniteRowMultiplier.lean	b7714679474ce4f2856e438b58dfa61d599d320c48fcc09a317b9d1aa33772e8
TensorSymbols	LeanCode/Internal/FunctionalAnalysis/TensorSymbols.lean	6250c8439fa531728b4c2285f2d778cecbad87e45cddc73c7b5e980ddf331543
HilbertLift	LeanCode/Internal/FunctionalAnalysis/HilbertLift.lean	0c40d591d551c7afff37d8e6f4cd696b04af9adbc8197e905407f7e2cc7af6c8
TensorResolvent	LeanCode/Internal/FunctionalAnalysis/TensorResolvent.lean	ab35d11ffb844dddbfb3a9e86dd68adfdf4921eabbebbde273f386ad786c5fce
AKAS5ExactSecondResolvent	LeanCode/Internal/PhysicalAnalysis/AKAS5ExactSecondResolvent.lean	9e31390131647d5f565d2800fa4d9f7f83fb4ea021294c702448e4471ff75e49
AKAS7SecondResolventDistribution	LeanCode/Internal/PhysicalAnalysis/AKAS7SecondResolventDistribution.lean	50a62593878e8010e07f0b76f226fea968efd8962f86ef522cc1a0f2eaa89be0
AKAS11LocalizedPrincipalResolvent	LeanCode/Internal/PhysicalAnalysis/AKAS11LocalizedPrincipalResolvent.lean	ac47f948c7504d8b400e73ca0d5f1fbea54e170ef1f1f26b00aa7c76080c0d94
AKAS12OriginalB10PrincipalContraction	LeanCode/Internal/PhysicalAnalysis/AKAS12OriginalB10PrincipalContraction.lean	df9f5b69c882a74db10448f95d6022b84778b31dbf7906f5eaa5974709b89915
AKAS6AngularTestFubini	LeanCode/Internal/PhysicalAnalysis/AKAS6AngularTestFubini.lean	3f8daa12bc536abf737dd2f1ecce7f97ddb3121eeed3f890deb27889b13b3bfb
AKAX1AngularCompactTests	LeanCode/Internal/PhysicalAnalysis/AKAX1AngularCompactTests.lean	e5d0dc7541b6797d06526be5016102d534b1147967b29866fe0573452cd67220
AKAX2AngularTransposeMeasure	LeanCode/Internal/PhysicalAnalysis/AKAX2AngularTransposeMeasure.lean	acb5c4583b4dcf5a17ce912a1c0104bed0494dae8e8687e78974efcd70d981d0
AKAX3ActualAngularTranspose	LeanCode/Internal/PhysicalAnalysis/AKAX3ActualAngularTranspose.lean	6177983c82c92324c6ce2df4e332fe415c1f369d5eaea1313ef70af68e315d99
AKAX4ExactTestCovectors	LeanCode/Internal/PhysicalAnalysis/AKAX4ExactTestCovectors.lean	e66a6dd46be2acb942f088bc0bfbba4485fce6f8fe6657e04811ebf02513c47a
AKAX5AngularDerivativeTranspose	LeanCode/Internal/PhysicalAnalysis/AKAX5AngularDerivativeTranspose.lean	597237bdfe4f71b3c3eaadb91a357a57e1f148bf040ae1df7f300a6dba0c6011
AKAX6LiteralRealTensorFidelity	LeanCode/Internal/PhysicalAnalysis/AKAX6LiteralRealTensorFidelity.lean	cac30b19fcd9096e11ce35fa392755468c9c1dba4361cca6f18413277e9e7193
AKAX7CompactPairingOperators	LeanCode/Internal/PhysicalAnalysis/AKAX7CompactPairingOperators.lean	f1bd5c35ea78d3539f33600607b3ced97a663c47752d4d2e307b5e3973fc181a
AKAX8TrueInverseCompactTranspose	LeanCode/Internal/PhysicalAnalysis/AKAX8TrueInverseCompactTranspose.lean	da1eabc9fe03f6d765ac64ab38c37a2e9636bdb7e5851b3e26667f5d1464a50b
AKAX9ActualTrueInverseTensorWeak	LeanCode/Internal/PhysicalAnalysis/AKAX9ActualTrueInverseTensorWeak.lean	71248eb0555118540d2bff8325e2e608bb5c2c71de433c2cfeb93792db7b1212
AKAX10ValueMapWeakTranspose	LeanCode/Internal/PhysicalAnalysis/AKAX10ValueMapWeakTranspose.lean	58d71fe9d24dfce28ab879ba1fd0af331bcc3a2b6fee23bb1b929cc49edbf154
AKAX11LiteralForceScalarTensorWeak	LeanCode/Internal/PhysicalAnalysis/AKAX11LiteralForceScalarTensorWeak.lean	c6cd0450fbef43033415afb416fd6a80eaac0be72aff17e166b3726ee514553a
AKAX12LiteralFluxTensorWeak	LeanCode/Internal/PhysicalAnalysis/AKAX12LiteralFluxTensorWeak.lean	ccd115d13a6f41b55132982fc5d2c28c62fc241b6c6abd39bb218d5562211f94
AKAX13ActualPrincipalWeakConsumer	LeanCode/Internal/PhysicalAnalysis/AKAX13ActualPrincipalWeakConsumer.lean	1e687169cb941971122afcac7b18a4924c04aeb106fc91e80791ade9ac6ab816
AKAX14ActualLaplacianRotation	LeanCode/Internal/PhysicalAnalysis/AKAX14ActualLaplacianRotation.lean	13603ea954075193df5cc541c89d18a6e065970685069a063627a35dec751da4
AKAX15AngularTestLaplacian	LeanCode/Internal/PhysicalAnalysis/AKAX15AngularTestLaplacian.lean	9ef67d161d969ba6b04144db864e81aff0862914bbe8c9d7f41e7e66ae436264
AKAX16TrueInverseLaplacianWeak	LeanCode/Internal/PhysicalAnalysis/AKAX16TrueInverseLaplacianWeak.lean	c0b5dbdcb466455ef35a55b94f4b78c7527a0a12c55d613a6f4a109292fe3182
AKAX17OriginalERPrincipalWeakConsumer	LeanCode/Internal/PhysicalAnalysis/AKAX17OriginalERPrincipalWeakConsumer.lean	82dfffa68a1cc24a323541e348e9ad29c33b37182d98f67df1300ae119694f15
AKAY1CompactTestProducts	LeanCode/Internal/PhysicalAnalysis/AKAY1CompactTestProducts.lean	e2d2319344c2b45e1eff4bd9d5b5dd6f44ec7e512cee6619deaf73a3ccf28394
AKAY2ActualPhaseTestDerivatives	LeanCode/Internal/PhysicalAnalysis/AKAY2ActualPhaseTestDerivatives.lean	8f79b9e4409d00ad336b5ec0c7deaa5aa1b6aced33d5120cd3f15c605ed1c8bd
AKAY3PhaseMomentBounds	LeanCode/Internal/PhysicalAnalysis/AKAY3PhaseMomentBounds.lean	19ed75595fb97b558dde865dd6fdceb9f3ff08800dc94ad786e5e71a656b3a2c
AKAY4CompactRotationGenerator	LeanCode/Internal/PhysicalAnalysis/AKAY4CompactRotationGenerator.lean	5a209b35b85b1bb31a2008bd427ac826f6f4d014f9776494b07ce0e6834e2026
AKAY5AngularRotationCommutes	LeanCode/Internal/PhysicalAnalysis/AKAY5AngularRotationCommutes.lean	13402ccf0a80cceadc5b4c208a65e24ed8a1724b7bf657b7ad69eabbcfa71af8
AKAY6AngularPrimitiveFundamental	LeanCode/Internal/PhysicalAnalysis/AKAY6AngularPrimitiveFundamental.lean	b5139480c2fcadf3c87c3cb3691c38b65e4d3f8786ff9f2f238cd11d81b40273
AKAY7TrueInverseRotationTests	LeanCode/Internal/PhysicalAnalysis/AKAY7TrueInverseRotationTests.lean	8a4d5c625871cdf672ba4464500882e88f7625fb4798dd6b28de18f31cb706ab
AKAY8SameRoughAngularRecovery	LeanCode/Internal/PhysicalAnalysis/AKAY8SameRoughAngularRecovery.lean	4432bd3145f8dc2f4c88961ab3b86b3648ee017361e20c684c0757d401927952
ANT3CartesianRadialRows	LeanCode/Internal/PhysicalAnalysis/ANT3CartesianRadialRows.lean	e5dbe31f4f6d9f1ba67a7bb34de59906d9e04ebaa8e502aed8422d6452558991
ANT4HomogeneousElimination	LeanCode/Internal/PhysicalAnalysis/ANT4HomogeneousElimination.lean	88f75a079b1871130769eac748a641a1eef1769c4cacf0b71f40b567cb5360d3
ANT5ActualAngularElimination	LeanCode/Internal/PhysicalAnalysis/ANT5ActualAngularElimination.lean	62fb16bf164e5cca038f0a4a07ea16ec4a267d3360fd0e5ee5fdc45daa16ac2b
ANT6ActualClosedDiskConsumer	LeanCode/Internal/PhysicalAnalysis/ANT6ActualClosedDiskConsumer.lean	158b7c1afa89708d1c03e6517c256facede1c4a046e4a0d7ce929c030496b029
ANF6ActualEliminationBridge	LeanCode/Internal/PhysicalAnalysis/ANF6ActualEliminationBridge.lean	96fc37d400ab8bb383ed472a53b233ee991bc8cab87a0ad7152cebac95b6577c
ANF7ActualReconstructionSplit	LeanCode/Internal/PhysicalAnalysis/ANF7ActualReconstructionSplit.lean	158b70f0d4148edabb04d5e61ac7b0f36f7871913b4ca213e0665341fc23345c
ANF8ActualScalarResidual	LeanCode/Internal/PhysicalAnalysis/ANF8ActualScalarResidual.lean	badc86fcb99f7589200204ead4fc0110d1ea55d4ff534723475f9caca3c57684
ANF9OriginalTraceCoherence	LeanCode/Internal/PhysicalAnalysis/ANF9OriginalTraceCoherence.lean	4c66519b8e27e4d4742917b4b1f139d6e6cd691781b3f03158b8a4ee35d4492f
ANK1LiteralMultiplierKernel	LeanCode/Internal/PhysicalAnalysis/ANK1LiteralMultiplierKernel.lean	b098414062ccecca2ce012c79216a51c700eff7a38205b338b53bb717408bc43
ANK2ActualDivergenceCovariance	LeanCode/Internal/PhysicalAnalysis/ANK2ActualDivergenceCovariance.lean	51cba095a4b4ea800f2d61767cfdfea318394db3ac73b464561635ac9059285e
ANK3ActualReconstructedSupport	LeanCode/Internal/PhysicalAnalysis/ANK3ActualReconstructedSupport.lean	988a4defd01a4baff98801f12ce69d80aac456d22cc75c6a8a8c997ca3ef9cd2
ANK4OriginalScalarInjectivity	LeanCode/Internal/PhysicalAnalysis/ANK4OriginalScalarInjectivity.lean	82dad77e5e3d57f349a473ef1149c6449e58caf20e5bebf4db244a0e5d70e455
ANK5ActualDeterminantConsumer	LeanCode/Internal/PhysicalAnalysis/ANK5ActualDeterminantConsumer.lean	5ea6e41dff616b7f68010bc075b9bab4281f173c255f9f850bfd3f0e9e08dde6
AFI1ActualInteriorReconstruction	LeanCode/Internal/PhysicalAnalysis/AFI1ActualInteriorReconstruction.lean	3cbc4c191793eb61d465e1cdb280de6b962f035c4dfccb78822a810606909ceb
AFI2ActualBoundaryMultiplier	LeanCode/Internal/PhysicalAnalysis/AFI2ActualBoundaryMultiplier.lean	b6a1285a45a181df836e426456f6041157700a2ee7bfbaa4c3d35072b472fb64
AAG1ActualPhasePotential	LeanCode/Internal/PhysicalAnalysis/AAG1ActualPhasePotential.lean	d957b68c92e36496bf537fb601ce074f8af8f146b9d23986770b5cd4b0efe7c4
AKH1ActualPhaseSlopeJets	LeanCode/Internal/PhysicalAnalysis/AKH1ActualPhaseSlopeJets.lean	bb48a603755b6027c521011fa9746b82e350e83aae799dbcd1a5dd5e9ff72bc0
AAG2ComplexSmoothCore	LeanCode/Internal/PhysicalAnalysis/AAG2ComplexSmoothCore.lean	df2a061334884ae0fede3dee785a4dfe97dadd584f34e94a189e96a8ee29f0bf
AAG3ActualEnergyCore	LeanCode/Internal/PhysicalAnalysis/AAG3ActualEnergyCore.lean	9b41d78106076e410b5fd8c5c917325a1b39522bbe97c02ed79b4a96168ae1a1
AAG4EnergyMultipliers	LeanCode/Internal/PhysicalAnalysis/AAG4EnergyMultipliers.lean	7529ba4d4c6de460584b7d97ecb343613941d30d3cf7db1bd6d1c2abd31c1d28
AAG5ActualEnergyCoordinates	LeanCode/Internal/PhysicalAnalysis/AAG5ActualEnergyCoordinates.lean	148d9d447e676aaaa62072669e0b2b801cad1dadf7e173ffb76e1de5144c6e62
AAG6ActualCoerciveForm	LeanCode/Internal/PhysicalAnalysis/AAG6ActualCoerciveForm.lean	9b4e8cc3f0abad770ced643e5b5f10c743351b818e49b456337a0ef4a5038058
AEB1OriginalTiltPotential	LeanCode/Internal/PhysicalAnalysis/AEB1OriginalTiltPotential.lean	9500c153cc6dc2e0fae8adaaf7c68a7ad72625e50cc6327ecb6b7e43dedad267
AEB2ActualTiltMultiplier	LeanCode/Internal/PhysicalAnalysis/AEB2ActualTiltMultiplier.lean	f83ee487aed3d1d427a6aa1fcaa0e4b4d4af0daa98cf7341199e2076fb76c05c
AEB3CoerciveTiltedReferenceForm	LeanCode/Internal/PhysicalAnalysis/AEB3CoerciveTiltedReferenceForm.lean	d604efb8c69507e1cb04927c16ec7b61ac10bdf884bcc1a2a2b98441be7bd068
AAG7SharpEndpointCore	LeanCode/Internal/PhysicalAnalysis/AAG7SharpEndpointCore.lean	cbdd8acad9c5ef961eec2537f57bf296e07269791b0881ec37ef4d5eca40264d
AAG8SharpEnergyTrace	LeanCode/Internal/PhysicalAnalysis/AAG8SharpEnergyTrace.lean	b20322ec4511679accd3e7e59959d39ca4da31d70b585968d5cfdf86b0723b33
AAG9CompletedSharpTrace	LeanCode/Internal/PhysicalAnalysis/AAG9CompletedSharpTrace.lean	d4316c777debd236c52e24f8499963c60b03912a8cd0e5bc51493f19164fbd74
AAG10InnerLiftProfile	LeanCode/Internal/PhysicalAnalysis/AAG10InnerLiftProfile.lean	948afbe76335c0143c9f3e6cccb1fc13940ee1c56b24d06422427b1dcaab97b6
AAG11InnerLiftEnergy	LeanCode/Internal/PhysicalAnalysis/AAG11InnerLiftEnergy.lean	82baf8e4a4a2b7c8e865fb6c107e69ab8742238f9e7eb55dc0a1fb44d69b12e7
AAG12InnerLiftCore	LeanCode/Internal/PhysicalAnalysis/AAG12InnerLiftCore.lean	4d9da0520399efaa6b1cc8a2b9027131705b4d9337775cd10d2a8d66e9a55fb3
AAG14CompletedInnerLift	LeanCode/Internal/PhysicalAnalysis/AAG14CompletedInnerLift.lean	9dcfeb9d761bd6cc475da09a24ed58e2e56d12ec04d3e997747f388cb14062ba
AAG13PhysicalTestMultipliers	LeanCode/Internal/PhysicalAnalysis/AAG13PhysicalTestMultipliers.lean	fcbd065d570012ae50aedd867417b6a14e7b09d9d28ed5bbf4c215bb3ec08897
AAR1ActualBulkRecovery	LeanCode/Internal/PhysicalAnalysis/AAR1ActualBulkRecovery.lean	5e71217334e3d5ed139bdc0f521d4e93a24477d526b6244c8f9cef9f476e287c
AAG15PhysicalFunctional	LeanCode/Internal/PhysicalAnalysis/AAG15PhysicalFunctional.lean	659d9432eed2cab5e0ad0c4320343730e399adb8febf94895306471952d4f6c0
AAG16FormBounds	LeanCode/Internal/PhysicalAnalysis/AAG16FormBounds.lean	56ccc015e9a9a10b5a646f92e29293fbc3dec825f7d557f2986af65cfdca33bf
AAG17ActualVariationalInverse	LeanCode/Internal/PhysicalAnalysis/AAG17ActualVariationalInverse.lean	368c477e203dcbade68587398e315ac7947017ee5b3d1892216cf5493b68e27f
AAG18UniqueInverseBound	LeanCode/Internal/PhysicalAnalysis/AAG18UniqueInverseBound.lean	efe5c0a7d14f8221c17ecdd69ec2ef0767aeef6e397bab961f301bc6db5308d0
AAG19InnerZeroDensity	LeanCode/Internal/PhysicalAnalysis/AAG19InnerZeroDensity.lean	05305819fa7f57c4b167038f014d2f68813df2fa25291a62ec10414a9fcc84cf
AAG20BoundedComplexInverse	LeanCode/Internal/PhysicalAnalysis/AAG20BoundedComplexInverse.lean	6a66fde1d9b417573e8863990da963764d5fcfd959d822cf55b048a444d2c826
AAG21ExactVariationalConsumer	LeanCode/Internal/PhysicalAnalysis/AAG21ExactVariationalConsumer.lean	66540e8655b768391c2d6b1d1351869ed8b41e652c86cdd7fbbaf0165235da5f
AFI3ActualRadialResidual	LeanCode/Internal/PhysicalAnalysis/AFI3ActualRadialResidual.lean	7847d5b00f8352d6ebc25524e4e1ce4cf5c9f9aa798d2c560a136b0a2e4ca3ac
ANB1FullNonexceptionalMultiplier	LeanCode/Internal/PhysicalAnalysis/ANB1FullNonexceptionalMultiplier.lean	2a78a64644aabcf3996cb48f63b3df46af2fe88aaed27faf5a89caa767a8aebe
ACE4ActualCenterQuotient	LeanCode/Internal/PhysicalAnalysis/ACE4ActualCenterQuotient.lean	17c6920d1dab3e760a1e7d705f9aed2977b0d92540114197c3766cf54bc7bdcf
ACE5CenterQuotientRadiality	LeanCode/Internal/PhysicalAnalysis/ACE5CenterQuotientRadiality.lean	c620417f79000dfc67a814f9167af81386b2611e8ad942f0805a6de5fdf7b82c
ACE6RadialPowers	LeanCode/Internal/PhysicalAnalysis/ACE6RadialPowers.lean	fc748ad21e4c8a48048f70f625b68938c642382a4888d47a1dd5374293b51d17
ACE7VolterraPositiveKernel	LeanCode/Internal/PhysicalAnalysis/ACE7VolterraPositiveKernel.lean	178724a7a1beb836b8c83d3ac59d5bf06ae9de4d54ee0a67161199a6fc7a2238
ACE8PositiveKernelBounds	LeanCode/Internal/PhysicalAnalysis/ACE8PositiveKernelBounds.lean	31feeaacbcf236cc1a768c2117917d339cc9cdc7e38c0d7d9d188d62b8d0ba17
ACE9PolynomialDerivativeMajorant	LeanCode/Internal/PhysicalAnalysis/ACE9PolynomialDerivativeMajorant.lean	a1a3f55caa25989d93a1881855c47a6e0a72e5487673a86c34fc943e73cd5c17
ACE10VolterraDerivativeBounds	LeanCode/Internal/PhysicalAnalysis/ACE10VolterraDerivativeBounds.lean	628f83c87c8687ac52ce7c96a0fa005a94f79fb7b95ffc303b6b1bb3c18c8cef
ACE11VolterraSeriesMajorant	LeanCode/Internal/PhysicalAnalysis/ACE11VolterraSeriesMajorant.lean	eab8b2da6bf2ff95b4c8463bdc30d72d9c8efd492d9e1afcc5c3be11121a8a67
ACE12ActualSmoothVolterraSeries	LeanCode/Internal/PhysicalAnalysis/ACE12ActualSmoothVolterraSeries.lean	211b44c3d89fe47fc2b0ae6350f2cc226eb72d5ac91735b438c743035b88b35e
ACE13EulerPrimitiveIdentity	LeanCode/Internal/PhysicalAnalysis/ACE13EulerPrimitiveIdentity.lean	52514a287c3d32fa5a6d741cc43536b7f7f6968216e96c7ed1a69463b3877104
ACE14EulerDilationCommutation	LeanCode/Internal/PhysicalAnalysis/ACE14EulerDilationCommutation.lean	ecb67c87c23a05cab3ee8f513697cb74592702dddc87461f9af77461328fe739
ACE15ClosedCartesianAlgebra	LeanCode/Internal/PhysicalAnalysis/ACE15ClosedCartesianAlgebra.lean	7c6421908596b2b76116c2e93630e323f3fcc1d3531811de0274904c19fcff5d
ACE16CenterLaplacianIdentity	LeanCode/Internal/PhysicalAnalysis/ACE16CenterLaplacianIdentity.lean	6747946dd4af8b06ee9af32635eb4329ea78fc3e71dd8c26227db66880fd333e
ACE17VolterraRadiality	LeanCode/Internal/PhysicalAnalysis/ACE17VolterraRadiality.lean	c5edd46bd1c41d9a3d8ffd1c4c56cc513a4b1a61dd97cb728a28ccbaa35d2a9b
ACE18ActualVolterraPoisson	LeanCode/Internal/PhysicalAnalysis/ACE18ActualVolterraPoisson.lean	bab4a6d7c764a0584cff8054be8e2f5d073a6b38a590e20f9871bb73e80c55c2
ACE19LaplacianSeriesPassage	LeanCode/Internal/PhysicalAnalysis/ACE19LaplacianSeriesPassage.lean	1bec268f3b06a18e756eab57bec812725e41ac2e9d979d9a4bbff9e1afb059cc
ACE20ActualVolterraEquation	LeanCode/Internal/PhysicalAnalysis/ACE20ActualVolterraEquation.lean	73530e008edfbb6135e653f90d8ecf8a6cead15e79b3ecdb05cb018cccfa65d9
ACE21PinnedCenterJet	LeanCode/Internal/PhysicalAnalysis/ACE21PinnedCenterJet.lean	69f73ed7580407d24edc5fedec4788145fdd3787be062d74b7ebd6425a4fde8e
ACE22PinnedRadialInverse	LeanCode/Internal/PhysicalAnalysis/ACE22PinnedRadialInverse.lean	2abaddd96f159e8b3467f03c291960c9b05cb558afc340f081690a31763b0b99
ACE23VolterraUniqueness	LeanCode/Internal/PhysicalAnalysis/ACE23VolterraUniqueness.lean	7a74a716d5d3b75eb748759f7f1472780e1d108483784665995fe417e88658ce
ACE24PinnedCenterUniqueness	LeanCode/Internal/PhysicalAnalysis/ACE24PinnedCenterUniqueness.lean	5d52b30902e1d8f15b3ed6b9d480e6574601f43f3877a8e1b0c50cd58423d349
ACE25ActualPinnedCenterSolution	LeanCode/Internal/PhysicalAnalysis/ACE25ActualPinnedCenterSolution.lean	b45f6e291ce54c41c48ae6b8d7982e6fe8673017e1d1f6ada4eb15860a1591f8
ACE26LiteralCenterConsumer	LeanCode/Internal/PhysicalAnalysis/ACE26LiteralCenterConsumer.lean	2bfd841dbc6d8fa81b99470d43004af529acc8e407940a1455fde50b254223d4
ACB1OriginalCenterSourceBound	LeanCode/Internal/PhysicalAnalysis/ACB1OriginalCenterSourceBound.lean	69f49f9e9a88f0ad51d5668b2bfed697f71bb95b02d28635e798e1d35a0b6a02
ACB2RadialVolterraGradient	LeanCode/Internal/PhysicalAnalysis/ACB2RadialVolterraGradient.lean	5e5f8db9313c28556db99f544809c3b158a25420709597d008837b02c0e620ce
ACB3VolterraNativeValueBound	LeanCode/Internal/PhysicalAnalysis/ACB3VolterraNativeValueBound.lean	dd185ad65496912e168a2065902b57f0413d7939fc05c3aca1215bddbdabee45
ACB4NativeResolventGradient	LeanCode/Internal/PhysicalAnalysis/ACB4NativeResolventGradient.lean	3f3b892398033131d33433f68d588a3458c08ccbf23a35738937998c9cccd5c7
ACB5OriginalFirstGrade	LeanCode/Internal/PhysicalAnalysis/ACB5OriginalFirstGrade.lean	6e72d0782dc59d93e228525b451a8878f14355d099a4a4b791735f03e05dddac
ACB6ActualCenterH1Bound	LeanCode/Internal/PhysicalAnalysis/ACB6ActualCenterH1Bound.lean	f194797b47603be6b79ebe0e351452cc5100d73bfd4ab07a9d150222e4778f9f
ACB7ActualPureProfile	LeanCode/Internal/PhysicalAnalysis/ACB7ActualPureProfile.lean	a747e89f6f6e9f28961c2f92c2a7cca7f0591b03ec027aa91f2414dd271308c1
ACB8PureProfileLaplacian	LeanCode/Internal/PhysicalAnalysis/ACB8PureProfileLaplacian.lean	91670ea2c6c5547a2d97f20b64cea0e871135c7fe234c824ac7fdb5d89dff681
ACB9LiteralCenterCollarEquation	LeanCode/Internal/PhysicalAnalysis/ACB9LiteralCenterCollarEquation.lean	67936a1a202103aa247249d62f7ba3cb06e8df05ceb72624afdee7630d62cf93
ACB10GenericCollarRecurrence	LeanCode/Internal/PhysicalAnalysis/ACB10GenericCollarRecurrence.lean	6d740ca86860c5ba17b0e61d58c21373064612b860d91bf99fefa54a21e32e78
ACB11OriginalProfileEnergies	LeanCode/Internal/PhysicalAnalysis/ACB11OriginalProfileEnergies.lean	486a4f32e123025abf60e78d0bb906f737fcaaf139d774a14a37d47061bd940d
ACB12RadialEnergyInduction	LeanCode/Internal/PhysicalAnalysis/ACB12RadialEnergyInduction.lean	4fa97ccf3f0ee2c90b2b8f47931890e58cdeca42d85fc528094923ee31fd9be3
ACB13ActualAllRadialBounds	LeanCode/Internal/PhysicalAnalysis/ACB13ActualAllRadialBounds.lean	4a5d9284749f28061ed2db9df62fcd2dd5e046a9990cad2a948478f62593f550
ACB14ActualCenterOuterRows	LeanCode/Internal/PhysicalAnalysis/ACB14ActualCenterOuterRows.lean	f191ce65a6b0f856baeb336daa2ae0b0e7b463b78169776d6eaa62bdfff27af0
ACB15CenterMixedRowEnergy	LeanCode/Internal/PhysicalAnalysis/ACB15CenterMixedRowEnergy.lean	7490b1062a07ca8be05093387f0e11ea3a1590bb552432de1badd61ead208283
ACB16ActualNativeOuterBounds	LeanCode/Internal/PhysicalAnalysis/ACB16ActualNativeOuterBounds.lean	702ffd8f2781e7e09c61c42a74d7ab0fb10d4af6928a82d0c33a4181869c077c
ACB17ActualInteriorPartition	LeanCode/Internal/PhysicalAnalysis/ACB17ActualInteriorPartition.lean	e61867d5a94eced4bc8391eaa8c95b8f8ad366c0c6c450f6a19983bc81e63ac6
ACB18ActualGlobalGradeRecurrence	LeanCode/Internal/PhysicalAnalysis/ACB18ActualGlobalGradeRecurrence.lean	3e64dacde941f051435589e3ff7e6640416b6f8539ff1f215dda0ad87014ba77
ACB19ActualNativeCenterGain	LeanCode/Internal/PhysicalAnalysis/ACB19ActualNativeCenterGain.lean	503f142f65f1435af1196e2e90bd350118a5a3d3c9ea97e32922c7d2846a9d2a
ACB20NativeCenterConsumer	LeanCode/Internal/PhysicalAnalysis/ACB20NativeCenterConsumer.lean	689d8c44c103657be820708dc8dce368d10bab6d00d630c0e005dc2f5d0e61a1
ANB2ScalarSectorAlgebra	LeanCode/Internal/PhysicalAnalysis/ANB2ScalarSectorAlgebra.lean	1768ad936a2856c0e4579f5d4f4e672164c2d27164edd3dee185b9b089373119
ANB3ActualSectorSolution	LeanCode/Internal/PhysicalAnalysis/ANB3ActualSectorSolution.lean	a250bdd7c611e10287e750d666e4ac2e0a049df6c9240825126763b5aab51d32
ANB4ExactScalarInverseLaws	LeanCode/Internal/PhysicalAnalysis/ANB4ExactScalarInverseLaws.lean	25ce4756150aeb0252afdf9015d7fb702fcc41f7e25cfb12e4345dc7b566b25e
ANB5OriginalScalarGain	LeanCode/Internal/PhysicalAnalysis/ANB5OriginalScalarGain.lean	742fc44910e9276b9131c33625b3537bd440a89f48d8507e239317223371309e
ANB6NormalizedBandWeight	LeanCode/Internal/PhysicalAnalysis/ANB6NormalizedBandWeight.lean	e22cd9f7fd983080c94e5f31fd6eeaac1cd2f4873497904836ef4958394b9a2d
ANB7BandWeightDerivatives	LeanCode/Internal/PhysicalAnalysis/ANB7BandWeightDerivatives.lean	8a2bcf413145a818e99dde004e32b077a81608e5fe7673dc7abb99dd16663307
ANB8NativeScalarMultiplication	LeanCode/Internal/PhysicalAnalysis/ANB8NativeScalarMultiplication.lean	6e55f202b4bf343702447168a172360e90186037b1273dccf8eec094f8e2643c
ANB9OriginalWeightedRows	LeanCode/Internal/PhysicalAnalysis/ANB9OriginalWeightedRows.lean	9880528f5886d095edc5bb4668180bff06e46d5401bdb30c028ef1ef4cb81c56
ANB10ScalarHomogeneity	LeanCode/Internal/PhysicalAnalysis/ANB10ScalarHomogeneity.lean	f5d5094b6f53936f3c901f36ff8c2104dcfd53e494d1a3c2fb62e1064b1854db
ANB11HilbertColumns	LeanCode/Internal/PhysicalAnalysis/ANB11HilbertColumns.lean	e759f613e42f3a4e3952ec1d1efba9a68660e9e7a821aafbb2b1b82ea9e2529f
ANB12BoundaryWeightComparison	LeanCode/Internal/PhysicalAnalysis/ANB12BoundaryWeightComparison.lean	82ba24d74389030ac5e1545c69db16a20597778755ae7e4ac471e39e51125be9
ANB13BoundaryCellSlicing	LeanCode/Internal/PhysicalAnalysis/ANB13BoundaryCellSlicing.lean	0cfbfd14a48653745723eb447bff9a8058e468ef91224ae877f81369ad433364
ANB14WeightedScalarRowGain	LeanCode/Internal/PhysicalAnalysis/ANB14WeightedScalarRowGain.lean	9d0439220493659bf89b496f30a90ab9088682e4e50860b4cc07512a7ea435be
ANB15HilbertSynthesis	LeanCode/Internal/PhysicalAnalysis/ANB15HilbertSynthesis.lean	387801cccfa3209e22191d6974b489d1d1ee4d9cff185babc65139667217287c
ANB16BandCellFamily	LeanCode/Internal/PhysicalAnalysis/ANB16BandCellFamily.lean	ff9fa372995415d299ac47cc7aaa929d26758a619c2ed53adf7ee0f7c89f44d6
ANB17OriginalAPScalarInverse	LeanCode/Internal/PhysicalAnalysis/ANB17OriginalAPScalarInverse.lean	7e438aea09c0bcc5998ac861271af1fefa2a59056641d9d811195f85c27361f9
ANB18AllCellScalarLaws	LeanCode/Internal/PhysicalAnalysis/ANB18AllCellScalarLaws.lean	93eac865d71124e12c887fd6f64abb035bc6d29b23d4f7dba53301a230bed494
ANB19ExactOriginalScalarConsumer	LeanCode/Internal/PhysicalAnalysis/ANB19ExactOriginalScalarConsumer.lean	71500782c4665136efe63c6bcd6cbc02a6dbf90bbce222b0ff3298ade218618a
ANB20LiteralScalarBoundaryConsumer	LeanCode/Internal/PhysicalAnalysis/ANB20LiteralScalarBoundaryConsumer.lean	8f728c9f496731d5e7d1e3b271ca50fe1f95df63d400df2b3b0114e4215ff225
ANU1ActualCellForcing	LeanCode/Internal/PhysicalAnalysis/ANU1ActualCellForcing.lean	02ec4fe6c74f71cbd40bf4127ebf82758acd45d0c28bf8c4f5398109d02047f6
ANU2ActualAngularSupport	LeanCode/Internal/PhysicalAnalysis/ANU2ActualAngularSupport.lean	685bf1edda7b6fec2053fe4ddfac8e5d1a7ed7bd81d4602d183c7f4f7e47131e
ANU3ActualCellBand	LeanCode/Internal/PhysicalAnalysis/ANU3ActualCellBand.lean	8e5b0deb9c470aed82eab059774fc3219925b2e139587790babf2c0a13d64dfa
ANU4CoherentBoundaryForcing	LeanCode/Internal/PhysicalAnalysis/ANU4CoherentBoundaryForcing.lean	b8a68558e74f5fd2b16ba8eda3322483497ed8b1a6855612c3ba249eda64c930
ANU5ActualScalarSolverAdapter	LeanCode/Internal/PhysicalAnalysis/ANU5ActualScalarSolverAdapter.lean	1bc15acc32e12cc6b7778daff76107f01460d13bb9fd575528f482c4671833a9
AFI4OriginalBoundaryEquation	LeanCode/Internal/PhysicalAnalysis/AFI4OriginalBoundaryEquation.lean	d227bf1726c60a34d135ebabc242397d47a1fe501222a5351f7e1c6be9e590c4
AFI5ActualScalarToOriginalRows	LeanCode/Internal/PhysicalAnalysis/AFI5ActualScalarToOriginalRows.lean	264eab9c68428624b6b948ef28c388e7e89bf8b0f16a67cc06e9e5891a15bfeb
AUN1ActualVectorUniqueness	LeanCode/Internal/PhysicalAnalysis/AUN1ActualVectorUniqueness.lean	d59eadbc9f98179459110f1a3fce889bbcfff01eebcb48a759c98a10f6c7835a
AUN2ActualDomainNonresonance	LeanCode/Internal/PhysicalAnalysis/AUN2ActualDomainNonresonance.lean	990344b6cdec90296d49e3c625e2df70eeadde9a10c7c482460a5cd57d1a8c26
AUN3OriginalReconstructionUniqueness	LeanCode/Internal/PhysicalAnalysis/AUN3OriginalReconstructionUniqueness.lean	86d7f448cd3d074c79e8eeb52a389d0261144b4c689c6ce16fd846bcd9c4ec80
AUN4ExactUniquenessConsumer	LeanCode/Internal/PhysicalAnalysis/AUN4ExactUniquenessConsumer.lean	59d0983e8f4e2602232fa027bb3dbb3261648b498f664f2dbfe0cde3830f1b0a
AUS1ActualScalarAxis	LeanCode/Internal/PhysicalAnalysis/AUS1ActualScalarAxis.lean	8b72b578f8634077296e3bd3a69278a1584f770518e3154f80b7f4bcf8b250b3
AUS2OriginalScalarDomainConsumer	LeanCode/Internal/PhysicalAnalysis/AUS2OriginalScalarDomainConsumer.lean	7c46998ceb84069a3c76eda98492e0bc8978cd0e152c7e819c4a1996fbf6bbaa
ACF1SameCellProductRows	LeanCode/Internal/PhysicalAnalysis/ACF1SameCellProductRows.lean	68ce257af074a055f5497a5b50b1f007679e52703079fd8fbdde7dd2984b422d
ACF2OriginalFixedMultiplier	LeanCode/Internal/PhysicalAnalysis/ACF2OriginalFixedMultiplier.lean	3df615b385cffd933b739db50e270d5a3c9a79001178f553febf0e611b6c169e
ACF3ActualUniformRadialForcing	LeanCode/Internal/PhysicalAnalysis/ACF3ActualUniformRadialForcing.lean	750ada3d96dd51059ca56cd1a413257f245325493026813c059ea53168b3ec6c
AFI6OriginalNonexceptionalInverse	LeanCode/Internal/PhysicalAnalysis/AFI6OriginalNonexceptionalInverse.lean	28629cfdbc6e5960e7354c76a967f67d0a29b9428ed97fa0e5a7377adf7a1f86
ASX1SignedEulerDivision	LeanCode/Internal/PhysicalAnalysis/ASX1SignedEulerDivision.lean	0cb98a934e455ef7fb4b2470a8108ceec6e6d0be9942391b943fb5b0ea554214
ASX2PinnedSpinPrimitive	LeanCode/Internal/PhysicalAnalysis/ASX2PinnedSpinPrimitive.lean	a0ebacbe4384b374e39aa119af5e7a19fae4544c2f9177e6bacf56ea28b0b6cc
ASX3SpinUniqueness	LeanCode/Internal/PhysicalAnalysis/ASX3SpinUniqueness.lean	576e087784e2b43b31c8db4ec59d5c6782beaf13705e0d49b742fc2e5f16e0d9
ASX4OriginalDilationPhase	LeanCode/Internal/PhysicalAnalysis/ASX4OriginalDilationPhase.lean	04474ce886f1e9afbc6fa902abd0b8881104df5997844abc76895537429ee63f
ASX5OriginalDilationDerivative	LeanCode/Internal/PhysicalAnalysis/ASX5OriginalDilationDerivative.lean	fd2272befcc277c9abd0c091cb856dde420001714f62e8034ec00d2c6786c1b0
ASX6OriginalPowerIntegral	LeanCode/Internal/PhysicalAnalysis/ASX6OriginalPowerIntegral.lean	b98cb13311dfa61a1ab52b29175742a7881834726e0ad4790eef3fb0e8ceef0e
ASX7OriginalPowerBound	LeanCode/Internal/PhysicalAnalysis/ASX7OriginalPowerBound.lean	cd3aa35d2e9a8a651a1a1bb38c051f6c371cd280bd38d9d5537e273765897bcc
ASX8OriginalSmoothIntegral	LeanCode/Internal/PhysicalAnalysis/ASX8OriginalSmoothIntegral.lean	e614b683f6d8c9173bdb3fb756941fd6a3037668bf70d623453188abafa10430
ASX9SmoothSignedOperators	LeanCode/Internal/PhysicalAnalysis/ASX9SmoothSignedOperators.lean	fd0c34efc1c2d22deada278b5ae62f86242bf0be45770955813223e1d6767060
ASX10ActualExceptionalState	LeanCode/Internal/PhysicalAnalysis/ASX10ActualExceptionalState.lean	fcdc6f6271b90778da90ff21b5bbfe24ce31b853d3d4f5821aac596a08bfc721
ASX11SpinReconstruction	LeanCode/Internal/PhysicalAnalysis/ASX11SpinReconstruction.lean	cf6b128d92af0b693c1b20c10fad24f91d337640a2f1ca3f5502f36d29f5ed25
ASX12PureModeAxis	LeanCode/Internal/PhysicalAnalysis/ASX12PureModeAxis.lean	dc3b41ba06ddff93737a67ec6aa295a813fa886c4aac548a1638d2230afd8775
ASX13RegularSecondMode	LeanCode/Internal/PhysicalAnalysis/ASX13RegularSecondMode.lean	37a1dd02febc559d080d04b9c7e408ae3007e6546b7843b3c02c761bfb3b66da
ASX14SmoothSpinIdentities	LeanCode/Internal/PhysicalAnalysis/ASX14SmoothSpinIdentities.lean	f2f506b67b11e54d9100ce6eee36af136b072220af3b1dfb36fadc05dc531511
ASX15ActualStateComponents	LeanCode/Internal/PhysicalAnalysis/ASX15ActualStateComponents.lean	cea85f6ed9959d1a74b7e948eb03a3e11a862105dd6d9a855f0c43678c432bc0
ASX16SignedDivergence	LeanCode/Internal/PhysicalAnalysis/ASX16SignedDivergence.lean	2f55ed7a5f14ce0472db63ed252e2c1fdf109552a1a92f65a2b24d6b022fcce2
ASX17SignedForce	LeanCode/Internal/PhysicalAnalysis/ASX17SignedForce.lean	6f9425424bf7589215d18a3a243d942f014cc19e9b4ecba07efc139911679547
ASX18ExceptionalBoundary	LeanCode/Internal/PhysicalAnalysis/ASX18ExceptionalBoundary.lean	051799db8622e67b67993687d1a312edff4f8356a4189f549a8abfeea58eeea9
ASX19OriginalSmoothModes	LeanCode/Internal/PhysicalAnalysis/ASX19OriginalSmoothModes.lean	52f7c4706b929c649bbb55bcb6de3bbe7b5fccb25a9541d0a32ab8fc45e5e14b
ASX20ActualSourceModes	LeanCode/Internal/PhysicalAnalysis/ASX20ActualSourceModes.lean	1d585c8dd74602f4d7e9950f569ed9769490a7ea785304f79c6711e2c84624aa
ASX21ActualExceptionalDomain	LeanCode/Internal/PhysicalAnalysis/ASX21ActualExceptionalDomain.lean	02ae666bc68fdfc9bef3f81bfd2a3579a7739e8dede163178cba72072c4272da
ASX22SignedRowAlgebra	LeanCode/Internal/PhysicalAnalysis/ASX22SignedRowAlgebra.lean	f52e3280a9e31d4e90644f0cf87ed63bbf4fdabae45cbe326299fe78ee0d6579
ASX23ActualExceptionalRows	LeanCode/Internal/PhysicalAnalysis/ASX23ActualExceptionalRows.lean	6d8d5d326a8d9a64a4af2d91bef476575f2706df99d07f2ca2fe99079fefa729
ASX24SmoothSectorUniqueness	LeanCode/Internal/PhysicalAnalysis/ASX24SmoothSectorUniqueness.lean	912411b59055896d3a3a3529daf9343182926c3eeb884230a79f475ef2fe846f
ASX25ExceptionalKernel	LeanCode/Internal/PhysicalAnalysis/ASX25ExceptionalKernel.lean	89da7297e8cd91bb501eaec27ad734d3a56062876a68832889c963fbba8c8e47
ASX26ActualExceptionalConsumer	LeanCode/Internal/PhysicalAnalysis/ASX26ActualExceptionalConsumer.lean	6a8183d1380a625ce78e129c0e9bc59db9db6af71dff58e15a88ffd5cfc14655
AEN1OrdinaryPowerIntegral	LeanCode/Internal/PhysicalAnalysis/AEN1OrdinaryPowerIntegral.lean	5aa84ffd504b8e5a40ba380f5bc6ec878c6358671445cb14161a25294a0712f1
AEN2ActualPrimitiveBase	LeanCode/Internal/PhysicalAnalysis/AEN2ActualPrimitiveBase.lean	02ef05f4c1dac221216271e8af993747ede9f4d1f000dc46442a0a75eacdc530
AEN3FirstOrderRadialRecurrence	LeanCode/Internal/PhysicalAnalysis/AEN3FirstOrderRadialRecurrence.lean	851e100f9f80409cecbbf030154caaed6bd2f4fd904cebdcb74d3cc4cc2605cf
AEN4ActualSignedCollarEquation	LeanCode/Internal/PhysicalAnalysis/AEN4ActualSignedCollarEquation.lean	7edb9255050562530c2c743f8a064fb288227992e6ec809c6573384d1c71200c
AEN5FiniteRadialInduction	LeanCode/Internal/PhysicalAnalysis/AEN5FiniteRadialInduction.lean	de39114dbc5f80308f727a14df979d9101b986de6496be0041a0d2e0f0327510
AEN6ActualRadialBounds	LeanCode/Internal/PhysicalAnalysis/AEN6ActualRadialBounds.lean	3787726f82d550d246c25eda8de6d3ade89a3a14d6ba9d96ab88e8e752373710
AEN7ActualOuterNativeBounds	LeanCode/Internal/PhysicalAnalysis/AEN7ActualOuterNativeBounds.lean	e01030f1df5a976214dee9d9ab7f05afd3320a12f532a39b7d3507fe2422d314
AEN8SharpSignedNativeGain	LeanCode/Internal/PhysicalAnalysis/AEN8SharpSignedNativeGain.lean	47f609ed0681d910dfffca58bd2f7f70a79e7fb21b08d3661974b1b0cfb6886f
AEN9ActualSharpPrimitiveBounds	LeanCode/Internal/PhysicalAnalysis/AEN9ActualSharpPrimitiveBounds.lean	a0406c637e01a1142821afaf66662961ce10c860716804aeda05360bb83c32f2
AEN10OriginalSmoothNormTools	LeanCode/Internal/PhysicalAnalysis/AEN10OriginalSmoothNormTools.lean	c75f2294247484eb4a5d5b22c974115f34a913793ae5329a61e2f76d63798dda
AEN11PrimitiveLinearityAndSupport	LeanCode/Internal/PhysicalAnalysis/AEN11PrimitiveLinearityAndSupport.lean	b959f8cf271689a52010394a331e8f59f4117ea3b528868f4c8d27935ee3ff2c
AEN12OriginalBandPrimitiveGain	LeanCode/Internal/PhysicalAnalysis/AEN12OriginalBandPrimitiveGain.lean	7aee4ea10208cd0267a72d5e56d359fb3a792c471a9a08d750614debf55f8e75
AEN13ActualExceptionalStageBounds	LeanCode/Internal/PhysicalAnalysis/AEN13ActualExceptionalStageBounds.lean	7d36698b52fd4d8613899a6aba1528e12cd801fce1ff81550496a3bdde2e6f58
AEN14ActualPinnedStageBound	LeanCode/Internal/PhysicalAnalysis/AEN14ActualPinnedStageBound.lean	13c4aa50d10a4649d6a785dd7465ffc00f69f904905237495248c3260a3f86ef
AEN15ActualStoredNormBounds	LeanCode/Internal/PhysicalAnalysis/AEN15ActualStoredNormBounds.lean	2592a91c85d398b2a77fc4a4735f5d786849dc0fadb46047a2d081f5e2e12732
AEN16ActualNativeExceptionalConsumer	LeanCode/Internal/PhysicalAnalysis/AEN16ActualNativeExceptionalConsumer.lean	2ffb8adf44c4deda45da9bcb6c9fa7615fff8d4cdd5a29af128085e41ef24050
AFU1ActualSectorBandInputs	LeanCode/Internal/PhysicalAnalysis/AFU1ActualSectorBandInputs.lean	e7ed8e089d15fbdcb51e8ea892a88b9f692f20b3f5f5ee34ae0bf6c90758d282
AFU2ActualFullReferenceState	LeanCode/Internal/PhysicalAnalysis/AFU2ActualFullReferenceState.lean	e9686251cecad4d5de43b247792171f5894fb41fbd5feedaafcb370f8cfdbe8f
AFU3FullNativeBound	LeanCode/Internal/PhysicalAnalysis/AFU3FullNativeBound.lean	2ebf1fabf9b7e01a48820ed8c9a8471d6960527baca2744a415dba82a64eed01
AFU4FullReferenceRightInverse	LeanCode/Internal/PhysicalAnalysis/AFU4FullReferenceRightInverse.lean	b2bd0a931b2f054b9bab51395af404c8baf5eef7265cdcb166e54b0e69811310
AFM1ActualLinearData	LeanCode/Internal/PhysicalAnalysis/AFM1ActualLinearData.lean	489d6ac674a1ac8d22bbdd2908187374bb1eb271bc56faf9a8666fca461393bb
AFC1CellCutoff	LeanCode/Internal/PhysicalAnalysis/AFC1CellCutoff.lean	5a6c2447f6abf58dbdb5184618d31a6d99808847527048536484976aee14ecdc
AAT1RealFourierDiagonal	LeanCode/Internal/PhysicalAnalysis/AAT1RealFourierDiagonal.lean	20e402128ed0e97f8b4b3dec5b901b0a8dc5006a3d740382fd8c09bb114b85e2
AAT2EnergyDiagonal	LeanCode/Internal/PhysicalAnalysis/AAT2EnergyDiagonal.lean	506790f124c5092838eb7ab6f6efe52c4d52dcc626688ad82690a40202959d51
AEB4LiteralBWeightedEnergy	LeanCode/Internal/PhysicalAnalysis/AEB4LiteralBWeightedEnergy.lean	f3e56551ce278e715ca715c6d6a64d19daa14c9ddfab37fe5f77408b44cb6693
AAR2ActualRadialGraph	LeanCode/Internal/PhysicalAnalysis/AAR2ActualRadialGraph.lean	72165087c67428f31f6f80f3d06b0367c8f783315212d5bf5e5361ca231682ed
AAR3FaithfulEnergyRealization	LeanCode/Internal/PhysicalAnalysis/AAR3FaithfulEnergyRealization.lean	035d36b8d6a0a291670380ac4348c45ca368dff605d49e7c7994016c8e7d40d4
AAR4ActualHighFluxMultipliers	LeanCode/Internal/PhysicalAnalysis/AAR4ActualHighFluxMultipliers.lean	a41f73f2e200fa446dc8fd54164036b8f374a2dd4a32e6d379031789075e77a2
AAR5ActualFirstRow	LeanCode/Internal/PhysicalAnalysis/AAR5ActualFirstRow.lean	e827a5a7709aa1fa2752bd21efe232326d99fbf695a8ea6fed85659eaf8af295
AAR6PhysicalWeakDerivative	LeanCode/Internal/PhysicalAnalysis/AAR6PhysicalWeakDerivative.lean	509c0c347212ddc19185019c13475e5176214af2ee035ed7c1782b019dcc7dac
AAR7NormalizedCoordinateLaws	LeanCode/Internal/PhysicalAnalysis/AAR7NormalizedCoordinateLaws.lean	5c047447662a25216d94ad140d601405d79822a9ca840ce512975173e54e0cc2
AAR8OriginalPhysicalFirstRow	LeanCode/Internal/PhysicalAnalysis/AAR8OriginalPhysicalFirstRow.lean	f8bf093509b00ae8aaeef4d7916783decbd3cfe4c8e72d906c6db8437e551d08
AAR9SingleModeEnergyTesting	LeanCode/Internal/PhysicalAnalysis/AAR9SingleModeEnergyTesting.lean	8c0b8b78a44f23af3d30e0c96c3a9c515fe1370939b5a781f72e7e0a32e9843a
AAR10ActualRadialPairings	LeanCode/Internal/PhysicalAnalysis/AAR10ActualRadialPairings.lean	ec6bb658fa3fea5507197b21fda11525988bf0a8200cba3b3ccaa5ace8967ead
AAR11SingleModeVariationalFormula	LeanCode/Internal/PhysicalAnalysis/AAR11SingleModeVariationalFormula.lean	3e2e1646fd84ce262a2ed769f2be82c15dbd54c4dff6f022ec6df9ae50c4905d
AAT3CoordinateCommutation	LeanCode/Internal/PhysicalAnalysis/AAT3CoordinateCommutation.lean	ab6daf5d6c2a3ff1fae95d0da9eb4325bc7b95bbd29c3c7ef604be50b43b977b
AAT4TraceLiftCommutation	LeanCode/Internal/PhysicalAnalysis/AAT4TraceLiftCommutation.lean	e9115e6489f96f635015aaf13b531aad6135d72827f45cef0829847b2a18a943
AEB5LiteralTiltCoordinates	LeanCode/Internal/PhysicalAnalysis/AEB5LiteralTiltCoordinates.lean	413127a4c799d9a9276feeca52c2737d9f162f35e364e85cace45c97e9b4277d
AEB6TiltFormBounds	LeanCode/Internal/PhysicalAnalysis/AEB6TiltFormBounds.lean	4ebecb942c950065524a9602cfb37d7955511e713f9a470dd357d70899a0a1ac
AEB7LiteralBWeightedCoercivity	LeanCode/Internal/PhysicalAnalysis/AEB7LiteralBWeightedCoercivity.lean	e512f140f7f13f0011a3d9bfca7385f575263b32165fbaf325e38493437e069e
AEB8ConstructedTiltReferenceInverse	LeanCode/Internal/PhysicalAnalysis/AEB8ConstructedTiltReferenceInverse.lean	779c63bc8db1eea39afedf3748bb5550dfdf3a6c82772c357a4125e0837b5cb4
AEB9TiltedReferenceFunctional	LeanCode/Internal/PhysicalAnalysis/AEB9TiltedReferenceFunctional.lean	7978b8912a6aab6775b2b47388cef80a0c4f73364bca0405b7503d68f2485d63
AEB10TiltedReferenceDataSolution	LeanCode/Internal/PhysicalAnalysis/AEB10TiltedReferenceDataSolution.lean	d5c1ca0c551c4d04914da67b27e6fbb66b4fd933f3912a077ab602bcf35f7d82
AEB11TiltedReferenceUniquenessBound	LeanCode/Internal/PhysicalAnalysis/AEB11TiltedReferenceUniquenessBound.lean	79b6a9d9f96e108d5cc89143b737595a84da0014537eba084932b74dae991e24
AEB12BoundedComplexTiltedInverse	LeanCode/Internal/PhysicalAnalysis/AEB12BoundedComplexTiltedInverse.lean	4ecb8b8e9f78a60299b889b82081ce1ab5dc47963b47c693388be44a3a246612
AEB13ExactTiltedReferenceConsumer	LeanCode/Internal/PhysicalAnalysis/AEB13ExactTiltedReferenceConsumer.lean	3b2bfa97489cae4b0d2f4b80be63c4da1d0c52a152cbc9d11af1148bcc157b0b
AAT5FormFunctionalCommutation	LeanCode/Internal/PhysicalAnalysis/AAT5FormFunctionalCommutation.lean	fdc06e49f6f29e13ccbe14c86c38d3312d7bf375ce4bb6ed5b011b017d02edf3
AAT6SameInverseCommutation	LeanCode/Internal/PhysicalAnalysis/AAT6SameInverseCommutation.lean	4d68200029c64cd435e5d79ef618f1dda2de5948826aa18819def6e33f3d5dca
AAT7ActualFourierCutoffs	LeanCode/Internal/PhysicalAnalysis/AAT7ActualFourierCutoffs.lean	dc6aca86bbf45b616f0d7baf85a966d4de534c3c05d445f6527aff260ca766ef
ASG38FiniteFourierSection	LeanCode/Internal/NonlinearAnalysis/ASG38FiniteFourierSection.lean	5bececa48d3a328104c66bd9e68f9f254114b2bea281ff1078fbddf63a2f5c48
ASG39CompletedFourierSection	LeanCode/Internal/NonlinearAnalysis/ASG39CompletedFourierSection.lean	43b254aecde039f233c7a0fbb3c2a95b37b91b832bd64363df22e2bb314da5e1
ASG40FourierSectionEvaluation	LeanCode/Internal/NonlinearAnalysis/ASG40FourierSectionEvaluation.lean	dea8542b5913b9c6d8832ea583cc9914353f2e79a7bc88604bddf5e8e6fd9f7f
ASG41InsertedSourceWeights	LeanCode/Internal/NonlinearAnalysis/ASG41InsertedSourceWeights.lean	0fc6a7923f2db2683bff1a25cc387a731d8eb3be07f76290481d51e8d26093ee
AAT8ExactTangentialWeights	LeanCode/Internal/PhysicalAnalysis/AAT8ExactTangentialWeights.lean	cd81657e93f4a8a17738e7228640988004f094c81f78ce8162aa90005ba0e7a8
AAT9LiteralWeightedCarrier	LeanCode/Internal/PhysicalAnalysis/AAT9LiteralWeightedCarrier.lean	97b071530faad015be8c93c0886c49ad4a072f27870e657614373e5103cedb1e
AAT10NormalizedGradeCoordinates	LeanCode/Internal/PhysicalAnalysis/AAT10NormalizedGradeCoordinates.lean	fecc55df9a6af82c8a350aad7505490fc1e421626e135a09dfdfa5cf67fa0f39
AAT11ActualGradedInverse	LeanCode/Internal/PhysicalAnalysis/AAT11ActualGradedInverse.lean	2b667150e62339139c39f0d3bbf183e814e92cd4338ab4278728bd41b9a62d37
AAT12CompatibleGradeInclusions	LeanCode/Internal/PhysicalAnalysis/AAT12CompatibleGradeInclusions.lean	0f77d066cd6faf8dfed122c723630bd692bfb3d2213a26b6822490b9477c812a
AAT13CompleteGradeModels	LeanCode/Internal/PhysicalAnalysis/AAT13CompleteGradeModels.lean	d13fc2ffca4d9d78bf59b4db74308ac1d0d85121d22abea392431b7a06f83f19
AAT14WeightedCutoffConvergence	LeanCode/Internal/PhysicalAnalysis/AAT14WeightedCutoffConvergence.lean	fcebb9ebfb66b1fe7c27b93b2a25c529fd93fac2d1788a8a33fa782da2c4560c
AAT15DataGradeCompatibility	LeanCode/Internal/PhysicalAnalysis/AAT15DataGradeCompatibility.lean	e959c2afa9f125d96625da066b2ebfe3f95674533fb2c1029fb32efca84790aa
AAT16ExactSourceGradeCarrier	LeanCode/Internal/PhysicalAnalysis/AAT16ExactSourceGradeCarrier.lean	9ab6d87bb42e05e660fec66bc0dbbb8bfc61af2e589ffe1dfff4657d4f73153a
AAT17ExactGradedConsumer	LeanCode/Internal/PhysicalAnalysis/AAT17ExactGradedConsumer.lean	70bfcc5a01076f8f854ac9e5868010651eb108fb64f6541525d5478db10fafef
AAQ1SharpWeakEndpoint	LeanCode/Internal/PhysicalAnalysis/AAQ1SharpWeakEndpoint.lean	6a5cbe6011003c689095bbff7491c5aea3829dd6ded1694a632e2fb447102af1
AAR12RadialMomentCalculus	LeanCode/Internal/PhysicalAnalysis/AAR12RadialMomentCalculus.lean	ced58a3d0687d0ce6dd156e20f5867ed6ab9dc563923e6775f1e8987c1e1862d
AAR13ScalarVariationalTests	LeanCode/Internal/PhysicalAnalysis/AAR13ScalarVariationalTests.lean	4d2ba6beb4bf5c541ce5f1061aebde6927a5f3072918b136792d6ec170f4707e
AAR14ScalarMomentFormula	LeanCode/Internal/PhysicalAnalysis/AAR14ScalarMomentFormula.lean	468d48c63c9194561ad5933d698d723a892f4f1ad5dd294feeeea285d8adf620
AAR15ActualFluxMomentWeak	LeanCode/Internal/PhysicalAnalysis/AAR15ActualFluxMomentWeak.lean	333a927a9920463c6da8211d71d2558dd4cdf2399c7ff904f679b5c9624aef1f
AAR16WeakRadiusDivision	LeanCode/Internal/PhysicalAnalysis/AAR16WeakRadiusDivision.lean	c8fa94b2c9b02cd5d8332462b7bda519a239056d7d7ab16316461f6800ba0d8e
AAR17ActualFluxWeakGraph	LeanCode/Internal/PhysicalAnalysis/AAR17ActualFluxWeakGraph.lean	a4a25d4a30c2f5355d9a07e515af33bd14cb8de4305a05b9ad8f296a54dcab54
AAR18NormalizedSecondRow	LeanCode/Internal/PhysicalAnalysis/AAR18NormalizedSecondRow.lean	8c5fad6de1af82f51c51a9d786b3883a2bb9d903631fc57a81dbfabdcddf3a33
AAQ2NormalizedCoefficientBounds	LeanCode/Internal/PhysicalAnalysis/AAQ2NormalizedCoefficientBounds.lean	eeb03e45301ffba16f39925624e49f77cfb1afb8c55e888c7459b0b432d8cec8
AAQ3NormalizedRadialMaps	LeanCode/Internal/PhysicalAnalysis/AAQ3NormalizedRadialMaps.lean	30c1f134737f76976768e9b44445a9bbb7a975f1452f7369aba01f1fee8b689a
AED1CompletedEnergyPairing	LeanCode/Internal/PhysicalAnalysis/AED1CompletedEnergyPairing.lean	1edbcc614bb190bab2127034026c5ea90d76cae90a4d80a6dd97858d113f4450
AAQ4ActualNormalizedFluxSlope	LeanCode/Internal/PhysicalAnalysis/AAQ4ActualNormalizedFluxSlope.lean	4cc4138d9d09e35f5546827ab6e26336e6be7433e409d7e6bc370c095911c9a7
AAQ5UniformFluxSlopeEstimate	LeanCode/Internal/PhysicalAnalysis/AAQ5UniformFluxSlopeEstimate.lean	79a95fa601112bf58eae149626945afb039b7904b16b779f2993517f918c4fe8
AAR20ActualMomentGraph	LeanCode/Internal/PhysicalAnalysis/AAR20ActualMomentGraph.lean	f21034dc4ac269a355ad399992f9655fe5586fd6997c841307273c238b7419e3
AAQ6LiteralFluxWeakGraph	LeanCode/Internal/PhysicalAnalysis/AAQ6LiteralFluxWeakGraph.lean	4e9628668731e6710ebc673b265dced895acead8510b11ee5fb2fe87e03eefd6
AAQ7SharpFluxTraceFamily	LeanCode/Internal/PhysicalAnalysis/AAQ7SharpFluxTraceFamily.lean	a3eae80f19e1bed2b036f2cbac854f437cb06e44fea01bd3e984ecd84cded937
AAR22PhysicalContinuousSections	LeanCode/Internal/PhysicalAnalysis/AAR22PhysicalContinuousSections.lean	cf531fe856841a8830d3797b28bd808968a1ef6cbe92fe586a338b468d9b553a
AAQ8CanonicalFluxSections	LeanCode/Internal/PhysicalAnalysis/AAQ8CanonicalFluxSections.lean	43b4e09a4cd15b79d83af8440ce20f19ee2b5f01734f46d5171a6b6fe8398e56
AAQ9BoundedComplexFluxTrace	LeanCode/Internal/PhysicalAnalysis/AAQ9BoundedComplexFluxTrace.lean	0a1e7bb20cef570226de58d18ab4fc2e8a5330c8c10de291c2074c61711b5930
AAQ10ActualSolutionFluxGraph	LeanCode/Internal/PhysicalAnalysis/AAQ10ActualSolutionFluxGraph.lean	a5e1132b1aef1e0e314b6dae3296ef9ac38176a6e6b2e9b1987d348bfe2ce078
AAQ11ExactPhysicalTraceEstimate	LeanCode/Internal/PhysicalAnalysis/AAQ11ExactPhysicalTraceEstimate.lean	cb4851b442e0b613ca2eaa049fdc42c30523e3158d05d6627ee81f8fd9c9f1c9
AAQ12NaturalPhysicalFluxTraces	LeanCode/Internal/PhysicalAnalysis/AAQ12NaturalPhysicalFluxTraces.lean	a7675124ec670a050b5d85c006a1daf84ac5c030813c6fa6b8ddf2a58d278ae5
AAQ13ExactSolutionConormalTrace	LeanCode/Internal/PhysicalAnalysis/AAQ13ExactSolutionConormalTrace.lean	18f95a2a89f76208b84718975a1ce18bbe620e98d21eb3d12b55ab3d7ce0c0cd
AAQ14FluxGraphDiagonals	LeanCode/Internal/PhysicalAnalysis/AAQ14FluxGraphDiagonals.lean	23d1ae6ccf0d0c665221f8e5ab81b26a7f99860901bc5031a70ce17877007312
AAQ15SameSolutionFluxDiagonals	LeanCode/Internal/PhysicalAnalysis/AAQ15SameSolutionFluxDiagonals.lean	e1efc608534c3df67067821e50269aee12fafa4980e028518778567b48862b84
AAQ16ActualWeightedFluxTraces	LeanCode/Internal/PhysicalAnalysis/AAQ16ActualWeightedFluxTraces.lean	28f855e32005651df27d072ad759deb54c60d86f2ee347311ac8dc6d8404c2e2
AAQ17ActualWeightedFluxGraph	LeanCode/Internal/PhysicalAnalysis/AAQ17ActualWeightedFluxGraph.lean	bfc5270a44a00a519e36a4834d3fe0be42c1fdeecc5a0da368fce9a541d3e419
ADW1ActualOmegaBounds	LeanCode/Internal/PhysicalAnalysis/ADW1ActualOmegaBounds.lean	3d1516036fc9efa2178a7776ef367fd9352dcad3f8b269b89cd28b94300d5a39
ADW2ReciprocalOmegaMultipliers	LeanCode/Internal/PhysicalAnalysis/ADW2ReciprocalOmegaMultipliers.lean	9dfdfe7d2cc16adf26178e71f6c2fd0f3c7f7a1e18a09c5a4fb0b633d4135857
ADW3LiteralClosedOmegaGraph	LeanCode/Internal/PhysicalAnalysis/ADW3LiteralClosedOmegaGraph.lean	9dbec01724eec09ca35ea259fa4b1e67c92e17e60fec7d7d53ede13163e7d2de
ADW4ExactNormalizationEquivalence	LeanCode/Internal/PhysicalAnalysis/ADW4ExactNormalizationEquivalence.lean	8f374fb00d3f64ff99dbb7a4f1b9234eb7f4996e375566e289a1ac05af41f702
ADW5ActualFiniteSmoothCore	LeanCode/Internal/PhysicalAnalysis/ADW5ActualFiniteSmoothCore.lean	e845d720feff682b4fdb7145edc92c0b03a00d6119e79b11463cb07ef200e7cf
ADW6LiteralOmegaDenseConsumer	LeanCode/Internal/PhysicalAnalysis/ADW6LiteralOmegaDenseConsumer.lean	47e891849dbc164dc543ba9be0d0caa6f687c70849d7ab8645217ddc9c1cc155
ADZ1SmoothHighPowers	LeanCode/Internal/PhysicalAnalysis/ADZ1SmoothHighPowers.lean	46c5eddd9ffb7482541597b23c5593ac9470a35cc7b1650e99a74a4c0361f707
ADZ2HighOmegaMultipliers	LeanCode/Internal/PhysicalAnalysis/ADZ2HighOmegaMultipliers.lean	1879e580b1ccf4dbe0eb598f7370432452f506509e3f5dc3444da57319b51a3f
ADZ3ExactHighOmegaTilt	LeanCode/Internal/PhysicalAnalysis/ADZ3ExactHighOmegaTilt.lean	be848c0f300ffb3f454b448c4f82bb49fe30a1803d13c922cabf9c6ee31140b8
ADZ4HighOmegaEquivalence	LeanCode/Internal/PhysicalAnalysis/ADZ4HighOmegaEquivalence.lean	e09d247daac115547cb1111107bae4d5d4fbce30c7619982f7c86ee0b34c6243
ADZ5HighEnergyModeTilt	LeanCode/Internal/PhysicalAnalysis/ADZ5HighEnergyModeTilt.lean	7c85727b9f775e0d3a132adcd0b3e904b0b6af39bbcd12becfd4171fa5266969
ADZ6HighEnergyCoreAction	LeanCode/Internal/PhysicalAnalysis/ADZ6HighEnergyCoreAction.lean	1910d6c70b28bc07346cbf47d0171861b4c9d0685130d56ee48b4eeae86ebb16
ADZ7HighEnergyCompletedTilt	LeanCode/Internal/PhysicalAnalysis/ADZ7HighEnergyCompletedTilt.lean	9007de903a6e83c40af909d082dd4807d35936dd078679a4f965e5c0f42604ad
ADZ8HighEnergyEquivalence	LeanCode/Internal/PhysicalAnalysis/ADZ8HighEnergyEquivalence.lean	02ada6b74b3d3e8f295f744d67f82f282463810b7c1d0aae6c1dfd76194a66e8
ADZ9CompletedCoordinateAction	LeanCode/Internal/PhysicalAnalysis/ADZ9CompletedCoordinateAction.lean	e4aed0937e9ede32aae3c2c71f3f7cd3a8d0e46c364cca2e954f6a2b3dee9f8d
AED2InversePowerPairing	LeanCode/Internal/PhysicalAnalysis/AED2InversePowerPairing.lean	4622c260b4561e72ce970a559c021003a1cacf2b39295cb82682cef8cb0b1310
AED3ExactPhaseDerivativeTransport	LeanCode/Internal/PhysicalAnalysis/AED3ExactPhaseDerivativeTransport.lean	e63e4e9d1623d684e479916f70b35850c004d98745687c2f011cd2ecb5c724b1
AED4ExactReferenceFormTransport	LeanCode/Internal/PhysicalAnalysis/AED4ExactReferenceFormTransport.lean	e0c4ba1d7b56e99f8046e1f4fa3f9b88239285647268f279549bbf8ebb225998
AED5ExactTraceTransport	LeanCode/Internal/PhysicalAnalysis/AED5ExactTraceTransport.lean	4a1f047b80df729e0a0782bfb62ec625d8c04eb657fd2656f54c31234c5877db
AED6ExactSourceTestCoordinates	LeanCode/Internal/PhysicalAnalysis/AED6ExactSourceTestCoordinates.lean	4179a1b33878264a12fa75658425ef7bdd7dae150377a3b339930c38d65a0ddd
AED7ExactForcingTransport	LeanCode/Internal/PhysicalAnalysis/AED7ExactForcingTransport.lean	127e9f02a74bc74e32206febd91f7fe2b818f41e237db6d8ea6901cbb1bcaa32
AED8SameReferenceInverse	LeanCode/Internal/PhysicalAnalysis/AED8SameReferenceInverse.lean	b4e8d760b37e39a7cdc03d776f23921939e36fbad86784fabbf31ef464897830
AAR19PhysicalSecondRow	LeanCode/Internal/PhysicalAnalysis/AAR19PhysicalSecondRow.lean	bed3ab14f94242c71068931da72837701798169e8de8063a281e7f095824ca85
AAR24OriginalSecondSymbols	LeanCode/Internal/PhysicalAnalysis/AAR24OriginalSecondSymbols.lean	9c63154af5f524930864724787dcf8fb7687c981cd27549d9534dd72af9f0307
AAR25OriginalSecondRow	LeanCode/Internal/PhysicalAnalysis/AAR25OriginalSecondRow.lean	7f555ffdfc57de8801d0e7886534f598b922cbfd311d539609fce827a05d269f
AAR21NaturalMomentBoundary	LeanCode/Internal/PhysicalAnalysis/AAR21NaturalMomentBoundary.lean	51702cbf7a0cc25ced26a23cf696605514ec3410537e626918c84281982e2839
AAR23OriginalOuterBoundary	LeanCode/Internal/PhysicalAnalysis/AAR23OriginalOuterBoundary.lean	3095f10a827500c6a3fc9351043b2b3c8e41e7137c6b857e62f95cb24ec0113a
AAR26OriginalInnerBoundary	LeanCode/Internal/PhysicalAnalysis/AAR26OriginalInnerBoundary.lean	32aa624e0817b6d85bf2d4617e07708b328acd3a6e71df15b4e8ddb1dd16d534
AAR27ExactPhysicalConsumer	LeanCode/Internal/PhysicalAnalysis/AAR27ExactPhysicalConsumer.lean	60ff7b983a4e021f07b744784e7e765a284776b19a0631e63317052c2554619b
AED9ActualPhysicalWeakRows	LeanCode/Internal/PhysicalAnalysis/AED9ActualPhysicalWeakRows.lean	2f8dd71c6ed05cc1208596144372568df9e01d9b6af4cf7b9f9d2af3a0efc58c
AEG1UniformHighPhysicalCoordinates	LeanCode/Internal/PhysicalAnalysis/AEG1UniformHighPhysicalCoordinates.lean	eaebc8b2b0c058d6e4331f71e32452936919a41d14a3deb4484382273b3ec014
SCC9AngularL1	LeanCode/Internal/NonlinearAnalysis/SCC9AngularL1.lean	a63fca19254fc52fcee3793c8316fafb1aa748e499940baab1fb191eb1fc0fdc
SCC1GlobalFrame	LeanCode/Internal/NonlinearAnalysis/SCC1GlobalFrame.lean	7b4b21f3c31d18eaa3432584ef5adae5e1863d9ff2a0201290c2beb9656cf609
SCC2OriginalInverseInput	LeanCode/Internal/NonlinearAnalysis/SCC2OriginalInverseInput.lean	f9d2f8977d005d46755fe1f476d786325737f0305c6bf5bcdf4e853f4e99ffb9
SCC3OriginalInverseFamily	LeanCode/Internal/NonlinearAnalysis/SCC3OriginalInverseFamily.lean	71ceb4f42683197b98d0dafadff6f2724719f90f5705f24d239b9219f3025823
SCC4OriginalFrameRealization	LeanCode/Internal/NonlinearAnalysis/SCC4OriginalFrameRealization.lean	0e7c68c275d32d0d403aca326f1c01ea54d4d0cf4ec00a096a23d2305de05fab
SCC5OriginalInverseRealization	LeanCode/Internal/NonlinearAnalysis/SCC5OriginalInverseRealization.lean	8d01b574c353871f61d7747b4c3828b90db5914f50fa91bd609904e514985ae2
SCC6OriginalCofactorFamily	LeanCode/Internal/NonlinearAnalysis/SCC6OriginalCofactorFamily.lean	828b2b3a7146b15dc540eace5fd67de208213fb66fcb85c4bf0b85ef42fd6def
SCC7ActualSignedCofactor	LeanCode/Internal/NonlinearAnalysis/SCC7ActualSignedCofactor.lean	106efab7fbcd28216642c24b1df24b3ef5287b6da73e2af6dd76152347da4327
SCC8CellBudgets	LeanCode/Internal/NonlinearAnalysis/SCC8CellBudgets.lean	b464e05d4759fc2274faf2a4d2aa2040a0a6320e6681e543c3c24c2e737c2060
SCC10PolarCellBounds	LeanCode/Internal/NonlinearAnalysis/SCC10PolarCellBounds.lean	27e7c84aaa42a1c44a3da417c70cc50298638e249d94fe93452c4ed690b8bf72
SCC11PolarFourierBound	LeanCode/Internal/NonlinearAnalysis/SCC11PolarFourierBound.lean	61766630c83bf9b350baea3ee6108f016c345d8edfd9e2e484296c445f46d214
SCC12FullCellFourier	LeanCode/Internal/NonlinearAnalysis/SCC12FullCellFourier.lean	b692791ba7311409d3744fcd736040f463a13b8692a992bfcf57bfcab134af74
SCC13MappedCofactor	LeanCode/Internal/NonlinearAnalysis/SCC13MappedCofactor.lean	c3b9b244fc9584766d117766cf6b6453d66dd09192ce7d877b1d2f7dff88dc04
SCC14FourierAngularShift	LeanCode/Internal/NonlinearAnalysis/SCC14FourierAngularShift.lean	a05834ee2b53c663c0e0684173591a35c35ff8bceda65e005de15ec65a11cf81
SCC15KappaLaurent	LeanCode/Internal/NonlinearAnalysis/SCC15KappaLaurent.lean	9bc295b645af55488284b5139963f4e0a1af84a60ef9e18fcd66c70b060e536e
ACP1OriginalRotation	LeanCode/Internal/NonlinearAnalysis/ACP1OriginalRotation.lean	9b07c28824e75269beeb632d0a063f0d6d246ced9f53349b505f7429b7c6db73
ACP2ForceMatrix	LeanCode/Internal/NonlinearAnalysis/ACP2ForceMatrix.lean	bab5bde5cce476dc4bfe1dfd7e92e688b30023bc5fa75f93b5978a3b2171209e
ACP3MappedForce	LeanCode/Internal/NonlinearAnalysis/ACP3MappedForce.lean	98b5570c366424676104a0dc5a5899514662940c2d7429007052bd0716a7da5d
ACP4PolarForceRows	LeanCode/Internal/NonlinearAnalysis/ACP4PolarForceRows.lean	b58f23bbc450e13b1c4f683367759c23e496a29f8002b5e474ac79e4d526bbb9
ACP5ForceFourierBound	LeanCode/Internal/NonlinearAnalysis/ACP5ForceFourierBound.lean	57ae197bbd3bfd0b2c0e9f8385193ef0892f0c45302755c2e42fc866148adbd9
SCC16KappaFourierBound	LeanCode/Internal/NonlinearAnalysis/SCC16KappaFourierBound.lean	3c9aba775c420b0c33408d9cf5b3f6e048d082da89a775543fa8fc573121adbd
SCC17PolarFourierCalculus	LeanCode/Internal/NonlinearAnalysis/SCC17PolarFourierCalculus.lean	43e735cf0088f65faf48fabea4c7b1e6a0a9b8679a12960f1c9be413b5be07bb
ACP6ForceCellCalculus	LeanCode/Internal/NonlinearAnalysis/ACP6ForceCellCalculus.lean	815171f92be112a089613c43a5815a57438cf0642ea5d3ed74809c6c524602ee
SCC18KappaCellCalculus	LeanCode/Internal/NonlinearAnalysis/SCC18KappaCellCalculus.lean	e72e80913cc5e489431e8132061c17c9f6d573e4266936c23dfa57a02707ccbe
SCC19CellFourierRealization	LeanCode/Internal/NonlinearAnalysis/SCC19CellFourierRealization.lean	b33692eb29b871f99611819cac30b28b8f58f9e97f61d81d44d130192546e5be
ACP7ForcePhysicalSeries	LeanCode/Internal/NonlinearAnalysis/ACP7ForcePhysicalSeries.lean	2dfca19e892e147a201b57f749cd74c7e2aa754c9f2d8a316ead0b066c6b1a9d
SCC20ActualKappaRealization	LeanCode/Internal/NonlinearAnalysis/SCC20ActualKappaRealization.lean	eede42fea57fcc8424b325572ca9b448bd232aa28ddc61e9027e53e6ec25b02b
SCC21RadialSquareSum	LeanCode/Internal/NonlinearAnalysis/SCC21RadialSquareSum.lean	82a64d2da12acb58ac9d0c972c80ea60c0fa3af5e61428c179cd3518c1892e29
SCC22RadialCollection	LeanCode/Internal/NonlinearAnalysis/SCC22RadialCollection.lean	d086fa4ce1c074ae35c5e87c485f350c56e66c825f3d80a0e5dfe15fa80129c5
SCC23RadialSeparation	LeanCode/Internal/NonlinearAnalysis/SCC23RadialSeparation.lean	ae20927a833ef7c1b9e51d545594d2da3f71ae7b6c730513e359eae89d27f6a4
SCC24ProductWeights	LeanCode/Internal/NonlinearAnalysis/SCC24ProductWeights.lean	bd57f06297e9bb2c06848734791dd0652a62a754db5488fcac6302ba7ab862fd
SCC25BalancedCellProduct	LeanCode/Internal/NonlinearAnalysis/SCC25BalancedCellProduct.lean	49463cd7fbdc5401fb5705e7c573de6e8941ede6acb21f412085346e9771324f
SCC26RadialProductMeasurable	LeanCode/Internal/NonlinearAnalysis/SCC26RadialProductMeasurable.lean	99e8c59cc48ea1493322f953da384fb6c44dd86799a55b95b18db10630ba02f9
SCC27RadialProductBound	LeanCode/Internal/NonlinearAnalysis/SCC27RadialProductBound.lean	f246ce1577e93d0ca09f8a8a402a314f89a975b4d5c297fa475798ba04f895ef
SCC28LiteralCellProduct	LeanCode/Internal/NonlinearAnalysis/SCC28LiteralCellProduct.lean	2130935a0e7eee090692e1b12700566a6018a6de681699c4fd0c45957e97ed86
SCC29CompletedRadialProduct	LeanCode/Internal/NonlinearAnalysis/SCC29CompletedRadialProduct.lean	f7d40f5084c3b340cbf111fd4992311cbe5a486cd8178c5cc8d4ea6e683869e7
SCC30OriginalRowCoordinates	LeanCode/Internal/NonlinearAnalysis/SCC30OriginalRowCoordinates.lean	8d46487168fae3e4614e2429ea20627e6cf228e92aaedfad8d9eef0cddc92cca
SCC31ExactRadialProduct	LeanCode/Internal/NonlinearAnalysis/SCC31ExactRadialProduct.lean	01cf816817d25aaf5637b141859a44dc32ca8f14fd7063e667800d3ae557fa69
SCC32ActualKappaProduct	LeanCode/Internal/NonlinearAnalysis/SCC32ActualKappaProduct.lean	01523ef208764faf05cb14d68dc10a0dedc944139d86a3d207491af44edbc170
SCC33ActualCoefficientRecovery	LeanCode/Internal/NonlinearAnalysis/SCC33ActualCoefficientRecovery.lean	eae67953ec9f5e16b86421f3dd9d8f420262556065758922b0ef9bf5d492bb48
ACP8ActualForceCoefficients	LeanCode/Internal/NonlinearAnalysis/ACP8ActualForceCoefficients.lean	fa028e528f66663a1cfb9245de16fd5781c65209355a9e9af5061de7edaa3e5f
ACP9ForceScalarMoments	LeanCode/Internal/NonlinearAnalysis/ACP9ForceScalarMoments.lean	9e0cc5a5136f292193453c134d6cf5b3fcd76a34018775b32c9e6b91af95c288
ACP10AngularMoments	LeanCode/Internal/NonlinearAnalysis/ACP10AngularMoments.lean	1a27b49b9173b2a4cdbf22ab822c480f339be84ec2f7bd7a3d6667b695bff0d3
ACP11ExactPolarForceAlgebra	LeanCode/Internal/NonlinearAnalysis/ACP11ExactPolarForceAlgebra.lean	73d667595aeb04b31dcb962faee6e212caf9e70dc9eef22bfae9a833f9d43c74
ACP12AD10Consumer	LeanCode/Internal/NonlinearAnalysis/ACP12AD10Consumer.lean	c48acc152873d5f4b3edf227932ffbea94abf2938b946d7270ae69fbf7feed58
ACP13GenuineCoefficientRotation	LeanCode/Internal/NonlinearAnalysis/ACP13GenuineCoefficientRotation.lean	26184eb66ff21b78a500d358e708bf3175dd8f4677179d04b0f72e6204d87fd2
ACP14GenuineFourierRotation	LeanCode/Internal/NonlinearAnalysis/ACP14GenuineFourierRotation.lean	1fa87f027b45ebe1b2f6ec2fe0491735bbb2ef2212e3f69fdf12c24d462c07fd
ACP15PhysicalFrameRotation	LeanCode/Internal/NonlinearAnalysis/ACP15PhysicalFrameRotation.lean	eae7244b4224348dddeb0da44346e755471d451ad963a6bc3e00fce8ac486982
ACP16ForceCoefficientConsumer	LeanCode/Internal/NonlinearAnalysis/ACP16ForceCoefficientConsumer.lean	b4c7e5439ee073431f1b7dc3301f7a07f03a7a7f05e2164b0c8c870b9b3ea955
GSP1OriginalGaugeFamily	LeanCode/Internal/NonlinearAnalysis/GSP1OriginalGaugeFamily.lean	f200c7bd41dc2f406944db931a7f85822c8ccf2cf7d70956940d838d97e9fcdc
GSP2PhysicalGaugeMatrix	LeanCode/Internal/NonlinearAnalysis/GSP2PhysicalGaugeMatrix.lean	d1090815f92be2c9f504949de2d78a19f415eabcd71e5774d58256c6f442c77f
GSP3PolarMatrixCoefficients	LeanCode/Internal/NonlinearAnalysis/GSP3PolarMatrixCoefficients.lean	06825d69894d7483be8949143f6de3c019453167325d22ec42d1a0ca8c3f74a4
GSP4PolarMatrixMoments	LeanCode/Internal/NonlinearAnalysis/GSP4PolarMatrixMoments.lean	db08f137fd9170cd99584dbdc9c625fda93c81858615dfc4f82ed9f0c838a153
GSP5PolarEntryCalculus	LeanCode/Internal/NonlinearAnalysis/GSP5PolarEntryCalculus.lean	b2a90a0bd1a0141cc264035b9903d954bf9fed45834dfa46760d3e35262ad2eb
GSP6PhysicalPolarCoefficients	LeanCode/Internal/NonlinearAnalysis/GSP6PhysicalPolarCoefficients.lean	f4c8a26c456e68824e2c64719b701103827c418a99ba9a109f99484a70e24010
GSP7ScalarMoments	LeanCode/Internal/NonlinearAnalysis/GSP7ScalarMoments.lean	21cbd004f3bfd9671eb394b95e9c64baaa8316dc70300bdaf4365285e57f521a
GSP8PolarRowAlgebra	LeanCode/Internal/NonlinearAnalysis/GSP8PolarRowAlgebra.lean	914c8558ddecf886a45d88412da8ae73c65c028487c90eb0dec8a1401bbd9981
GSP9OneHighPolarMoments	LeanCode/Internal/NonlinearAnalysis/GSP9OneHighPolarMoments.lean	69ac0f467c4afccf2863a1e78fe5b76ee066be62c9ad3d879c3a8b035e855c65
GSP10ActualGaugeMoments	LeanCode/Internal/NonlinearAnalysis/GSP10ActualGaugeMoments.lean	b230ee02fbac0b914d748cbbe61b1029719164d5478660db093f7be9bcde4d4c
GSP11ActualSigmaMoments	LeanCode/Internal/NonlinearAnalysis/GSP11ActualSigmaMoments.lean	57851fae50ed9d543ef13e38cb23edd50d95190c98c7d82d81562ad86bdd9471
GSP12OriginalPhysicalCoefficients	LeanCode/Internal/NonlinearAnalysis/GSP12OriginalPhysicalCoefficients.lean	b8de7087e5b4ad4635fee81ba1d7cbb5009c64f764c31b7ea29cbb9241e47604
GSP13PhysicalGaugeCovectors	LeanCode/Internal/NonlinearAnalysis/GSP13PhysicalGaugeCovectors.lean	731c8796667ebdf74605abdebb64cc454f116911ce121bb74050f1775db39e77
GSP14ActualCoefficientCompatibility	LeanCode/Internal/NonlinearAnalysis/GSP14ActualCoefficientCompatibility.lean	0de1d4b53ba58c6aa255e1611e9a44668919feb4950b73a9a0aab466eee9d129
GSP15OriginalGaugeSigmaConsumer	LeanCode/Internal/NonlinearAnalysis/GSP15OriginalGaugeSigmaConsumer.lean	e45ce9b26bd16e81c6326fc0b58b2a0e7541a203933019b54e2b5b009917ef76
BCT1OriginalBoundaryFamily	LeanCode/Internal/NonlinearAnalysis/BCT1OriginalBoundaryFamily.lean	4b2f7c5941afc735108b5b60f4658f8abe2fa8ad1e5d31d3682d29a2c7198d83
BCT2PhysicalBoundaryRow	LeanCode/Internal/NonlinearAnalysis/BCT2PhysicalBoundaryRow.lean	06fe19cf099bc381ad4c339efa4f9070358a4c9b493f79c493a9d4b9e3213aa6
BCT3BoundaryPolarFamily	LeanCode/Internal/NonlinearAnalysis/BCT3BoundaryPolarFamily.lean	3eee68af147445fe8af47727440342dbc1975c83bf165f0a7fb2f3a77940f09b
BCT4ExactPolarBoundary	LeanCode/Internal/NonlinearAnalysis/BCT4ExactPolarBoundary.lean	41dc021348fd5d0b7bb846e4e84f0589f8c3d950c8eaf68da1709d9dc6fb2e46
BCT5BoundaryFourierMoments	LeanCode/Internal/NonlinearAnalysis/BCT5BoundaryFourierMoments.lean	eefea99d1e466df2b441a30080b1675a231f228e5c343c7ba7ae71611d984607
GPA1ClassicalAngularInterface	LeanCode/Internal/NonlinearAnalysis/GPA1ClassicalAngularInterface.lean	063adb1ca9bb03c0a7a3c6fb0d81488f46ee705d3cd04a5f2d9a883c1eea1d86
GPA2ClosedPolarAngular	LeanCode/Internal/NonlinearAnalysis/GPA2ClosedPolarAngular.lean	4c6ebf3a5d1178067776ff0c82d0e2a6b255a12f1d22f94bffd1036288b63ca9
GPA3CharacterAngularBounds	LeanCode/Internal/NonlinearAnalysis/GPA3CharacterAngularBounds.lean	98483b88323941d655e8ae4a4c436db2bfc2e506671a26d72d7928d827c06b38
GPA4CellAngularCalculus	LeanCode/Internal/NonlinearAnalysis/GPA4CellAngularCalculus.lean	f6865690bcca15ff99d2607f87bf663fbe660a132bf37c9745806da2273b89d0
GPA5ForceAngularCells	LeanCode/Internal/NonlinearAnalysis/GPA5ForceAngularCells.lean	a36774a6bc72bb738308e27304fe50f66f6b6d014477c4885eb303c569ec4fa5
GPA6SigmaAngularCells	LeanCode/Internal/NonlinearAnalysis/GPA6SigmaAngularCells.lean	df555e90e18c3a7a35579fb6dbb689697ff549b660c58325bda35e0eda74dc94
GPA7PhysicalSeriesDifferentiation	LeanCode/Internal/NonlinearAnalysis/GPA7PhysicalSeriesDifferentiation.lean	2fb43108b1acc98834da7216132e8e0e985baebceff9c1e011917fae042ca916
BCT6PolarAngularCalculus	LeanCode/Internal/NonlinearAnalysis/BCT6PolarAngularCalculus.lean	fd0a94eb68d2d0669bf6d45ecf42d2eeb649528fca8aabe16292303e768d61c6
BCT7GenuineBoundaryRotation	LeanCode/Internal/NonlinearAnalysis/BCT7GenuineBoundaryRotation.lean	f1c9fcbe3ef7c17a1469dad76b22acee2c37760704a96e20adb32a8d06934728
BKA3FiniteKernel	LeanCode/Internal/NonlinearAnalysis/BKA3FiniteKernel.lean	c2d47f3cd3832d5b95c3bd6f8cf60617d91b8dd73d1ac312da0a3d983f5568d1
BKA4TotalWeights	LeanCode/Internal/NonlinearAnalysis/BKA4TotalWeights.lean	57163813f67ec1e83c47a921906df0d1bc514ae8fde1e39c05771fcf431c4740
BKA5OneHighAction	LeanCode/Internal/NonlinearAnalysis/BKA5OneHighAction.lean	8431a03c1c3f083575b6d9057b0dd7f9ea8776701e0936a1bf1ab1fdeff793df
BKA6OneHighKernel	LeanCode/Internal/NonlinearAnalysis/BKA6OneHighKernel.lean	a469d462864915b154d8a9159fd567b29caabe944a71611dc0cdb096d40977a4
BKA7OneHighBound	LeanCode/Internal/NonlinearAnalysis/BKA7OneHighBound.lean	6fe7942a0af33d840df96c3940d6a391ee3b982adfaae62d447d5a7090f55828
BKA8TraceInputs	LeanCode/Internal/NonlinearAnalysis/BKA8TraceInputs.lean	bc4dfe8107a4a62a4c33124e31cd43800f18531d23d058e5ee0b6270c102a76e
BKA9SourceInputs	LeanCode/Internal/NonlinearAnalysis/BKA9SourceInputs.lean	ead0d4402d046a487b6906bc3ce839c2374870067d32aa21f858aad2e1a86f8e
BKA10SevenSlotInput	LeanCode/Internal/NonlinearAnalysis/BKA10SevenSlotInput.lean	b1f6b2a7afeb98b50a72d6c23fe6445132e2522d3afd6d709913bd00b4670589
BKA11BoundaryKernelConsumer	LeanCode/Internal/NonlinearAnalysis/BKA11BoundaryKernelConsumer.lean	d289682f5ae4a974397237ac97176cbf34b87d103ea4eb36af1e4e5653f5e8e5
BKA12ExactHalfRatio	LeanCode/Internal/NonlinearAnalysis/BKA12ExactHalfRatio.lean	4a3b48f66119b7c5f611e441f5808737afa23f32beb78a9e426994c0bc84deac
BKB1FullKernel	LeanCode/Internal/NonlinearAnalysis/BKB1FullKernel.lean	e60be8e43673653d29361c7ef97531eefd30f75e82b335c1aa7526b0eecafa34
BKB2FullNegativeAction	LeanCode/Internal/NonlinearAnalysis/BKB2FullNegativeAction.lean	083b2f2e14fc443f32672079029898845c3a9f474caba596fb6e0ed930b69d4c
BKB3FiniteCorollary	LeanCode/Internal/NonlinearAnalysis/BKB3FiniteCorollary.lean	f49a552907f6d02e833cb085d915767da3d036af2f2ddb522d474f27872bd58d
BKB4FullOneHighAction	LeanCode/Internal/NonlinearAnalysis/BKB4FullOneHighAction.lean	317fb23afe526ddf57d9e518fed5057e886b083f834f970e163b4c5a2148e47b
BKB5FullKernelConstructor	LeanCode/Internal/NonlinearAnalysis/BKB5FullKernelConstructor.lean	a2759291a20beb12e5fb1ab300a517e4779b15334357af27600f3828d4dfb133
BKB6KernelWeights	LeanCode/Internal/NonlinearAnalysis/BKB6KernelWeights.lean	5b534af27e819db515afbf14fd45b1778f4b5a80c7093308eccd5b8fbaa4333b
BKB7KernelComposition	LeanCode/Internal/NonlinearAnalysis/BKB7KernelComposition.lean	a9c756de23ea8c1bf4ee34e14615aec76bc888aaed9de786ffe7b37f96ff0c66
BKB8KernelOperations	LeanCode/Internal/NonlinearAnalysis/BKB8KernelOperations.lean	7ea5cbdb1c2d636d826b0691affbf92d33104c8d1cee43d4bdc816160fd0509c
BKB9CompositionMoments	LeanCode/Internal/NonlinearAnalysis/BKB9CompositionMoments.lean	92195f293b53bda78aec73f7397254deb390e1ac0cf0b59a76dc1af0be2aff42
BKB10BaseComposition	LeanCode/Internal/NonlinearAnalysis/BKB10BaseComposition.lean	288d09a1993e4be2dd0acff77be41690e6c033ef53ec3ed3184c55a8e64e66a3
BKB11TupleWeights	LeanCode/Internal/NonlinearAnalysis/BKB11TupleWeights.lean	8de1c72cfa198b6d686fa90f9c94a517ac46518573a628dfb47d9925e0a8a90f
BKB12TwoFrequencyWords	LeanCode/Internal/NonlinearAnalysis/BKB12TwoFrequencyWords.lean	cf4cb083d0ae940732e1cf690070c282a430b4ae2ecd7817e3b3cd5237aa61fe
BKB13WordMass	LeanCode/Internal/NonlinearAnalysis/BKB13WordMass.lean	1a047fee525659583392715f2eba2b53e01a2f66f1238079d4154a4a26efe85e
BKB14KernelPowers	LeanCode/Internal/NonlinearAnalysis/BKB14KernelPowers.lean	0083547df6fb2a083c426597436b1a9cc8f575bfb9ce855b7ec136a2abcb8927
BKB15KernelPowerBounds	LeanCode/Internal/NonlinearAnalysis/BKB15KernelPowerBounds.lean	6b3fd06ea07f0a6fa8d426da9d2eaa559289dc9a7c59c7d90876da9b98b5f12b
BKB16NeumannMajorants	LeanCode/Internal/NonlinearAnalysis/BKB16NeumannMajorants.lean	5d27163963ea4ad4cc6aec3a089f13ff33a8efafbffd0823647a219849437eb4
BKB17NeumannTail	LeanCode/Internal/NonlinearAnalysis/BKB17NeumannTail.lean	ea3de15f95fed18bd728d68e8b2165e716fadcab45b4e50233e4b1433c745609
BKB18KernelAlgebra	LeanCode/Internal/NonlinearAnalysis/BKB18KernelAlgebra.lean	cc0949370fb748579f1ac5d580fd94e4e2b824f3b8bb8954f63e568bfaa54458
BKB19KernelAssociativity	LeanCode/Internal/NonlinearAnalysis/BKB19KernelAssociativity.lean	088cd8801b1f749d2f8bd7db5247480b7841b0b8769873b705e8b0a888addd51
BKB20KernelPowerAlgebra	LeanCode/Internal/NonlinearAnalysis/BKB20KernelPowerAlgebra.lean	afc1ef696e3c656c4c19dab55d93ae54547ce3aaa10f60636d35c2463e1fe5f0
BKB21NeumannTailAlgebra	LeanCode/Internal/NonlinearAnalysis/BKB21NeumannTailAlgebra.lean	9bf51531e95ca77329a31cb447b652cfd3c16c2cb93c1cdc2b69f729f6265acb
BKB22NeumannInverse	LeanCode/Internal/NonlinearAnalysis/BKB22NeumannInverse.lean	84dd82661c452e58649ae8264e6b9e912097773ca4165e6236b29b99a5c51dd3
BKB23NeumannInverseBounds	LeanCode/Internal/NonlinearAnalysis/BKB23NeumannInverseBounds.lean	d3c61c47647341e284e6dad7434e84f9cc8f92e80715ce5f26e6e2fafdd80169
BKB24ScalarMultiplicationKernel	LeanCode/Internal/NonlinearAnalysis/BKB24ScalarMultiplicationKernel.lean	71446801cd637020df6e778a5995c3c7169fc5003e0f5d6611cdcabe2dfb1ade
BKB25RowMultiplicationKernel	LeanCode/Internal/NonlinearAnalysis/BKB25RowMultiplicationKernel.lean	c7b55cdfbad39742b92bc2beaab4bd9069cdc0f7d5f387ae943e0749efec9e75
BCT8ActualBoundaryKernels	LeanCode/Internal/NonlinearAnalysis/BCT8ActualBoundaryKernels.lean	ea0e386e180ccc517ed0ebb1a7bdd41b24928e9f4e9695eb4cdb150277e2006c
BKB26ActualForceKernels	LeanCode/Internal/NonlinearAnalysis/BKB26ActualForceKernels.lean	4c7b8862168a46b6577938d8b1f0d6b6ea6c81edc04dc7eba02a40f7cd6344a8
BKB27ActionAlgebra	LeanCode/Internal/NonlinearAnalysis/BKB27ActionAlgebra.lean	64114ca1eed66561cce6dec2501e68a2b3d398272b79ac3d6d211ba4f2694c4c
BKB28ActionComposition	LeanCode/Internal/NonlinearAnalysis/BKB28ActionComposition.lean	2cd62b159658c4593ed990cc6b566ae744c52ea0c15319ce1c1020a361f3483f
BKB29ActualNeumannInverse	LeanCode/Internal/NonlinearAnalysis/BKB29ActualNeumannInverse.lean	43033d1afb8bc28933b9b3584ae2010038c163ad7d1655416f86e4169d79512c
BKB30ActualGaugeSigmaKernels	LeanCode/Internal/NonlinearAnalysis/BKB30ActualGaugeSigmaKernels.lean	fa61c4a635ce0d863422be8670882414a877eb434b8c8dd1608b00942c3e0d31
BKB31MatrixMultiplicationKernel	LeanCode/Internal/NonlinearAnalysis/BKB31MatrixMultiplicationKernel.lean	9d6bacf9670b40134de7e2cd48df45ef221e32fd654fd9425b4e3547dbcf1d54
BKB32ModeDiagonalKernel	LeanCode/Internal/NonlinearAnalysis/BKB32ModeDiagonalKernel.lean	c3a808cca306bf9d3b5ce955fa591c18cf7473b2a0368a2dc6ce0357a3b0b81a
BKB33FixedFourierKernels	LeanCode/Internal/NonlinearAnalysis/BKB33FixedFourierKernels.lean	a70739a0490bb4a7e25636346349fc6ff3479f992d4e7e069bb08323ebe437ca
BCT9HighBoundaryProjection	LeanCode/Internal/NonlinearAnalysis/BCT9HighBoundaryProjection.lean	c69e7e1c015f8f78c4133d660f9f82936610007a9dcdcbd4b27d519cdfa63235
BKB34EncodedCoordinateKernels	LeanCode/Internal/NonlinearAnalysis/BKB34EncodedCoordinateKernels.lean	caba6e5adab441fb8c5e303ef072075c352be0fcaab7aa8681163a2b82062cdf
BKB35ActualGaugeCorrection	LeanCode/Internal/NonlinearAnalysis/BKB35ActualGaugeCorrection.lean	c96dcc28fafa8fd8b31e2f349a5d1c499382113be5fc30de4d738ff80458a6be
BKB36ActualGaugeLowBall	LeanCode/Internal/NonlinearAnalysis/BKB36ActualGaugeLowBall.lean	c76fd6c752ce67e56a4e13273b4ff64722c6555fd4a83b624dc8d6fc1e6c0070
BKB37ActualEncodedFirstSystem	LeanCode/Internal/NonlinearAnalysis/BKB37ActualEncodedFirstSystem.lean	953b155530b5d2c9ed44ce38732f1173e36e4c72341f4f52ad26d0d81db75bef
BKB38GaugeMomentBounds	LeanCode/Internal/NonlinearAnalysis/BKB38GaugeMomentBounds.lean	663f95fa59ddb664bfeb2f65671d74587b9a0c51e18627874ca162b497377806
BKB39ActualEncodedFirstBounds	LeanCode/Internal/NonlinearAnalysis/BKB39ActualEncodedFirstBounds.lean	4c9897cd1453c8d6a8ee4b311402c8a00ecffff1a30a1a90d722e344bff0d567
BKB40ActualEncodedFirstInverse	LeanCode/Internal/NonlinearAnalysis/BKB40ActualEncodedFirstInverse.lean	19ebdc7627f0907ca46153c2e4e7a07c3c929ba46ebbaf26fb27373380768309
BKB41ActualReconstructionKernels	LeanCode/Internal/NonlinearAnalysis/BKB41ActualReconstructionKernels.lean	1ef17cc08d8a876b4729501e8b48546b287b0315d7fe6fa27fbeb603bd6842cd
BKB42ActualMassSystem	LeanCode/Internal/NonlinearAnalysis/BKB42ActualMassSystem.lean	c0cf2342907e71440028f915bfe1f83aa2865c60bc7dbc3503a8156fe013f524
BKB43FirstInverseMoments	LeanCode/Internal/NonlinearAnalysis/BKB43FirstInverseMoments.lean	124134c2cba97ad8ffb35b5a0a12d63ca5bf8a423bc649c64a066c992d1eb945
BKB44ActualUnknownBounds	LeanCode/Internal/NonlinearAnalysis/BKB44ActualUnknownBounds.lean	eb8a49c06909b1a66a4257e73fb05993ca0eb0cf3bd7949aa371e37ccbdeff66
BKB45ActualMassInverse	LeanCode/Internal/NonlinearAnalysis/BKB45ActualMassInverse.lean	1192ed8c12bac231db2cb2c9f170e7cda3303992e1b3878e9888161065d471b9
BKB46ActualCovariantReconstruction	LeanCode/Internal/NonlinearAnalysis/BKB46ActualCovariantReconstruction.lean	51c36050bee55a8908a40af6ef5ff68966238563c7c92d35c6b852dc1ddced78
BKB47SevenSlotAction	LeanCode/Internal/NonlinearAnalysis/BKB47SevenSlotAction.lean	c185db4945f946c812fa671f20f2fe5c4c24535642d2288ba0bf018b9a7207a2
BKB48ActualCovariantAction	LeanCode/Internal/NonlinearAnalysis/BKB48ActualCovariantAction.lean	62c3ec638a6eb2625b4c37322dc9abdd81fc190c03fc8afcb7a3510b458b85e0
BCT10ComposedPhysicalBoundary	LeanCode/Internal/NonlinearAnalysis/BCT10ComposedPhysicalBoundary.lean	f2c0c3e230be7242588ed18ba636718010e90d6526c8d021903a2916750bdbb9
BCT11CompleteBoundaryPrimitive	LeanCode/Internal/NonlinearAnalysis/BCT11CompleteBoundaryPrimitive.lean	41f53876bd6c3f2b79403244a0f4d4fe3af53253c3a896925e479cf877a2f865
BKB49ActualMassEquation	LeanCode/Internal/NonlinearAnalysis/BKB49ActualMassEquation.lean	513e96101e2add4d4f8086046daf3fc7373d3b138bf94c8e90decb56deef11e7
BKB50EncodedD0Inverse	LeanCode/Internal/NonlinearAnalysis/BKB50EncodedD0Inverse.lean	e04830f13de6ca2fe7f207c76c618906f2e5b9f0ca7e3dd83180976da8d8a10a
BKB51PositiveIdentityInverse	LeanCode/Internal/NonlinearAnalysis/BKB51PositiveIdentityInverse.lean	2978c3d408ea317ca47474f9b84a11ce1646f31557bb29f5904ba1d5bf288b5d
BKB52ActualFirstInverse	LeanCode/Internal/NonlinearAnalysis/BKB52ActualFirstInverse.lean	9e0449146b6a59e68bb43334e5e32b315577813d989f637774624482715f332e
BKB53ActualAFConsumer	LeanCode/Internal/NonlinearAnalysis/BKB53ActualAFConsumer.lean	a0c185b6ef1d3a6b8e1b3ad8488b9d2baf0eadc23789e1a46c433d417b58c7f6
BKC1SupportPredicates	LeanCode/Internal/NonlinearAnalysis/BKC1SupportPredicates.lean	b470dd956ea2ca1be75c6d40d6c993ea3a85c42ff2ba7cb7a818ae37addd6681
BKC2ActionCoefficients	LeanCode/Internal/NonlinearAnalysis/BKC2ActionCoefficients.lean	c4cae656109271d3ab61c60dc70c4d594ab2b2e1e0b9da45792e44ee7a7507ac
BKC3SupportAlgebra	LeanCode/Internal/NonlinearAnalysis/BKC3SupportAlgebra.lean	60215b6ccc8ccb790fedb74833b04a1c36d66cecb0826d0b6fff9f206a326d73
BKC4ActualPerturbationSupport	LeanCode/Internal/NonlinearAnalysis/BKC4ActualPerturbationSupport.lean	5a993d5c892992fe6f0ed137825176457f2742a279167223509cd6ebc9582644
BKC5InverseSupportAlgebra	LeanCode/Internal/NonlinearAnalysis/BKC5InverseSupportAlgebra.lean	6e62fd66d83a4226b457c176bb11f979cc970c546c46a584df5759416c377bf5
BKC6ActualFirstInverseSupport	LeanCode/Internal/NonlinearAnalysis/BKC6ActualFirstInverseSupport.lean	62889df7a1cad582d220ec412f647f42dd9786c1e335d629c6230d57375f15bf
BKC7SevenSlotSupport	LeanCode/Internal/NonlinearAnalysis/BKC7SevenSlotSupport.lean	9eb877747a90d121023e4f37baf9ac767150e4f6d7aa3f2daf40233289b42a67
BKC8ActualMassSupport	LeanCode/Internal/NonlinearAnalysis/BKC8ActualMassSupport.lean	fcba18693f3b9fa7d1e6357107e762b5407df15406e30928d246de05f5b53676
BCS1OriginalBoundaryMean	LeanCode/Internal/NonlinearAnalysis/BCS1OriginalBoundaryMean.lean	b79bd3297bb385c0dfab80d874fb6effc3b01815ed9dd176e42fb3c2cdf4a417
BCS2CompletedSourceMean	LeanCode/Internal/NonlinearAnalysis/BCS2CompletedSourceMean.lean	3136e4b9df06e72c2c0588c4b344d894f46729f17b3eeafa084ce71a3827e78a
BCS3SevenSlotSource	LeanCode/Internal/NonlinearAnalysis/BCS3SevenSlotSource.lean	34a643360c74bd89d7ff2584c47c0e886ea63d0f1e4d6d7a49a1ec0afa190e0e
BKC9PhysicalSevenSlotSupport	LeanCode/Internal/NonlinearAnalysis/BKC9PhysicalSevenSlotSupport.lean	759c7100872c9bdcba9681e8077d0ab44bc1417309630d8359f24957cc3dc9f3
BKC10AngularDiagonalAlgebra	LeanCode/Internal/NonlinearAnalysis/BKC10AngularDiagonalAlgebra.lean	f9ad03648ac3ab4c34f78f6f792ee7b952ce56492359ab775204b9c5d542c806
BKC11ActualGaugeSupport	LeanCode/Internal/NonlinearAnalysis/BKC11ActualGaugeSupport.lean	9c4e62af55dd4b18a331a236580918a4cb1f7e53fdd5e4a513a0d6ca38400102
BKC12AngularDerivativePairs	LeanCode/Internal/NonlinearAnalysis/BKC12AngularDerivativePairs.lean	793842c7cccb3769dfb60b79ff0a55af483a95a05815f60c3685bd978e9a9d8a
BCT12ExactHighPrimitive	LeanCode/Internal/NonlinearAnalysis/BCT12ExactHighPrimitive.lean	7bb06d3be3f2ab5416351817a3b8ac0c54c1154ae41c2a8438c43b6aee2024f5
BCT13BoundedPhysicalBoundary	LeanCode/Internal/NonlinearAnalysis/BCT13BoundedPhysicalBoundary.lean	8acebbfa5314917dddfbab442c5db68282d60b69212659859f5f0ddd25494ba1
BCT14PrimitiveUniqueness	LeanCode/Internal/NonlinearAnalysis/BCT14PrimitiveUniqueness.lean	edd26e0d058f098461766fcd53c195820fa3be1819708e6919218c3b01dda213
BKC13ActualDecodedRotation	LeanCode/Internal/NonlinearAnalysis/BKC13ActualDecodedRotation.lean	78efc70ade4f8f3990f4cc974ca5d47e1c6fb3036b2e433a5f9d38c48a0eaf1c
BKC14ConvolutionDerivative	LeanCode/Internal/NonlinearAnalysis/BKC14ConvolutionDerivative.lean	1dddb320c17820d92979f17f6833e5b7c36ce1640454e93db12f145a17d21160
BKC15ActualReconstructionRotation	LeanCode/Internal/NonlinearAnalysis/BKC15ActualReconstructionRotation.lean	82d435280f6742a3d430fc599ded1485ce51b71028c99854ac2541679395e00b
BKC16ActualCovariantRotation	LeanCode/Internal/NonlinearAnalysis/BKC16ActualCovariantRotation.lean	28adde5096667620cc928f973b68291924b84e6826a7a4df80bd211d91ee6f71
BCT15GenuinePhysicalBoundary	LeanCode/Internal/NonlinearAnalysis/BCT15GenuinePhysicalBoundary.lean	c115c721b6928dadbe5e9bcc36d54b5202dcbbced0dad6a4553ad3cc5eb71b24
BCT16MeanFreePrimitiveInput	LeanCode/Internal/NonlinearAnalysis/BCT16MeanFreePrimitiveInput.lean	eed50908a3626b7238e7d2ba5487d72dbf3c9c26dfa6d61885215832f83a190c
BCT17OriginalSourceBoundaryConsumer	LeanCode/Internal/NonlinearAnalysis/BCT17OriginalSourceBoundaryConsumer.lean	786f443e5cc441deb08ad09d164dca8f5d0da322750adbf0dec656d978379cd9
BKC17ActualUnknownSupport	LeanCode/Internal/NonlinearAnalysis/BKC17ActualUnknownSupport.lean	85be27eb5fb5fb7c4927230db165ed8784597d69482dd903814e688a8233acc4
BKC18PhysicalRotationConsumer	LeanCode/Internal/NonlinearAnalysis/BKC18PhysicalRotationConsumer.lean	cfeedb809a08d114db2debc4d407f4db712b1e8d060e75558c40e4448b1db138
BKC19UniformKernelMoments	LeanCode/Internal/NonlinearAnalysis/BKC19UniformKernelMoments.lean	78be365faf3c0fa15072cf6736919f2561bc4c2b7f550506f88c3a6e570b1b20
BKC20PhysicalMomentFamilies	LeanCode/Internal/NonlinearAnalysis/BKC20PhysicalMomentFamilies.lean	6419b897009ffedb6e5b0645f6c0aacb91ee4f70c9077d4e97aac4862198cc3e
BCT18UniformBoundaryCoefficients	LeanCode/Internal/NonlinearAnalysis/BCT18UniformBoundaryCoefficients.lean	def266efe108227cb938b8a1b61b0a097814c2bd169130cda23c0c85e16b5eb7
BCT19TotalBoundaryPrimitive	LeanCode/Internal/NonlinearAnalysis/BCT19TotalBoundaryPrimitive.lean	c981609c7328ade12e02b43d2c318b92d104795fab24f56d24a62da25dd1e9e4
BCT20HighTotalKernelAction	LeanCode/Internal/NonlinearAnalysis/BCT20HighTotalKernelAction.lean	851caea55e6a98bcf3d4703c42ea80f5530ee29e34745fd33a82a2be5491e55d
BCT21TotalPhysicalBoundary	LeanCode/Internal/NonlinearAnalysis/BCT21TotalPhysicalBoundary.lean	beacb5888acc5a6c596ba83d0c7040de7c6627231bfdab011666573a880fd1a5
BKC21GaugePhysicalMoments	LeanCode/Internal/NonlinearAnalysis/BKC21GaugePhysicalMoments.lean	74799b9d2844c6e26725492f7df096cfa76c0d9b7033585f83845e4f10476f33
BKC22FirstInversePhysicalMoments	LeanCode/Internal/NonlinearAnalysis/BKC22FirstInversePhysicalMoments.lean	3ac80444702d5d546b240abf09f53ab29403fb5f5f8314395a7932ffca7ceb04
BKC23ReconstructionPhysicalMoments	LeanCode/Internal/NonlinearAnalysis/BKC23ReconstructionPhysicalMoments.lean	ffc2269cb240bc3cf84e8f05e6f32d7f9dcc19f1c1ee47be570f234e84cf0478
BKC24SigmaPhysicalMoments	LeanCode/Internal/NonlinearAnalysis/BKC24SigmaPhysicalMoments.lean	6b9316c0af13fa6aebe72827e704f81bbc96b66aed570f9a5bd8c621dfb2d577
BKC25MassPhysicalMoments	LeanCode/Internal/NonlinearAnalysis/BKC25MassPhysicalMoments.lean	5c560d7a445efc668843f96a7f7e18c500453ba69f57d55ad1cb38f1f6eeb47b
BKC26CovariantPhysicalMoments	LeanCode/Internal/NonlinearAnalysis/BKC26CovariantPhysicalMoments.lean	639bc4c06c7216f447a78e149a42fdd3a2d2e44d3f8a3e6cfb7dec122ee0b1c8
BCT22PhysicalBoundaryMoments	LeanCode/Internal/NonlinearAnalysis/BCT22PhysicalBoundaryMoments.lean	04c02a9c95a9551a6e7d96faf9a91a05692d4dbc50ae3e341505d04985ecdf54
BKC27EvaluatedOneHighAction	LeanCode/Internal/NonlinearAnalysis/BKC27EvaluatedOneHighAction.lean	42e31dd66158ed6aea685a54b997f19551c75fa283a66a0312323a5e2b94a0a3
BCT23EvaluatedPhysicalBoundary	LeanCode/Internal/NonlinearAnalysis/BCT23EvaluatedPhysicalBoundary.lean	a190d280e1520890d6e6a12a3a901c4a9834c04c2f038de34eb30575a3bc8f50
BCT24EvaluatedSourceConsumer	LeanCode/Internal/NonlinearAnalysis/BCT24EvaluatedSourceConsumer.lean	ffa1cfe015f2775fe158951f70d90a06d3192e36230e44ad232680b9d7c55294
BKC28DerivativePrimitive	LeanCode/Internal/NonlinearAnalysis/BKC28DerivativePrimitive.lean	fa903a79443ccf457a0066d2801851c3bf4f1eef4e9f2142c83defc7d10592a0
BKC29PhysicalFluxPrimitives	LeanCode/Internal/NonlinearAnalysis/BKC29PhysicalFluxPrimitives.lean	f18b4f468b9664ada8ec0a173065b0b124be2674887027cfeec7170dba3b2542
BKC30CorrectedFluxIdentity	LeanCode/Internal/NonlinearAnalysis/BKC30CorrectedFluxIdentity.lean	cd984f9fa3e44b5252f5990dd0819195fece00ab3ab010ef823b03425996bb62
BKC31PhysicalCoordinateIdentities	LeanCode/Internal/NonlinearAnalysis/BKC31PhysicalCoordinateIdentities.lean	5fbc33149aeab9cb5da78b083875bbf4df0f4e29796d828cde2175a476f93af8
BKC32PhysicalReconstructionConsumer	LeanCode/Internal/NonlinearAnalysis/BKC32PhysicalReconstructionConsumer.lean	5bb940f27ad68a11f6afe8a44688634fe0a638bbaa2d14ab0b596b39b27bfdb1
BCT25PhysicalBoundaryConsumer	LeanCode/Internal/NonlinearAnalysis/BCT25PhysicalBoundaryConsumer.lean	c1c26a4dbe3f10a2df58526f32903b01ac3caf685b8d4f5477f20cf81d562f8d
ASG42InsertedSourceEnergy	LeanCode/Internal/NonlinearAnalysis/ASG42InsertedSourceEnergy.lean	62901ff429f92beed5a4d5dc147dccd96bf29e2df30254e878523ff613d721ab
ASG43InsertedEndpointTrace	LeanCode/Internal/NonlinearAnalysis/ASG43InsertedEndpointTrace.lean	1c33b23cb513659d3f536aa3c30fba2a9d2d78d38ec59a4c07b158c9379187fa
ASG44InsertedContinuousRepresentative	LeanCode/Internal/NonlinearAnalysis/ASG44InsertedContinuousRepresentative.lean	e3b9c1e70744b4f3177ee9de82e941e91d38e9acf05e74262352617a93d82389
ASG45SourceRotationTrace	LeanCode/Internal/NonlinearAnalysis/ASG45SourceRotationTrace.lean	dda95fe24a392d32b145cb52dc1a89b20c3c766b5679591174af281790ec8289
ASG46InsertedPhysicalCore	LeanCode/Internal/NonlinearAnalysis/ASG46InsertedPhysicalCore.lean	7fc5b62c44d0a7343c5519f02948c08a36500604c8e5a4d079a97212b092f5af
ASG47ActualInsertedTraceConsumer	LeanCode/Internal/NonlinearAnalysis/ASG47ActualInsertedTraceConsumer.lean	778ba669a0f760ebe029dc66f94a4c0aea5cb494c18834dc2aa3e871da8a058c
BCI1PhysicalBoundaryDeviation	LeanCode/Internal/NonlinearAnalysis/BCI1PhysicalBoundaryDeviation.lean	01b1126626d2f07791c721f1819825d92dd553e4d270b4e7fa0e7abd6db40b47
SCC34PublicCoefficientBoundary	LeanCode/Internal/NonlinearAnalysis/SCC34PublicCoefficientBoundary.lean	7d4e8e8cfdc5f6ce26b6938cc72e65bb341a2ef1466b9f8086c57c4f0977b0a5
SRC5BulkNorm	LeanCode/Internal/NonlinearAnalysis/SRC5BulkNorm.lean	bfbe2cfb6c8c787108bb51fe9c32fab5d2b7d3b054025f8c1f39a2940c865abf
SRC6PublicBoundary	LeanCode/Internal/NonlinearAnalysis/SRC6PublicBoundary.lean	0be06490073be3088358cecdd23932e7db2f6da04a883b09b9d10e5a67a033cc
SRC7LiteralAHGraph	LeanCode/Internal/NonlinearAnalysis/SRC7LiteralAHGraph.lean	07c304944282c5a46fca856119c080484752ed98773cd4e7ffa2eb4a0f9d1e97
SRC8LiteralS11	LeanCode/Internal/NonlinearAnalysis/SRC8LiteralS11.lean	a449b47d202976f9f5e16a09cfded52bafe72e0ae84d0d42b1276a645a94d2e0
SRC9BS36Consumer	LeanCode/Internal/NonlinearAnalysis/SRC9BS36Consumer.lean	fea554f0101095aebd2420d7ccb8fbaa39c60853870b22fc3fedd9212037b7b8
SRC10ExactSourceDomains	LeanCode/Internal/NonlinearAnalysis/SRC10ExactSourceDomains.lean	d8598db1831b3ce3ecd082c801a2cccba004dd727195f4d29b18377b14443992
SCS1DivisionCompatibility	LeanCode/Internal/NonlinearAnalysis/SCS1DivisionCompatibility.lean	9de1a93c88c29769e0fa627a726fda708a6aa168586e957a4c74795092303e2b
SCS2PolarRows	LeanCode/Internal/NonlinearAnalysis/SCS2PolarRows.lean	19ff0e1cb4e2e84fbba283732c14a4e709722587f5639212e9b322b5a0892bba
SCS3DividedSourceRows	LeanCode/Internal/NonlinearAnalysis/SCS3DividedSourceRows.lean	8cf51fc2cd2abbb5851d1a7a9c346e45bc29eca217e0a791cd0b4f4d5135663e
SCS4LowSourceGrade	LeanCode/Internal/NonlinearAnalysis/SCS4LowSourceGrade.lean	afda2dfc01715bfd3830b2003434e607803f48d7b474d88b8a76fae940483ace
SCS5MeanFreeRow	LeanCode/Internal/NonlinearAnalysis/SCS5MeanFreeRow.lean	4873eae9587f76ef17ac3e808b3f2f4534153229f15ca21ed33e104e93404ee5
SCS6CoefficientSourceProducts	LeanCode/Internal/NonlinearAnalysis/SCS6CoefficientSourceProducts.lean	8912e1e243aee705614d398778e145ecc2a3df7fbea146762f878ce46a724d56
SCS7FullG3Row	LeanCode/Internal/NonlinearAnalysis/SCS7FullG3Row.lean	bed2f2501fda7a30a6742ef58c30dec81bfa66196f64a90b4c6a1fcdeb78225b
SCS8G3AngularRows	LeanCode/Internal/NonlinearAnalysis/SCS8G3AngularRows.lean	1edde92cd2a6a0897f6ba11fecd64ab6ff76d6678ddaba789c467bd43dba06bc
SCS9LiteralPrimitiveRows	LeanCode/Internal/NonlinearAnalysis/SCS9LiteralPrimitiveRows.lean	333fd425926c111c0ea6478e06aff4212be6f57c090db92b9ca3091c9a6c9184
SCS10OriginalCoefficientDecoding	LeanCode/Internal/NonlinearAnalysis/SCS10OriginalCoefficientDecoding.lean	95f76aeed561522616958d3b20eaef9fa73f96379fc223f86ef7ba7a797bce39
SCS11DecodedRowAlgebra	LeanCode/Internal/NonlinearAnalysis/SCS11DecodedRowAlgebra.lean	4b0205d2a69469171ea491b504237ab6a6f5b1293d521c9d46e7b827db4fddcf
SCS12OriginalFlatInputs	LeanCode/Internal/NonlinearAnalysis/SCS12OriginalFlatInputs.lean	2c064ab28be230676617344b660acaf741ec23cdedfba1d2150641855a2c7b79
SCS13DecodedPolarRows	LeanCode/Internal/NonlinearAnalysis/SCS13DecodedPolarRows.lean	903c4e41f3aea63e12f3ba93a200b21846fe736a24d7be55d5af6cd76d364618
SCS14PolarCoefficientFormula	LeanCode/Internal/NonlinearAnalysis/SCS14PolarCoefficientFormula.lean	3d60b4b681d2fd99667962da7b761fd96eaa03919562ec21f88b2905595a1d4c
SCS15OriginalSourceCoefficients	LeanCode/Internal/NonlinearAnalysis/SCS15OriginalSourceCoefficients.lean	deb29ce5784d3f878cd5092629e04535fe5700247ed548067f23d6edd6729451
SCS16ActualSourceConvolution	LeanCode/Internal/NonlinearAnalysis/SCS16ActualSourceConvolution.lean	96f6d7c4cfcceedd8d9c8d99af9c4d5d35303c8337c39e52ebc7265a9456136f
SCS17G3DecodedAlgebra	LeanCode/Internal/NonlinearAnalysis/SCS17G3DecodedAlgebra.lean	f5a4712c0ad21329cded451bd32fba0529f46141ab0b6f43af3ba3f486cb2e77
SCS18LiteralG3Convolution	LeanCode/Internal/NonlinearAnalysis/SCS18LiteralG3Convolution.lean	7647d3c59ea7fa94f6a368724d953b88b14339467c77b9ba4331817ed33c5223
SCS19G3ValueRealization	LeanCode/Internal/NonlinearAnalysis/SCS19G3ValueRealization.lean	11300f4a3c76c4cffb75bbc576b3ccb504378cb3e80cd308482a0371681fb586
SCS20FullSourceNorm	LeanCode/Internal/NonlinearAnalysis/SCS20FullSourceNorm.lean	7f579b5b5f0ceb8fd0d64a3d2f82cfa2fad45d805a63d0cf17e220f78768d606
SCS21IndependentBaseGrade	LeanCode/Internal/NonlinearAnalysis/SCS21IndependentBaseGrade.lean	9cc74542acdd84440287ca4529d6ce7868903cc8963881d051a547ee1ffbb0d7
SCS22OriginalFlatConsumer	LeanCode/Internal/NonlinearAnalysis/SCS22OriginalFlatConsumer.lean	17a73edbe432369dc3c69b10da93c138312f4569dba8da543f683b52562e6f80
SCS23KappaCircle	LeanCode/Internal/NonlinearAnalysis/SCS23KappaCircle.lean	f4e7718d085063d53ad8a700e00b018ee4ac226fe1a8d87c7c268c6b3ef11cd3
SCS24KappaAngularSynthesis	LeanCode/Internal/NonlinearAnalysis/SCS24KappaAngularSynthesis.lean	9ce3a2107b41abd1a1b2db0abc230f68caebbdb65019c9859d1d924d0177876d
SCS25KappaDoubleSynthesis	LeanCode/Internal/NonlinearAnalysis/SCS25KappaDoubleSynthesis.lean	c464ccb5ada8fabd84df94a7cd69f4510bc7f46cb98f5f384b86b031b59e2f02
SCS26FourierSumInterchange	LeanCode/Internal/NonlinearAnalysis/SCS26FourierSumInterchange.lean	dc38dd3c9be26c23fe9397b04c920780c5ec07dba9dda0a36bc515687f6f968a
SCS27FourierProductCoefficient	LeanCode/Internal/NonlinearAnalysis/SCS27FourierProductCoefficient.lean	a1622f90913f94208f631d8d4f2085593dffa7c217845370696fc66e8f8fd19f
SCS28DoubleProductCoefficient	LeanCode/Internal/NonlinearAnalysis/SCS28DoubleProductCoefficient.lean	87644dd4b9f36bf20505964af65caf7965ed2e1b386eaf9e4110c77806a21fab
SCS29OriginalPhysicalSource	LeanCode/Internal/NonlinearAnalysis/SCS29OriginalPhysicalSource.lean	9a646b1583f85b72006f736235a49891ab6d3eb43a3242c83605c2114fe762d4
SCS30PhysicalPolarProjection	LeanCode/Internal/NonlinearAnalysis/SCS30PhysicalPolarProjection.lean	f261b9238c15b108ac3423593471fef3d8fc7f0234b192c86986715b943abebb
SCS31PhysicalDividedSources	LeanCode/Internal/NonlinearAnalysis/SCS31PhysicalDividedSources.lean	8abafe41528a061cfe9a74cdc096fafde6d1204252e37943d081b23d10b43af2
SCS32PhysicalSourceCoefficients	LeanCode/Internal/NonlinearAnalysis/SCS32PhysicalSourceCoefficients.lean	4a33f61f071812235e330891c5d3bb0888859f7c26b4fb3249ce19ccc5481455
SCS33PhysicalProduct	LeanCode/Internal/NonlinearAnalysis/SCS33PhysicalProduct.lean	880b880f997f9a34a21f99896bf296c4c13782ac85aed8e78885375189845f00
SCS34DoubleFourierCalculus	LeanCode/Internal/NonlinearAnalysis/SCS34DoubleFourierCalculus.lean	fc2f1b902637a25fa61048c992bec45a1f05e36e3df815905f6105dd6ebfb3fe
SCS35MeanFreeFourier	LeanCode/Internal/NonlinearAnalysis/SCS35MeanFreeFourier.lean	d9bf1e95a1d96c6d7a882d7a8991a54dfcd26d6ddee443ea72502e79bec1b217
SCS36ContinuousFourier	LeanCode/Internal/NonlinearAnalysis/SCS36ContinuousFourier.lean	fa8b68a8b62247618373f6adeb7ad6eac3da4fc85a20224b6cdeec50ed343256
SCS37PhysicalKernelContinuity	LeanCode/Internal/NonlinearAnalysis/SCS37PhysicalKernelContinuity.lean	b21fdfd52c7818b6db1009c511b7fa3bee187a275b3cb02668b3616ff1308b11
SCS38PhysicalCorrection	LeanCode/Internal/NonlinearAnalysis/SCS38PhysicalCorrection.lean	5511401776e8f11ef0668dac871a2b388203d16ce6f92fdf30488dcf4135efc1
SCS39DoubleCoefficientAlgebra	LeanCode/Internal/NonlinearAnalysis/SCS39DoubleCoefficientAlgebra.lean	7508ffc2da782a6cf53430440dd71c748803761b2f1d68672e01c59d4e79b21f
BCI2ExactBoundaryReference	LeanCode/Internal/NonlinearAnalysis/BCI2ExactBoundaryReference.lean	151075d10477270bdf03e9098165515ed63805e4f8e6db085ae7eacb1861ed00
BCI3BoundaryDeviationKernels	LeanCode/Internal/NonlinearAnalysis/BCI3BoundaryDeviationKernels.lean	11d173c1492f86c0ec42f1d290d6223590039d58d596c674825a0e117571c8fb
BCI4ExactReconstructionRows	LeanCode/Internal/NonlinearAnalysis/BCI4ExactReconstructionRows.lean	26e193918b2510152508851c6386eb8d5bef59f1a7c524acfa346546cf6710ac
BCI5ExactKnownSlotIndependence	LeanCode/Internal/NonlinearAnalysis/BCI5ExactKnownSlotIndependence.lean	9b2b355499d380565489bde1cc9c757999e87732b43ce69c92c24cecccd6729f
BCI6ActualBoundaryBlocks	LeanCode/Internal/NonlinearAnalysis/BCI6ActualBoundaryBlocks.lean	085c85e079d8bc80c1357f2cb120d661c08ccf5f989c2e9b68b445f1656316eb
BCI7BoundaryBaseSmallness	LeanCode/Internal/NonlinearAnalysis/BCI7BoundaryBaseSmallness.lean	d07a7f41385f1a2221b62eae1b5bff457808a2fb53b429630a022c384cc82c76
BCI8BoundaryReferenceAlgebra	LeanCode/Internal/NonlinearAnalysis/BCI8BoundaryReferenceAlgebra.lean	bbf0a6273fc990664c9788d3d805c96833e556cec3b9690e32593b1d13b1923e
BCI9ExactHighBoundaryError	LeanCode/Internal/NonlinearAnalysis/BCI9ExactHighBoundaryError.lean	91c21116bab166e6ff0d40753742fcffebeb8ff54e0e299037927dfdce116a70
BCI10ActualHighBoundaryInverse	LeanCode/Internal/NonlinearAnalysis/BCI10ActualHighBoundaryInverse.lean	eccca506e7fe2ed014aa89d29fbb9458ac974273c5cf13aaf63f5f47ddf6cfb9
BCI11VanishingMomentAllocation	LeanCode/Internal/NonlinearAnalysis/BCI11VanishingMomentAllocation.lean	5fff032da5d0dd791b0d7c94ec601a10920c82e63d8edf4c21cf0822347122c4
BCI12VanishingCoefficientMoments	LeanCode/Internal/NonlinearAnalysis/BCI12VanishingCoefficientMoments.lean	797e391f3b4ed4f1c4bfedac1b02eda54a8bf20606b5071c8b71cc4d45a48d76
BCI13VanishingBoundaryErrorMoments	LeanCode/Internal/NonlinearAnalysis/BCI13VanishingBoundaryErrorMoments.lean	2429dd1f60081ade352ca17ed86e4cfa8670136dde5c569ec559d7ed40386da4
BCI14UniformPhysicalBoundaryInverse	LeanCode/Internal/NonlinearAnalysis/BCI14UniformPhysicalBoundaryInverse.lean	f69f842882d24f7232330a6a3301515ba62eddc91095460b59f8cc5e894387da
BCI15FullBoundaryReferenceDeviation	LeanCode/Internal/NonlinearAnalysis/BCI15FullBoundaryReferenceDeviation.lean	c226ecb9bf61609bf41a0e86e46b1d94be64336399c6a28fa9b7ce795bc5117b
BCI16InverseReferenceMoments	LeanCode/Internal/NonlinearAnalysis/BCI16InverseReferenceMoments.lean	642dcb54327b428d57d9b69009c2b26580836a0091c50414cf673a4ad16fc9b9
BCI17LiteralBoundaryTupleBlocks	LeanCode/Internal/NonlinearAnalysis/BCI17LiteralBoundaryTupleBlocks.lean	15a77419defba7638639158f7bb915d35780a6a95047166395e1a7dea6fe025b
BCI18CompleteHighInverseAndSource	LeanCode/Internal/NonlinearAnalysis/BCI18CompleteHighInverseAndSource.lean	902407112a04103b5859629e732c8a75c91c474c7c0e4be0c55e99bd8f2ded47
BCI19OriginalSourceTuple	LeanCode/Internal/NonlinearAnalysis/BCI19OriginalSourceTuple.lean	742c3d761a572259e773f5ac30b3938b4c09216423863e0b3cc33f01424dcb80
BCI20OriginalSourceBoundaryLift	LeanCode/Internal/NonlinearAnalysis/BCI20OriginalSourceBoundaryLift.lean	8b5e745de5880dfa7612d49d7d01c0a2591ce68b580b82e9b483f54dc24ceaaf
BCI21ExactSevenSlotBoundaryEquation	LeanCode/Internal/NonlinearAnalysis/BCI21ExactSevenSlotBoundaryEquation.lean	a1ad9e1645957446216d2e4d6a1e1b1a585fdb8a08030d6eb3f8decdd7c1e8a1
BCI22ExactRetainedBoundaryFormula	LeanCode/Internal/NonlinearAnalysis/BCI22ExactRetainedBoundaryFormula.lean	e3f556163e7092cc460d872bf0ad6e782e68d41bfada04ec1109f0a077114780
BCI23OriginalPhysicalSourceConsumer	LeanCode/Internal/NonlinearAnalysis/BCI23OriginalPhysicalSourceConsumer.lean	e4aae0444ca991f8a72b6eddb1d8124d26a6d3cc48fbb989b57ea46b568e6834
BCI24EvaluatedSourceOneHigh	LeanCode/Internal/NonlinearAnalysis/BCI24EvaluatedSourceOneHigh.lean	dbd938b59da44d941bb16dde05a190998b6141014e1ee622a1c9b78cb0a90472
BCI25OriginalBoundaryInverseConsumer	LeanCode/Internal/NonlinearAnalysis/BCI25OriginalBoundaryInverseConsumer.lean	16b4cbd5aecddd316be6c08dc8930e9a6683decadb3f1ae84bba6fe1e4448df8
AHP1ExactRadialKernelPhase	LeanCode/Internal/NonlinearAnalysis/AHP1ExactRadialKernelPhase.lean	410a0e8c1d6b87cb9a8f18cd13fa6397051af993dc1dc687ed3b93a92358c961
AHP2OriginalRadialCoefficientState	LeanCode/Internal/NonlinearAnalysis/AHP2OriginalRadialCoefficientState.lean	f8b5ed0952b3bd519f5d27f37ccc67351edc3f1d294f193ab002f6d8acc07bd5
AHP3ActualRadialForceKernels	LeanCode/Internal/NonlinearAnalysis/AHP3ActualRadialForceKernels.lean	8dbe6e1fb59a483e71b40d98af82ef492b52e6d5e55440aff7e0ce0dcdcad1d0
AHP4ActualRadialGaugeSigmaKernels	LeanCode/Internal/NonlinearAnalysis/AHP4ActualRadialGaugeSigmaKernels.lean	a4e88f28060b4b80be4e518586fcc5a76b0811210ae86d777bc4cbaf633cef96
AHP5FixedKernelRadialBounds	LeanCode/Internal/NonlinearAnalysis/AHP5FixedKernelRadialBounds.lean	fd9ffac4c121d2285e89d1cb1bfeb87fefa417686610d39d25cfd911fae0920a
AHP6ActualRadialGaugeInverse	LeanCode/Internal/NonlinearAnalysis/AHP6ActualRadialGaugeInverse.lean	e6bbd7f45bd24c22d7e61fb1732ddcc520ab7e517c5fb919f7e113b34fdd2181
AHP7UniformRadialGaugeBound	LeanCode/Internal/NonlinearAnalysis/AHP7UniformRadialGaugeBound.lean	d01498158a8b686773e10b2221bc9c86730bc4efe50876cc7b30c387253f13ef
AHP8ActualRadialEncodedSystem	LeanCode/Internal/NonlinearAnalysis/AHP8ActualRadialEncodedSystem.lean	70f4a24f7b5e249b2151ad21e31ee76397178aaec8f012bf9999172467824b5f
AHP9UniformRadialEncodedBound	LeanCode/Internal/NonlinearAnalysis/AHP9UniformRadialEncodedBound.lean	9767622f5d2826d59f1efd96073e81255faa245247ecda690f42fd1643ccc15c
AHP10ActualRadialFirstInverse	LeanCode/Internal/NonlinearAnalysis/AHP10ActualRadialFirstInverse.lean	7f72d79c10ea9aeb38b6515b456df5490889c076575836b727d4062a3eb3e2b0
AHP11ActualRadialMassSystem	LeanCode/Internal/NonlinearAnalysis/AHP11ActualRadialMassSystem.lean	d65aa8030a4130f7dafbded4de05a75aaa23dfba85a3671badcf722e3d25f685
AHP12UniformRadialReconstructionBound	LeanCode/Internal/NonlinearAnalysis/AHP12UniformRadialReconstructionBound.lean	5d6577f664880d7a3cd3e31c54732e13b2ef4cae1e71aa8665969eb34dc1b192
AHP13ActualRadialMassInverse	LeanCode/Internal/NonlinearAnalysis/AHP13ActualRadialMassInverse.lean	6e4616b4193a784b26269648d2958843bb3d56e9125183c3a90356d711e043ca
AHP14ActualRadialCovariantReconstruction	LeanCode/Internal/NonlinearAnalysis/AHP14ActualRadialCovariantReconstruction.lean	8a399f307e8c84369b28af302216d576799af568684e9f1e33d00a95172f9dfe
AHP15ExactOuterGaugeBridge	LeanCode/Internal/NonlinearAnalysis/AHP15ExactOuterGaugeBridge.lean	32f0b72aa1d2588c4eae480efa0e04298123a6942b6b4905020b63acb2ccd166
AHP16ExactOuterEncodedBridge	LeanCode/Internal/NonlinearAnalysis/AHP16ExactOuterEncodedBridge.lean	95c583e63bd791b323f7fdd3872a4afec9c1d81b9d78cd414cd37daf097ed4f4
AHP17ExactOuterMassBridge	LeanCode/Internal/NonlinearAnalysis/AHP17ExactOuterMassBridge.lean	35c7e3807b4ede983c33352651ef0f62741b0d4f7828d904718e44dc44508c97
AHP18ExactOuterReconstructionBridge	LeanCode/Internal/NonlinearAnalysis/AHP18ExactOuterReconstructionBridge.lean	ae7c70eb6d5be7cd9205dc68c954bd8fdca0dead2491ffec16c6b2f85eb08adc
AHP19RadialGaugeAndMassSupport	LeanCode/Internal/NonlinearAnalysis/AHP19RadialGaugeAndMassSupport.lean	2423b81e4cc8ab8f575f31e5dc3af8871ca37b95a78565282dd21bcf1d513691
AHP20GenuineRadialAngularReconstruction	LeanCode/Internal/NonlinearAnalysis/AHP20GenuineRadialAngularReconstruction.lean	ce99f816d9e4a9bc977708c3199b24aa7e12ea4c9c4b05c501ceb45715817e7e
AHP21RadialPhysicalFluxPrimitives	LeanCode/Internal/NonlinearAnalysis/AHP21RadialPhysicalFluxPrimitives.lean	ac714d85bd4868223cbf4ca62a4b4b2cc834723126110af22536a645c7a3fdb0
AHP22ActualRadialCorrectedFluxIdentity	LeanCode/Internal/NonlinearAnalysis/AHP22ActualRadialCorrectedFluxIdentity.lean	1cf55212485b79294e9cb1f0f3785eae95c7feac103db37775c160abce8fd790
AHP23RadialPhysicalCoordinateIdentities	LeanCode/Internal/NonlinearAnalysis/AHP23RadialPhysicalCoordinateIdentities.lean	51c194d9ab6c8adb460a7db2b9c47524b0def718cc52ba9f43a8ac545c720ba3
AHP24OriginalSevenSlotReconstruction	LeanCode/Internal/NonlinearAnalysis/AHP24OriginalSevenSlotReconstruction.lean	4b900e8e19bf23d9e7a093ea5463febc89128e5237afa96bf76e35f7686dbb84
AHP25UniformRadialMomentAllocation	LeanCode/Internal/NonlinearAnalysis/AHP25UniformRadialMomentAllocation.lean	ee820d956044a05add299d93bddc08d1581265ae51c850e90345d8fefcfbfc67
AHP26RadialPhysicalMomentFamilies	LeanCode/Internal/NonlinearAnalysis/AHP26RadialPhysicalMomentFamilies.lean	171b79eb01baa66c80ba0ba1616870df1d335f18b7397f70b96904626ef497bd
AHP27RadialGaugePhysicalMoments	LeanCode/Internal/NonlinearAnalysis/AHP27RadialGaugePhysicalMoments.lean	8bb76b4510cd1ad2ebc942827d82d239dc5a3eb894049fd2c96d3cd4561d01b7
AHP28RadialSigmaPhysicalMoments	LeanCode/Internal/NonlinearAnalysis/AHP28RadialSigmaPhysicalMoments.lean	3a16462f46052b31b7d5a3c776302c7e9cd0fdc7ef0e8fc6be03a81851c7d71b
AHP29RadialFirstInversePhysicalMoments	LeanCode/Internal/NonlinearAnalysis/AHP29RadialFirstInversePhysicalMoments.lean	87f65d635b716e0d77559565dd76441f0e5a63fa63af9eb787761b5a7275d821
AHP30RadialReconstructionPhysicalMoments	LeanCode/Internal/NonlinearAnalysis/AHP30RadialReconstructionPhysicalMoments.lean	21bd09f79ec6491f7793fb81939395da5c4b65c7b22fd3e828fc7c0d3e363ddb
AHP31RadialMassPhysicalMoments	LeanCode/Internal/NonlinearAnalysis/AHP31RadialMassPhysicalMoments.lean	1492e676ee1559b8c19e9cfdae5fb4989fe775502576cfc3f05879b2d86869ae
AHP33ActualRadialReconstructionConsumer	LeanCode/Internal/NonlinearAnalysis/AHP33ActualRadialReconstructionConsumer.lean	ba603f78669c571b447e7cf928676456942aeb71cfed73ba789db84df3420801
AHS1GaugeMeanContraction	LeanCode/Internal/NonlinearAnalysis/AHS1GaugeMeanContraction.lean	c0cba336b47137d387ba8c27bf25fb4ef663925a7d51619896f5d88e2b1bc79c
AHS2ActualGaugeEquivalence	LeanCode/Internal/NonlinearAnalysis/AHS2ActualGaugeEquivalence.lean	4d89552b1e6642fac501e4060ad531651ba24195f7bba95b1cfade921e6f2257
AHS3ActualRetainedForceRow	LeanCode/Internal/NonlinearAnalysis/AHS3ActualRetainedForceRow.lean	a786ba9c8482b4b94572eafbb07690326d35de82433bcd6de88f8d327e72b4ce
AHS4RetainedFirstRowExtraction	LeanCode/Internal/NonlinearAnalysis/AHS4RetainedFirstRowExtraction.lean	5d7e6b6b385d1e4c559a196e033c5e325cb3cd82f586fa7d278ef73756ed0a8d
AHS5ActualCovariantGaugeConsumer	LeanCode/Internal/NonlinearAnalysis/AHS5ActualCovariantGaugeConsumer.lean	ef6aeeef82d206ccdfcac4b74ec62a9050f478e4c2b04e748117627066afd252
AHS6RadialEncodedSupport	LeanCode/Internal/NonlinearAnalysis/AHS6RadialEncodedSupport.lean	e7b7f88476e92fe37b82c42156e389b3aa8f8ffdaeb72f2aebb09bc556bce026
AHS7EncodedCoordinateCalculus	LeanCode/Internal/NonlinearAnalysis/AHS7EncodedCoordinateCalculus.lean	030bf4fc3ee1d6c875e609cc8ed9964d194097093ee49723003132f743ad250d
AHS8ActualForceChartCalculus	LeanCode/Internal/NonlinearAnalysis/AHS8ActualForceChartCalculus.lean	44fca18e189cc84ab2184c4a083312a68fcc5df0d1a9dcf7d413f9700df2e8a2
AHS9EncodedForceScalarRows	LeanCode/Internal/NonlinearAnalysis/AHS9EncodedForceScalarRows.lean	ea325f69b6e6fc0607152bf73288d4d946334210141f09998fd7e74d5a3d145e
AHS10ForceEncodingEquivalence	LeanCode/Internal/NonlinearAnalysis/AHS10ForceEncodingEquivalence.lean	9fd23737a77e9fe86b4f21201b4533d402c79988e54a1be8d013944c10e8fc58
AHS11ActualEncodedForceSystem	LeanCode/Internal/NonlinearAnalysis/AHS11ActualEncodedForceSystem.lean	5f4ab33956be1fac729edc9128a4c13938c45d76fe7beced7448292b2fd468b3
AHS12ActualForceInverseConsumer	LeanCode/Internal/NonlinearAnalysis/AHS12ActualForceInverseConsumer.lean	0a9605f2628315b40ea83a3285924855e635acd452c3ff84c1ea4ac999719094
AHS13SameSevenSlotForceChart	LeanCode/Internal/NonlinearAnalysis/AHS13SameSevenSlotForceChart.lean	76a75f7603519c8a85885e64ea71afc56097e16c41c302a613b3e364dba548e3
AHS14SameSevenSlotForceData	LeanCode/Internal/NonlinearAnalysis/AHS14SameSevenSlotForceData.lean	94747a81b9fdc456ca1a0d606156a0d500c021fd9e39352c690ec5b7d2478635
AHS15SameCovariantPhysicalForceRows	LeanCode/Internal/NonlinearAnalysis/AHS15SameCovariantPhysicalForceRows.lean	1aab2472ec47ce50b92644a9b22b11e92581201bd3f7e29ab92fc444c3d47dc8
AHS16OriginalRadiusForceGaugeConsumer	LeanCode/Internal/NonlinearAnalysis/AHS16OriginalRadiusForceGaugeConsumer.lean	49af2afc81b958449bdaf0ee56f3e2105d359a708c1b8d6bf314ebe204f94541
AHU1RadialVanishingMomentAllocation	LeanCode/Internal/NonlinearAnalysis/AHU1RadialVanishingMomentAllocation.lean	fc8f4263aad6ab7c1aed75dc05a61dfcbfd5385ce9743eadbdac15dec6bff5b5
AHU2ActualCoefficientVanishing	LeanCode/Internal/NonlinearAnalysis/AHU2ActualCoefficientVanishing.lean	9280454ffcb44a2e514f888d3cf1e22ad59d84456c2e58d69c5fd3515d3b9c46
AHU3OrderedReferenceDifferences	LeanCode/Internal/NonlinearAnalysis/AHU3OrderedReferenceDifferences.lean	e94dc49469985d1d728a63e7029688c5e7a9cf96734e156552634539c218dc96
AHU4ActualGaugeFirstInverseErrors	LeanCode/Internal/NonlinearAnalysis/AHU4ActualGaugeFirstInverseErrors.lean	d48170f8735db3861140b66148817ea4d862b872e6a8c3b2bb84cd42b0ef0dec
AHU5ExactCircularEncodedData	LeanCode/Internal/NonlinearAnalysis/AHU5ExactCircularEncodedData.lean	d5bdd7622a50b433765a47b96e83ab1448b5062246d07e02168ff09bb6b32b82
AHU6CircularChartReconstruction	LeanCode/Internal/NonlinearAnalysis/AHU6CircularChartReconstruction.lean	5ba0dd707f0d7b201cabfd46e4949aa73a19c1129e4df2b5a5313c5ec303bf79
AHU7ActualScalarMassErrors	LeanCode/Internal/NonlinearAnalysis/AHU7ActualScalarMassErrors.lean	0b228b446e5c9c300296bda92f2f73edbb2867859b6d8b5ef76da21bd6172e9e
AHU8ActualNormalizedReconstructionErrors	LeanCode/Internal/NonlinearAnalysis/AHU8ActualNormalizedReconstructionErrors.lean	6fdd1611b9443829c79184315562e753b1d00c46fde9a915134ab7317cf19435
AHU9LiteralCircularFourierFormula	LeanCode/Internal/NonlinearAnalysis/AHU9LiteralCircularFourierFormula.lean	0c50e8cacc8496f6ccf60bab2f5dddafa9c662e480dc39ffe1a545024ba7ce37
AAW1WeakEndpointDifferentiation	LeanCode/Internal/PhysicalAnalysis/AAW1WeakEndpointDifferentiation.lean	d27028021bb772b8ece8c36472e485f2bccff68c13e42d2f300c46cb02b50a3a
AAW2PhysicalODEBootstrap	LeanCode/Internal/PhysicalAnalysis/AAW2PhysicalODEBootstrap.lean	044bcf7211ba8f4dbc6e339c658626a4624d2388f785db77cf80e11f499d5218
AAW3ContinuousSectionCalculus	LeanCode/Internal/PhysicalAnalysis/AAW3ContinuousSectionCalculus.lean	8814513dd605bdaf8e08402e8d210f16f402c4349a0b4f9509d4a0a3f57424da
AAW4ActualFieldDerivative	LeanCode/Internal/PhysicalAnalysis/AAW4ActualFieldDerivative.lean	890b05a18820087b304af35a3ced70002e169be679f8845c60969cdacb69f68f
AAW5ActualFluxDerivative	LeanCode/Internal/PhysicalAnalysis/AAW5ActualFluxDerivative.lean	e07b78a172297a378f7bb6bf84cf8a4947d31fcc99c235911bea116ea76193e0
AAW6SameSolutionSmoothness	LeanCode/Internal/PhysicalAnalysis/AAW6SameSolutionSmoothness.lean	866d6af3a217f9fbd66fa8f1e883ec4ba5675aad13232753152f9c30f54227e4
AAW7DenseSmoothBulkData	LeanCode/Internal/PhysicalAnalysis/AAW7DenseSmoothBulkData.lean	04a947867228db8a9f971b4e001613bde80bb0d509ae933d236238bbde481c8d
AAQ18DataGraphRadialRealization	LeanCode/Internal/PhysicalAnalysis/AAQ18DataGraphRadialRealization.lean	accb9b2ccb1ad359daad479f6531fdcf177a89f08695afaf45e1ca4cf5aed881
AAQ19ExactSharpTraceConsumer	LeanCode/Internal/PhysicalAnalysis/AAQ19ExactSharpTraceConsumer.lean	7ed911266a302cd5206c29264a5f9079c8feaf799f8b1c6b6d56ae0ddadcd0f1
AAW8DenseFullSmoothData	LeanCode/Internal/PhysicalAnalysis/AAW8DenseFullSmoothData.lean	0877f634d483f81daadda8c30edad6a543ecf53647c83cca57995b78cd05b4b4
AAW9WeightedSmoothData	LeanCode/Internal/PhysicalAnalysis/AAW9WeightedSmoothData.lean	8ad86d4d4250b0e889f9685912f309b0df5a5640cd76214a60cf180d0d739e4b
AAW10SmoothGraphApproximation	LeanCode/Internal/PhysicalAnalysis/AAW10SmoothGraphApproximation.lean	d2673eaa9eaed8fe1577ff61e6eb2796d09a25fc638f8b5487e1022239dc483f
AAW11FiniteDataSupport	LeanCode/Internal/PhysicalAnalysis/AAW11FiniteDataSupport.lean	6c8a57fe34770eb34d7528b5c93dbfa29d22474264712511c5b88e560645a723
AAW12FiniteSolutionSupport	LeanCode/Internal/PhysicalAnalysis/AAW12FiniteSolutionSupport.lean	8b869fe331547e1a812b805c24a9a98b69c2472f2623057734230905b2b6d0cb
AAW13HomogeneousSmoothCore	LeanCode/Internal/PhysicalAnalysis/AAW13HomogeneousSmoothCore.lean	f0a9303a01cb8b1a24700743137aee5bc68803e71ceafc87626e23f4f0230534
AAV1VectorRadialIntegration	LeanCode/Internal/PhysicalAnalysis/AAV1VectorRadialIntegration.lean	6fe9b2174a96b80920a203430f9eff2f7f95b1cf77eda499935de7a70407f5bb
AAV2VectorMomentPairings	LeanCode/Internal/PhysicalAnalysis/AAV2VectorMomentPairings.lean	b214f16b62e01cc83509ae384bb0510cc81051f4c0ab630ffc151532fc5d5502
AAV3VectorVariationalFormula	LeanCode/Internal/PhysicalAnalysis/AAV3VectorVariationalFormula.lean	a3758e8abab4e6d07907fec86ae32771bd887ede6f4b4433bca07c32b2683e45
AAV4MomentGraphSingleTest	LeanCode/Internal/PhysicalAnalysis/AAV4MomentGraphSingleTest.lean	47577b38a665b0f63227f45db07a02c1175e93ace7d98b2f58a9a04463402633
AAV5FullVariationalConverse	LeanCode/Internal/PhysicalAnalysis/AAV5FullVariationalConverse.lean	068f6481719bfd8adb1a505c143b6c943d73fd5f96a6a51a251e2c5827f858f3
AAV6FluxGraphMomentConverse	LeanCode/Internal/PhysicalAnalysis/AAV6FluxGraphMomentConverse.lean	1d7617429abb987ce625cf1a8e5ed8482c6e47f9256528c3e76113aeb50dcda9
AAV7GenericMomentEndpoint	LeanCode/Internal/PhysicalAnalysis/AAV7GenericMomentEndpoint.lean	c00b71e0998431068bf8d7a4314cd3ae4d802c9d7a078a1b58b012eb06fba35a
AAV8ActualWeakGraphUniqueness	LeanCode/Internal/PhysicalAnalysis/AAV8ActualWeakGraphUniqueness.lean	c20a0fa91ba74bbea7766d2dba3043b41116ac0504ffcb4085c8b0173b6b7476
AAV9ActualGraphBoundary	LeanCode/Internal/PhysicalAnalysis/AAV9ActualGraphBoundary.lean	00e3bbfab9a13f6e34286b0a3e7468f9e107d9cb90315af62d3b752228fcf586
AAV10ClosedBoundaryGraph	LeanCode/Internal/PhysicalAnalysis/AAV10ClosedBoundaryGraph.lean	568eb367416fbd43b939fda10a463ec1ce853ea1706861305153ba32614a7f49
AAV11ActualGraphIsomorphism	LeanCode/Internal/PhysicalAnalysis/AAV11ActualGraphIsomorphism.lean	f3bafd15df9f9a2a9ce8593df799a8eafda83640afe32728a2d654208406380f
AAW14ActualDenseSmoothGraph	LeanCode/Internal/PhysicalAnalysis/AAW14ActualDenseSmoothGraph.lean	aebf765ac8351104842b1632e180c7b69bca2b511de778625a657c7501ebb2af
AAW15ExactSmoothCoreConsumer	LeanCode/Internal/PhysicalAnalysis/AAW15ExactSmoothCoreConsumer.lean	24a7285ef279233dd79d9ddfe9fdaa7552baf2540d6e3969847cdf64f42dff1d
AAZ1WeakReciprocalPowers	LeanCode/Internal/PhysicalAnalysis/AAZ1WeakReciprocalPowers.lean	3feb237be80fbdb4d890197ced81216eef8862fdd621093608eda239d6cc75bb
AAZ2LiteralRawGrade	LeanCode/Internal/PhysicalAnalysis/AAZ2LiteralRawGrade.lean	467919464bc807d0071d07b7195ef311293c9ad868899a8e05fc63051604464b
AAZ3ActualPhysicalWeakFamilies	LeanCode/Internal/PhysicalAnalysis/AAZ3ActualPhysicalWeakFamilies.lean	c4dfc7974f861efee35c2979ead37ec0cd3c1065c62cc579a5133605e2280c54
AAZ4PhysicalLeibnizCalculus	LeanCode/Internal/PhysicalAnalysis/AAZ4PhysicalLeibnizCalculus.lean	f4106d2fbf60d4a9bd4e0279ea6dce53f6e42c0c067dc2aa4ec21fad1c0d1db2
AAZ5ActualRadialJetRecursion	LeanCode/Internal/PhysicalAnalysis/AAZ5ActualRadialJetRecursion.lean	67a583276678f148c4d0e1acd55673adb388dec05c23deaf5c5befcdbfa3c986
AAZ6RawGradeAlgebra	LeanCode/Internal/PhysicalAnalysis/AAZ6RawGradeAlgebra.lean	3545e903eacb59d4e09aeb92f4faa5dbb435daffe50e5d11289b7f64900acd72
AAZ7PhysicalJetDerivativeInduction	LeanCode/Internal/PhysicalAnalysis/AAZ7PhysicalJetDerivativeInduction.lean	3cc50742c20a48885206b430cf4df1e5322d09a3a381c74b8b19432201a056a7
AAZ8LiteralInitialSlopes	LeanCode/Internal/PhysicalAnalysis/AAZ8LiteralInitialSlopes.lean	8f9e4e4ef4964ddfe8874f7bbfffd35c40e0267ebbe675f48cf7e630b952a16e
AAZ9ActualInitialWeakJets	LeanCode/Internal/PhysicalAnalysis/AAZ9ActualInitialWeakJets.lean	2864da5049b686e1389dcf302860a11a64f420d35be2895bde2a4090cc90cca8
AAZ10UniformJetCoefficientBounds	LeanCode/Internal/PhysicalAnalysis/AAZ10UniformJetCoefficientBounds.lean	b06f492a488ea90c419fad2b7d112a7f38d0f3b83e1640bdde8290802233bcd7
AAZ11WeightedJetOperations	LeanCode/Internal/PhysicalAnalysis/AAZ11WeightedJetOperations.lean	46d864debfc5fe24d4d9ef0cb7c9a332093f78db521b796680b24acf27fc4d12
AAZ12NoncircularJetMembership	LeanCode/Internal/PhysicalAnalysis/AAZ12NoncircularJetMembership.lean	847a4ce486b5a3d42b068cab68c636c5004a6ac9b4b9df36c59ce84d13e9bfab
AAZ13SameSolutionPhysicalJetMembership	LeanCode/Internal/PhysicalAnalysis/AAZ13SameSolutionPhysicalJetMembership.lean	f2f18f157034877add38f0786d6d1fa40d42bc0f249093f22cbbb91f5fe9e80e
AAZ14UniformLeibnizNorm	LeanCode/Internal/PhysicalAnalysis/AAZ14UniformLeibnizNorm.lean	9a64a1b96942710f5dbebab504157b67a76052cec0312ffd73390e7de1d10542
AAZ15FinitePrefixNorms	LeanCode/Internal/PhysicalAnalysis/AAZ15FinitePrefixNorms.lean	db45cd4ad80de91b43f5d44e60828c7d6dd1ade70e76fbe873c062b2abddda57
AAZ16ComponentRadialRecurrence	LeanCode/Internal/PhysicalAnalysis/AAZ16ComponentRadialRecurrence.lean	b936351d238b089451858d62e9d1dc051faa106378351102faed9bcd0f537c73
AAZ17OriginalFiniteRadialRecurrence	LeanCode/Internal/PhysicalAnalysis/AAZ17OriginalFiniteRadialRecurrence.lean	2a5ff67e5caa46e122ec05a20452ed564fe1e447eae661c2c65873e5101dca37
AAZ18ExactPhysicalRadialConsumer	LeanCode/Internal/PhysicalAnalysis/AAZ18ExactPhysicalRadialConsumer.lean	2b17c9755ea95ae97716acfdc4e077f1a3a9eec078fd54aa34cb8249fa064326
AAZJ1OriginalPhaseDomination	LeanCode/Internal/PhysicalAnalysis/AAZJ1OriginalPhaseDomination.lean	61da708ddce9fe9997d42f51d1e52a5439a1d39b10cd12221b2c0eca8ff192b5
AAZJ2ActualPhysicalJetSections	LeanCode/Internal/PhysicalAnalysis/AAZJ2ActualPhysicalJetSections.lean	514ae174cc714aabff3982127847217dfaa2778be00014c5f097c3a8cbf45caf
AAZJ3UniformPhysicalJetSections	LeanCode/Internal/PhysicalAnalysis/AAZJ3UniformPhysicalJetSections.lean	8fc03f9a62d16cbf562ea6ac99c0b189378893b3dda92c6c275a4dd86daaea91
AAZJ4TwoExtraGradeSummability	LeanCode/Internal/PhysicalAnalysis/AAZJ4TwoExtraGradeSummability.lean	a0cddc8daffe7a7e6fe8254ff8eceb28b8d1524c57e0e9648585dbbf4b5e4647
AHQ1UniformKernelEntryDecay	LeanCode/Internal/NonlinearAnalysis/AHQ1UniformKernelEntryDecay.lean	6b97de02a5613d14e54d635f1ec0ebaed93aeda1655bcab95906b86b6c9e92d3
AHQ2CompositionContinuity	LeanCode/Internal/NonlinearAnalysis/AHQ2CompositionContinuity.lean	7b8beb50b9c515ea519e1562350790aa5c33a3aeb4398997b63db2b79f8d23cd
AHQ3KernelPowerContinuity	LeanCode/Internal/NonlinearAnalysis/AHQ3KernelPowerContinuity.lean	67ad22b546ff1e665ca4135e028e9d257ffdf681a536add42760ba5357913334
AHQ4NeumannEntryContinuity	LeanCode/Internal/NonlinearAnalysis/AHQ4NeumannEntryContinuity.lean	e5194ff016f96cdb0f2fab099685ab1707945c21c9a0d45d977e3aa2d9a03d45
AHQ5RegularKernelAlgebra	LeanCode/Internal/NonlinearAnalysis/AHQ5RegularKernelAlgebra.lean	1e5a08776370dcdb8e32edf6fd01ab7c781ce550a97580ed6bd71eabd413d158
AHQ6FixedRadialKernelRegularity	LeanCode/Internal/NonlinearAnalysis/AHQ6FixedRadialKernelRegularity.lean	74e9e8e5fc25e7f1fb9913482458b900306fdfa3d2bbbf96cc37c43d3de50c33
AHQ7PhysicalCoefficientContinuity	LeanCode/Internal/NonlinearAnalysis/AHQ7PhysicalCoefficientContinuity.lean	493150176c004b6aba7ce8b5a3d6ed7955b92c13f7163d96a7476b9fb24e60bd
AHQ8ActualGaugeInverseContinuity	LeanCode/Internal/NonlinearAnalysis/AHQ8ActualGaugeInverseContinuity.lean	2c4df7e3007d73396f840a2b5cc7d426074877b6e07ba95b93c71d0d9387b109
AHQ9ActualFirstSystemContinuity	LeanCode/Internal/NonlinearAnalysis/AHQ9ActualFirstSystemContinuity.lean	e72808cb1726ad71636d4cc9e8563b2abc8780f4400234ae141cd30b5862437b
AHQ10ActualSigmaKernelContinuity	LeanCode/Internal/NonlinearAnalysis/AHQ10ActualSigmaKernelContinuity.lean	d6ee98a4b69f7fc90535066c5fcef30272c7afc2001499825ad8e93d92753365
AHQ11ActualKnownKernelContinuity	LeanCode/Internal/NonlinearAnalysis/AHQ11ActualKnownKernelContinuity.lean	be8321b4ef8fce58e80e842bbb7c309b6703393257eeaf2d2f0e82b91e9ad249
AHQ12ActualUnknownKernelContinuity	LeanCode/Internal/NonlinearAnalysis/AHQ12ActualUnknownKernelContinuity.lean	cffc83d4a7e0b20c802686fa3e790e6af4cc0f90b2151f728b6fea87c3153a3a
AHQ13ActualMassKernelContinuity	LeanCode/Internal/NonlinearAnalysis/AHQ13ActualMassKernelContinuity.lean	ee441161372fd4c18954567aa0ba08e7f62ced8604836e44be473652584e6051
AHQ14OriginalSevenSlotContinuity	LeanCode/Internal/NonlinearAnalysis/AHQ14OriginalSevenSlotContinuity.lean	6b074cbb80f63a36308e5d4647daac8076738f1b66b46bb52d11b1e702a114fb
AHR1PositiveAnnulusNormalization	LeanCode/Internal/NonlinearAnalysis/AHR1PositiveAnnulusNormalization.lean	f421003478cbbf1912f3477a918bd12acbb839544dde8415270710c4b52907a8
AHR2OriginalSevenSlotOneHigh	LeanCode/Internal/NonlinearAnalysis/AHR2OriginalSevenSlotOneHigh.lean	818123d36cc3e76994f66aabe90eb1ba75ca38844b2c995e1f764b98b911f3d0
AHT1OriginalBulkWeights	LeanCode/Internal/NonlinearAnalysis/AHT1OriginalBulkWeights.lean	681b89dca4e163050d5b7e31170a2f2143d4c174ecb59e535be90b4e5666f1ca
AHT2FullBulkKernelAction	LeanCode/Internal/NonlinearAnalysis/AHT2FullBulkKernelAction.lean	39c623cf3206b643f80398210d66aabf04aafec3fa69702b3d3898ab76aab090
AHT3BulkActionMeasurable	LeanCode/Internal/NonlinearAnalysis/AHT3BulkActionMeasurable.lean	431abb03ba5b0f1c0a324d4b1331de1631c0129d07fa7e9a27f2fb7bb7fb8770
AHT4CompletedKernelLp	LeanCode/Internal/NonlinearAnalysis/AHT4CompletedKernelLp.lean	6d588c2d74f65bf8c106b4ad316c4c2f49c9e5c4284e5119617ebf3dedca1df5
AHT5RadialCoordinateEquivalence	LeanCode/Internal/NonlinearAnalysis/AHT5RadialCoordinateEquivalence.lean	5a52116c8366481e4686dfb546700212935ac1acf77a3475d6d28619af10edb0
AHT6LiteralPhysicalKernelAction	LeanCode/Internal/NonlinearAnalysis/AHT6LiteralPhysicalKernelAction.lean	21a0109a580c68e337182ecd43782e7e9099d58fd1db9333b5f99cbdc3975207
AHT7ActualOriginalKernelFamilies	LeanCode/Internal/NonlinearAnalysis/AHT7ActualOriginalKernelFamilies.lean	98d48e2371fec74888ff853607779151659aaf71d2e09f7f665946ec584f501a
AHT8OriginalCompletedCovariants	LeanCode/Internal/NonlinearAnalysis/AHT8OriginalCompletedCovariants.lean	0cb9565126302bd7b00e09cdf7609d7ca135912d317b97376d2d02dcdccf11ce
AHT9ExactAnnularConsumer	LeanCode/Internal/NonlinearAnalysis/AHT9ExactAnnularConsumer.lean	eaa1173a3c6a8a732eab740cee9808e8fa116e62eb1bdb71ee657d6230182a7b
AHT10UniformNormalizedActions	LeanCode/Internal/NonlinearAnalysis/AHT10UniformNormalizedActions.lean	2ab0e9052b895d65ee809a4204b32d062d715bc84af227d5925497e50d707040
AHU10CircularKernelEntryContinuity	LeanCode/Internal/NonlinearAnalysis/AHU10CircularKernelEntryContinuity.lean	f942b3f485aaa6f5d0de9b5e0e837d20d1b168ed73b1c1b8ee1ba2af14f709d5
AHU11CompletedAnnularErrorActions	LeanCode/Internal/NonlinearAnalysis/AHU11CompletedAnnularErrorActions.lean	a02a2125453d74f3b10680108f6ddf8be2b86d728afec13b9220fa7ce4cfbde6
AHU12ExactAnnularErrorConsumer	LeanCode/Internal/NonlinearAnalysis/AHU12ExactAnnularErrorConsumer.lean	96fc7b27cd0b88a6e415ca36920c3acabd483605aa2b893d413f1d6a19b19834
AHU13EvaluatedOneHighErrorConsumer	LeanCode/Internal/NonlinearAnalysis/AHU13EvaluatedOneHighErrorConsumer.lean	80a3a199a553b585bc0eacf589fba1459fcdfbda16898ee1fb633f6e0bab107a
AEG2LiteralHighBulkEmbedding	LeanCode/Internal/PhysicalAnalysis/AEG2LiteralHighBulkEmbedding.lean	fa46b0279385d6ebec8e369077fc288750291ac9db28148ecfa6242bf5355ada
AEG3CompletedPhysicalSlots	LeanCode/Internal/PhysicalAnalysis/AEG3CompletedPhysicalSlots.lean	6a5b33b1e75fda5ec0ab52c40d90ac74e424c0674d4013306fa7efbb44552239
AEG4ActualHighEnergyPackets	LeanCode/Internal/PhysicalAnalysis/AEG4ActualHighEnergyPackets.lean	dd94adbf501371552ac22cb466cd91d203b9f6d6fcc8a4b589790b3355ce9851
AEG5LiteralPhysicalCoordinateLaws	LeanCode/Internal/PhysicalAnalysis/AEG5LiteralPhysicalCoordinateLaws.lean	2f70507cb1b0ec281678682000bd3aad5679afab4c31937fd14a6db118a62d9c
AEG6OriginalTiltedBulkFidelity	LeanCode/Internal/PhysicalAnalysis/AEG6OriginalTiltedBulkFidelity.lean	1bc23680e0aa6a0e96647b590bc410981e548b77c102e09c7c58bea9111f9b46
AEG7ActualReconstructionEnergyInput	LeanCode/Internal/PhysicalAnalysis/AEG7ActualReconstructionEnergyInput.lean	df6d5fd0ebb4d328e0533d1dc0ed2a87b856140bb97b38c01864ed4c5af7c294
AEG8ActualErrorTestPairing	LeanCode/Internal/PhysicalAnalysis/AEG8ActualErrorTestPairing.lean	7abb6e5fcc1c5d0c16d096664c3d2fd25664b0dbd1a77e8f914f83bb3cc40de5
AEG9ActualEightInputCoordinates	LeanCode/Internal/PhysicalAnalysis/AEG9ActualEightInputCoordinates.lean	be26c7a86aa214b0849555f7d301a002ad978c9a4a7eaa48716e6bc3b33c4657
AEG10LiteralPhysicalDualPairing	LeanCode/Internal/PhysicalAnalysis/AEG10LiteralPhysicalDualPairing.lean	894005290a28bfa82adf4c7a1e0c6ecbb93d0e79d916080d3f58d1e6763a0993
AEG11ExactEnergyPacketConsumer	LeanCode/Internal/PhysicalAnalysis/AEG11ExactEnergyPacketConsumer.lean	99f7e79dcefe57a6232121b5b044d824feb5998a44a229e89949d71eed74be84
AHV1ActualRetainedForceError	LeanCode/Internal/NonlinearAnalysis/AHV1ActualRetainedForceError.lean	cc0aa51d8244487d17ef14d7195b127c0c250851f5a49f5d46aecfebd3e29c9b
AHV2FixedRetainedHighInverse	LeanCode/Internal/NonlinearAnalysis/AHV2FixedRetainedHighInverse.lean	6caa32039787aa69973fc59ee850fb9124867dde0335e0c4ec2fb6b1b54e2022
AHV3NormalizedRetainedHighError	LeanCode/Internal/NonlinearAnalysis/AHV3NormalizedRetainedHighError.lean	7e9c9988f8e693bbf9237aab7ffbbf9ddee4734cbfeb9c34f12d0f05f04a4b1a
AHV4CircularRetainedSymbol	LeanCode/Internal/NonlinearAnalysis/AHV4CircularRetainedSymbol.lean	2188baef641bb7187ee11be2aa63a7c651ca446bb494bf77fb6591fe91aaa067
AHV5OriginalRetainedAIdentification	LeanCode/Internal/NonlinearAnalysis/AHV5OriginalRetainedAIdentification.lean	53c88160e6d2672511cd13200153f3b884b2392b7bef6a3877eee4d58431ec18
AHV6ActualRetainedInverseBall	LeanCode/Internal/NonlinearAnalysis/AHV6ActualRetainedInverseBall.lean	59aca1cc1f03b37d011f8fe21aff6bac005e23788c1c5cd82f2d530fc7da76d2
AHV7ActualRetainedInverseIdentities	LeanCode/Internal/NonlinearAnalysis/AHV7ActualRetainedInverseIdentities.lean	c7f779599ba6a432df789d4805d8dd0fdc10270f4261602a8d530cbdaa3bb42d
AHV8RetainedInversePhysicalMoments	LeanCode/Internal/NonlinearAnalysis/AHV8RetainedInversePhysicalMoments.lean	424a171f93980bdef921f3d499b6655dc5367cbebbdd373f278dad8f323f1b69
AHV9CompleteRetainedHighIsomorphism	LeanCode/Internal/NonlinearAnalysis/AHV9CompleteRetainedHighIsomorphism.lean	b951cb21379907d985b722ac53f79931cfa9782b0e8812615e3160b031343d55
AHV10FrozenOriginalOuterInverseReuse	LeanCode/Internal/NonlinearAnalysis/AHV10FrozenOriginalOuterInverseReuse.lean	2a266a3a41df0154a8f601bc69f682bf3a881069de0ff1c49e269b61fe2bb9dc
AHV11RetainedInverseRadiusContinuity	LeanCode/Internal/NonlinearAnalysis/AHV11RetainedInverseRadiusContinuity.lean	e01ec617ae7cad97181273766f964da816fcbaa47d5f2b68912d64557d96c764
AHV12CompletedAnnularRetainedInverse	LeanCode/Internal/NonlinearAnalysis/AHV12CompletedAnnularRetainedInverse.lean	0fb320f18c8c1fd0130c26309afb4008a2675a5ab70bb188fab851dc11e1032c
AHV13EvaluatedInverseOneHigh	LeanCode/Internal/NonlinearAnalysis/AHV13EvaluatedInverseOneHigh.lean	156221d9423359db385a83571465971612a7afd2a667c7633361a3654dc7f390
AHV14ExactPhysicalInverseConsumer	LeanCode/Internal/NonlinearAnalysis/AHV14ExactPhysicalInverseConsumer.lean	f869b749ce05607d9aff2d69439a7fa752a4e23825313d0b2a5dc29da72c50b3
AHW1RetainedStateMomentAllocation	LeanCode/Internal/NonlinearAnalysis/AHW1RetainedStateMomentAllocation.lean	aa03d4404a3708fe91fa78a89c7e5bcd508128d3c5d2258e2734fec42da1a9e2
AHW2RetainedReferenceAlgebra	LeanCode/Internal/NonlinearAnalysis/AHW2RetainedReferenceAlgebra.lean	0ed5b981b66cfd2ecabc53c3339cf88b9dd189c52698bdaa0e13db7dfdb954ee
AHW3NormalizedEightSlotElimination	LeanCode/Internal/NonlinearAnalysis/AHW3NormalizedEightSlotElimination.lean	2c277fccb5ae5057452871dac532b0c92d0068cffa9600626c10b47000beaf69
AHW4EliminatedKernelReferenceErrors	LeanCode/Internal/NonlinearAnalysis/AHW4EliminatedKernelReferenceErrors.lean	d10a0f117ee019e1558b9ce3d4ff58466382fbc77fc22a8f0bd4523f7de92512
AHW5ExactNormalizedFirstRowElimination	LeanCode/Internal/NonlinearAnalysis/AHW5ExactNormalizedFirstRowElimination.lean	278ded3182310378eb6fac08b8d8b23ab7f544a6ee9e6f484f840a58b4f45f11
AHW6OriginalPhysicalFirstRowConsumer	LeanCode/Internal/NonlinearAnalysis/AHW6OriginalPhysicalFirstRowConsumer.lean	e7786b2a52a2a135854a73d1775c19756e97142ac29cc9a6ec889e135196687b
AHW7LiteralCircularEliminationFormula	LeanCode/Internal/NonlinearAnalysis/AHW7LiteralCircularEliminationFormula.lean	bb783618fdf8ac5a0408698cdef257e7202eda3aa29e942538c0523e6595b9f1
AHW8EliminatedKernelContinuity	LeanCode/Internal/NonlinearAnalysis/AHW8EliminatedKernelContinuity.lean	9ee3f8efa7ed88e74870598be6c43fb6be96b6e22842d8761cd28e69398395ea
AHW9CompletedEliminatedXAction	LeanCode/Internal/NonlinearAnalysis/AHW9CompletedEliminatedXAction.lean	241b7adabda27fa0f21dfd3e9dcd2d73c87a4b8d5ec9a3a7cce3c37399b52f7c
AHW10ActualCofactorJetCoefficients	LeanCode/Internal/NonlinearAnalysis/AHW10ActualCofactorJetCoefficients.lean	022a3a90952867d9f55fd5bd9b585535caaa9ca54b59331fbbf9ba85f6a0925a
AHW11ActualSignedCofactorKernels	LeanCode/Internal/NonlinearAnalysis/AHW11ActualSignedCofactorKernels.lean	7cb5f4845ddbe74ff401a109fd3382814b4893ab699527953699169d4b31bfc7
AHW12ScalarFactorsAndCofactorContinuity	LeanCode/Internal/NonlinearAnalysis/AHW12ScalarFactorsAndCofactorContinuity.lean	08c2556369601d61a8d16ff5c159fa83aa4e607ec4382979aa7982a0231ab888
AHW13LiteralCorrectedFluxKernels	LeanCode/Internal/NonlinearAnalysis/AHW13LiteralCorrectedFluxKernels.lean	a8810e097474085ffbdd8ccd47e99f0aa7b5e876956a5aabe2cf31142ec4019a
AHW14ActualKVReferenceEstimate	LeanCode/Internal/NonlinearAnalysis/AHW14ActualKVReferenceEstimate.lean	9506e834e1eed4fe1a70e3825fd25a7bcbe4efea82eea3dd5a652d642fe57cff
AHW15NormalizedFluxReferenceErrors	LeanCode/Internal/NonlinearAnalysis/AHW15NormalizedFluxReferenceErrors.lean	ca3e81108efff948610cff05617c4ce8373ac08666f06c9ab306722147c7f427
AHW16UnprojectedPhysicalFluxErrors	LeanCode/Internal/NonlinearAnalysis/AHW16UnprojectedPhysicalFluxErrors.lean	cfbff7dcaaceaa0be9d35f10d89d98d9b404b1a5d6493a215ec1a0003fefd3fd
AHW17UnprojectedFirstRowAndContinuity	LeanCode/Internal/NonlinearAnalysis/AHW17UnprojectedFirstRowAndContinuity.lean	d8ff3e19863011f9e58b325d20eae2e5690846e6ddcbab4890d7b4ce22060b7b
AHW18LiteralUnprojectedCircularRows	LeanCode/Internal/NonlinearAnalysis/AHW18LiteralUnprojectedCircularRows.lean	9ea68e7296cd29fe2426a765a0a28f6fb42f5cbc5b86fd36692015bd88c9b39f
AHW19EliminatedBulkReferenceAndContinuity	LeanCode/Internal/NonlinearAnalysis/AHW19EliminatedBulkReferenceAndContinuity.lean	1436a563de03c78efcf464d233d7a36823276654a1aa276f94f206061d2e4e9a
AHW20CompletedEliminatedBulkAction	LeanCode/Internal/NonlinearAnalysis/AHW20CompletedEliminatedBulkAction.lean	de47f37b45d3fb515923ce6072eabfd8ba556f36ff680354cb9632240a40d66e
AHW21GenuineCofactorAngularProduct	LeanCode/Internal/NonlinearAnalysis/AHW21GenuineCofactorAngularProduct.lean	e52c29118fe537852fc86e5ab9ee505412885b4e0fe5435b81153fbedb18c1e8
AHW22LiteralCircularEntries	LeanCode/Internal/NonlinearAnalysis/AHW22LiteralCircularEntries.lean	0647196fa4e4656e665df15da6cd0e956c07e74b092b3e0c09a41f45c2389c4f
AHW23GenuinePhysicalThirdFlux	LeanCode/Internal/NonlinearAnalysis/AHW23GenuinePhysicalThirdFlux.lean	db9faea314aaae7dc83bd05fbfa2830b4f5f1753be016aeda2b97a6e7d1d3d41
AHW24LiteralKVAndPhysicalV	LeanCode/Internal/NonlinearAnalysis/AHW24LiteralKVAndPhysicalV.lean	5c52c948d30aa143dc2148f9a2a431a382ba827be567377b7cbe0fcfc87dbe50
AHW25LiteralEliminatedCircularFlux	LeanCode/Internal/NonlinearAnalysis/AHW25LiteralEliminatedCircularFlux.lean	592c07116b6b5adbbe6be5450e966d224084f20687ea7b2e46eb9c344dd6999d
AHW26PhysicalErrorOneHighAndJets	LeanCode/Internal/NonlinearAnalysis/AHW26PhysicalErrorOneHighAndJets.lean	10fcacbb251db3442706521b3f45117efd8e020718e37844a500ebb8e15b031d
AHW27ExactEliminatedPhysicalConsumer	LeanCode/Internal/NonlinearAnalysis/AHW27ExactEliminatedPhysicalConsumer.lean	5a0d55eff4f2514a0f271a776cdde246d0533ccd5ce0159dbaf86d55b64ee959
AHW28LiteralMeanFreePhysicalRV	LeanCode/Internal/NonlinearAnalysis/AHW28LiteralMeanFreePhysicalRV.lean	034b875ef72cba657ba80427b71e0ef14f1bf7b8d88dba0fd09d020e3f0620c5
AIA1CompletedRadialEndpointPairing	LeanCode/Internal/PhysicalAnalysis/AIA1CompletedRadialEndpointPairing.lean	cc481087696a7a1126cd9cbd0f86975a408a045af417119e651d11c8cd3ab307
AIA2LiteralRadialCrossTerm	LeanCode/Internal/PhysicalAnalysis/AIA2LiteralRadialCrossTerm.lean	4549a3a456ff215263af7586cf5898a5042072749991b7007030c26dea798a13
AIA3ActualHighEndpointCross	LeanCode/Internal/PhysicalAnalysis/AIA3ActualHighEndpointCross.lean	46aa5de9831a7eee7363eb8319a92992549e4688b76f428fb736100993adfbdb
AHX1BulkWeightCocycle	LeanCode/Internal/NonlinearAnalysis/AHX1BulkWeightCocycle.lean	49276114a066686a850ca2890e92846349ae398d4a2b0264134dee2717c60552
AHX2BulkKernelComposition	LeanCode/Internal/NonlinearAnalysis/AHX2BulkKernelComposition.lean	6e0dd1e14182c634f41eae680c81b4a9ee0ef7963f3db8f526beb33718d42d54
AHX3BulkKernelAlgebra	LeanCode/Internal/NonlinearAnalysis/AHX3BulkKernelAlgebra.lean	5611651d31e056ec970f61c8f1ad8c71c2f33ee308dbbcce54670b13246f6f7d
AHX4CompletedKernelComposition	LeanCode/Internal/NonlinearAnalysis/AHX4CompletedKernelComposition.lean	1ea427da9e117d99a251cc2c86b220b5a0b234d11f4b79c7dec5dfc1a19392f2
AHX5CompletedKernelLinearAlgebra	LeanCode/Internal/NonlinearAnalysis/AHX5CompletedKernelLinearAlgebra.lean	ba619ab83f75a67f00ce7b4b40c50fa9535bea94e1c61ea16387b34ae60200f3
AHX6CompletedDiagonalAndHighSupport	LeanCode/Internal/NonlinearAnalysis/AHX6CompletedDiagonalAndHighSupport.lean	513a365249a98ebd20509cc964cbfbc2eb20205355ec77cb0215acb67593242c
AHX7RegularRadialActionAlgebra	LeanCode/Internal/NonlinearAnalysis/AHX7RegularRadialActionAlgebra.lean	8751693e19006b494b8599ff9a19e593feacecac729a83d7bcc57719b8b70fc6
AHX8ActualCompletedRetainedInverse	LeanCode/Internal/NonlinearAnalysis/AHX8ActualCompletedRetainedInverse.lean	c5b867dc86bcfedb6b7029c2cb822009cef3a0a335b0c558a6e171222a884e57
AHX9ExactRetainedL2Consumer	LeanCode/Internal/NonlinearAnalysis/AHX9ExactRetainedL2Consumer.lean	23c731f20848f5879648c49d62d972b4870db3dc5e0e2e4bcf832340aa6329e3
AIA4ExactZeroShiftConsumers	LeanCode/Internal/PhysicalAnalysis/AIA4ExactZeroShiftConsumers.lean	d3ebe3ae3b7408087a07cfb5e15afe72d59d53019294039a42a7c6252acb985e
AIA5LiteralCircularBulkEntries	LeanCode/Internal/PhysicalAnalysis/AIA5LiteralCircularBulkEntries.lean	3e3adaced05c842a0dbe4c6459e9c35199dd986bdbdd5968d8f3d9d04d245247
AIA6ExactPacketOrthogonality	LeanCode/Internal/PhysicalAnalysis/AIA6ExactPacketOrthogonality.lean	52276c17c6a4ef9e893efb25a3fea1399f9e47d1b4a9f02e89c9faabf1df1469
AIA7ActualCircularOutputCoordinates	LeanCode/Internal/PhysicalAnalysis/AIA7ActualCircularOutputCoordinates.lean	f6373ebcee87fda8d157179f304b4961402ed053d447ad0122b6fa9ac526884f
AEJ1ActualEliminatedDifference	LeanCode/Internal/PhysicalAnalysis/AEJ1ActualEliminatedDifference.lean	bb1674a8c0eb904f73938be76c278ae8a0deda6d9548699e56e5e3713c474c6a
AEJ2ActualHighBulkForms	LeanCode/Internal/PhysicalAnalysis/AEJ2ActualHighBulkForms.lean	ce2c8d51a15588be753964f47db812d3b5615580c9e6358ed0523f795b28296a
AIA8ActualCompletedCircularCoordinates	LeanCode/Internal/PhysicalAnalysis/AIA8ActualCompletedCircularCoordinates.lean	d7e7cfce461ac2e9f7b093ef1bdd6959c254c59c7b8d2ca079844d696fc84db8
AIA9ExactCircularOutputRepresentatives	LeanCode/Internal/PhysicalAnalysis/AIA9ExactCircularOutputRepresentatives.lean	e843bfcee4f2ac174f713cef9bf299bb149b13c9622978338e03687411128311
AIA10CompletedCircularPacketIdentity	LeanCode/Internal/PhysicalAnalysis/AIA10CompletedCircularPacketIdentity.lean	d9526569c35f9802337d1f203a9299ae6096988179bdacf9b8e0314897480567
AIA11LiteralDecodedCoordinates	LeanCode/Internal/PhysicalAnalysis/AIA11LiteralDecodedCoordinates.lean	dff77c3fcad49476fe34331b3396b8b016dec37577492dd6fa1e128d13883344
AIA12ActualPotentialPairing	LeanCode/Internal/PhysicalAnalysis/AIA12ActualPotentialPairing.lean	9884d728e482657f611cfc5dd769629ef89aed7abf1cb383214601217bfd024d
AIA13CircularScalarAlgebra	LeanCode/Internal/PhysicalAnalysis/AIA13CircularScalarAlgebra.lean	1758fce5857809afad1f50af3df021c1ba8b993f16c8cb0328cb378c5c15be7d
AIA15ActualCircularModePairing	LeanCode/Internal/PhysicalAnalysis/AIA15ActualCircularModePairing.lean	c199a4eee6f67b622ce55622b50a1172662f9ac688d9f5028be8d4edca9b36b6
AIA16CompletedCircularPairing	LeanCode/Internal/PhysicalAnalysis/AIA16CompletedCircularPairing.lean	28d495601384d27277f6db3859f3ce82c6007ab9dbe9a3e0dc13e209a90a01c4
AIA14ActualCircleReferenceIdentity	LeanCode/Internal/PhysicalAnalysis/AIA14ActualCircleReferenceIdentity.lean	ac17dafbe58837bc2a871450bb664e85cad09aa23ea0040ff1f88874b3e0bf9c
AID1ActualHighOutputCoordinates	LeanCode/Internal/PhysicalAnalysis/AID1ActualHighOutputCoordinates.lean	5fb11dfba41170bae430b845600deaf7468543c9f3349fc6dbaa271d24beb00b
AID2LiteralPhysicalPacketPairing	LeanCode/Internal/PhysicalAnalysis/AID2LiteralPhysicalPacketPairing.lean	6ef3cfbc3769cadda37619f4edfb9d8bb6f32c197dc9eacd1c5625c0b9101de2
AID3ActualSinglePhysicalTests	LeanCode/Internal/PhysicalAnalysis/AID3ActualSinglePhysicalTests.lean	a1e164307e8c1d074e622363a35f21b222d10ce6888b6ff865ac59086a0212de
AID4LiteralSingleFluxPairing	LeanCode/Internal/PhysicalAnalysis/AID4LiteralSingleFluxPairing.lean	3c78070b89a0bdc99e0406830dffd56b1967375f7899d7ba6b28a00c0af44d7a
AID5ActualCompactFluxEquation	LeanCode/Internal/PhysicalAnalysis/AID5ActualCompactFluxEquation.lean	ab74abee6cac0c5a7dff701d30e061aaacb06742a57c1264f5599c544ef6bc6f
AID6LiteralNormalizedSecondRow	LeanCode/Internal/PhysicalAnalysis/AID6LiteralNormalizedSecondRow.lean	0f9be0ac5b6fb3f6f18edcaf547d7bf5e9680af59eace39ce9248ffb8a5e8aa5
AID7UniformPhysicalOmegaBounds	LeanCode/Internal/PhysicalAnalysis/AID7UniformPhysicalOmegaBounds.lean	6cadf30adb838a0a5d22c9bb5385d97b26a5c0bbe768e47049dcd271bc453d49
AID8ActualOmegaNormalizedOperators	LeanCode/Internal/PhysicalAnalysis/AID8ActualOmegaNormalizedOperators.lean	b2705eb19898d3b3853a00363136ced09a428fac86bb36a6b118047414c43c9c
AID9ExactOmegaDerivativeCoordinates	LeanCode/Internal/PhysicalAnalysis/AID9ExactOmegaDerivativeCoordinates.lean	f901245825c1f80ac4ebcc11745b25476ac6bdad8d825ac6a01a1956b277df2c
AID10ActualDomegaRealization	LeanCode/Internal/PhysicalAnalysis/AID10ActualDomegaRealization.lean	6c9db9d9705f9b01e8495dd55fa45a4db92da8507f375c6beade5a1ec7df1e00
ADZ10UniformHighComparison	LeanCode/Internal/PhysicalAnalysis/ADZ10UniformHighComparison.lean	a31364d897db2d2c7aed3a3a85dc8c2b32d24fb9aa272aa9e7fafff0e028289a
AEF1FixedOuterCollar	LeanCode/Internal/PhysicalAnalysis/AEF1FixedOuterCollar.lean	9e22f66467c639cabdd98e24f77c8aa3a5a659b6abdcf4a4bcd8d466af5f6182
AEF2CompletedUniformOuterTrace	LeanCode/Internal/PhysicalAnalysis/AEF2CompletedUniformOuterTrace.lean	185f9c6c64b0ccb94744d2ab82002bfbee42a7e483235434125199dcb2b32133
AEF3ExponentialMoments	LeanCode/Internal/PhysicalAnalysis/AEF3ExponentialMoments.lean	5d2e6d971515633d83d3746535ffeddb5e5ccd6c0999ba76806d4598a6c9e2da
AEF4ScaledInnerProfile	LeanCode/Internal/PhysicalAnalysis/AEF4ScaledInnerProfile.lean	c289d38090c2ded7c21653fadb52c4526867a1cc7d8a8f25c01bf4ed051e4d3a
AEF5UniformInnerEnergy	LeanCode/Internal/PhysicalAnalysis/AEF5UniformInnerEnergy.lean	7de89ff91b6f905fb50e04b3d03cd560fe51b74508b81526177673ac0a7bab88
AEF6CompletedUniformInnerLift	LeanCode/Internal/PhysicalAnalysis/AEF6CompletedUniformInnerLift.lean	457c2874e5ec4705c3989287d76c94b8633ec4c0787193adcacb018d343b1fb1
AEF7UniformBWeightedLift	LeanCode/Internal/PhysicalAnalysis/AEF7UniformBWeightedLift.lean	cea788a6f4fecb3255df0feab6dc911d5bee3dac447e67293bb44e51a673eace
AEF8UniformTiltFunctional	LeanCode/Internal/PhysicalAnalysis/AEF8UniformTiltFunctional.lean	36a0ca1a57cda8da099213c06afdcb835e1f84837fae5438674436bb75e214b0
AEF9UniformTiltSolutionBound	LeanCode/Internal/PhysicalAnalysis/AEF9UniformTiltSolutionBound.lean	56b61ee124203a4e88ab042833a5dfc2f57b891c8904ee097106d7148a1203f3
AEF10UniformBoundedTiltInverse	LeanCode/Internal/PhysicalAnalysis/AEF10UniformBoundedTiltInverse.lean	e3225538ce5cc4b21710a30fda0cc3367dcaf1fd9b0c80652407392a2c19c4a9
AEF11UniformHighReferenceConsumer	LeanCode/Internal/PhysicalAnalysis/AEF11UniformHighReferenceConsumer.lean	9adb2b76113436828e584132b6383c392ec5a6a3cf4480d200c7f23188eea9bb
AEH1HighBoundaryEmbedding	LeanCode/Internal/PhysicalAnalysis/AEH1HighBoundaryEmbedding.lean	720a93f6c8cc800e7103c31d6105789a744520c0ec12b156e5ffc66ce648d76e
AEH2RetainedBoundaryMoments	LeanCode/Internal/PhysicalAnalysis/AEH2RetainedBoundaryMoments.lean	311cc2d39c332af2ac89f06ed61fed36da80b78c4e3e8c1e60301a8debfa3886
AEH3ActualOuterRetainedTrace	LeanCode/Internal/PhysicalAnalysis/AEH3ActualOuterRetainedTrace.lean	8abc10ec6afe4442e055cb1ea2b5639e74b4e3bf6ce2f619c64493fa5d56c791
AID11ActualCompactTestConsumer	LeanCode/Internal/PhysicalAnalysis/AID11ActualCompactTestConsumer.lean	777bada90fd3435409de440b3288bcd67cda68b101cff0b33376ea762573f39b
AID12ActualPhysicalGreenIdentity	LeanCode/Internal/PhysicalAnalysis/AID12ActualPhysicalGreenIdentity.lean	e2690353c33f303e03e62acdb5d424ed4dccc5685c8bb76538c084f5e852b7ba
AID13LiteralPhysicalOuterTesting	LeanCode/Internal/PhysicalAnalysis/AID13LiteralPhysicalOuterTesting.lean	7ed5fa822de902759fa5c566dba737d94c6f2f1739dbf3f28c00398ccf555a03
AID14CompletedPhysicalGreenConverse	LeanCode/Internal/PhysicalAnalysis/AID14CompletedPhysicalGreenConverse.lean	ca1bd6c68e68104bc5dcda8db349a459cd2117aaf4b34da9fa3ff01bd18f7d8c
AID15ExactCompletedPhysicalConsumer	LeanCode/Internal/PhysicalAnalysis/AID15ExactCompletedPhysicalConsumer.lean	fcd068bf23d863f309ca888beeb12f670107ba4f7f8809c7cfac59d7b96e2e79
AEJ3ContinuousActualBulkForms	LeanCode/Internal/PhysicalAnalysis/AEJ3ContinuousActualBulkForms.lean	2781463b362820a339e3d520c25d7dbfeb5d608eebe3933b87fec7fcab2098c7
AEJ4OriginalPhysicalBulkForm	LeanCode/Internal/PhysicalAnalysis/AEJ4OriginalPhysicalBulkForm.lean	42418fd1fdd89a6eca0fd55d4807c2ba5cb64375420301f4433d315d2db0de5a
AEH4ActualHighBoundaryD	LeanCode/Internal/PhysicalAnalysis/AEH4ActualHighBoundaryD.lean	1fbd751e2eb458f11dc973c4ae772eb7db01966ca339149cfefa22a8c512e6dd
AEH5SesquilinearBoundaryForm	LeanCode/Internal/PhysicalAnalysis/AEH5SesquilinearBoundaryForm.lean	ecf6561c1b36af41e6629874fa37cb36b9deb068cf21f6322febfe612a9fbc68
AEH6OriginalPhysicalBoundaryConsumer	LeanCode/Internal/PhysicalAnalysis/AEH6OriginalPhysicalBoundaryConsumer.lean	b1f8356b2ffa07c30c6ea0bf0c1834493bcf783d90ce42d0600895b26741ea39
AEH7ExactBoundaryTermConsumer	LeanCode/Internal/PhysicalAnalysis/AEH7ExactBoundaryTermConsumer.lean	dbf0c9aff689e4ee0cf2d3ab7e773e033544e5f49998edc3cfe844efcab4c9ed
AEJ5ActualFullHighForm	LeanCode/Internal/PhysicalAnalysis/AEJ5ActualFullHighForm.lean	0797c9b859eccde308c3a90894a4946b12330c75e087771b94c13e4f9cdd2eb6
AEJ6OnePhysicalHighFormBall	LeanCode/Internal/PhysicalAnalysis/AEJ6OnePhysicalHighFormBall.lean	d1e2d8f2d57cfec1ef232364779e78657b8bab348bed27bd892d5690b67dbd45
AEL1ActualCurrentZeroForm	LeanCode/Internal/PhysicalAnalysis/AEL1ActualCurrentZeroForm.lean	f4b8068686f0c0fdffdce13dcc0706c4e32cb261767955a1d8f112f035b9d8cf
AEL2ActualComplexWeakCorrespondence	LeanCode/Internal/PhysicalAnalysis/AEL2ActualComplexWeakCorrespondence.lean	67fc71f795221bdcc69bb40b159784ea795030b4b228d7130292653e72999676
AEL3CoerciveDualConstruction	LeanCode/Internal/PhysicalAnalysis/AEL3CoerciveDualConstruction.lean	cfb74beb159f14c98cc63170020a998a2f7c2a8e41c6fddf8d5878d0eb45824e
ADY1OriginalLowWeights	LeanCode/Internal/PhysicalAnalysis/ADY1OriginalLowWeights.lean	9ec032103ff9d3483abb624a5b32e6377d32e98dace6c9302df6dcf32be9efee
ADY2LiteralLowHilbertGraph	LeanCode/Internal/PhysicalAnalysis/ADY2LiteralLowHilbertGraph.lean	c9caf9c08a9650412f3b35dd8d485b88cbe49fec25bedef75d230e12232e9f9c
ADY3ActualLowRadialRealization	LeanCode/Internal/PhysicalAnalysis/ADY3ActualLowRadialRealization.lean	145e84197c07f9aed15739f7d2f8f39afd4ab2cd8fc378a19ec10633022d1323
ADY4ActualLowFiniteSmoothDensity	LeanCode/Internal/PhysicalAnalysis/ADY4ActualLowFiniteSmoothDensity.lean	e6c6c77e49bb31430dabf6cae2d58bb8daf4e1b5b589b6e3b08a1b872d2bfba4
ADY5LowIncomingTraceBound	LeanCode/Internal/PhysicalAnalysis/ADY5LowIncomingTraceBound.lean	a37417046bd89ac63cf9423a7cf37e4e582a44ac287e27f5ce439d8f217e69e6
ADY6OriginalLowDataAndTrace	LeanCode/Internal/PhysicalAnalysis/ADY6OriginalLowDataAndTrace.lean	59a053d186bc9fe008e5fc3d05a36abec8809fc1136981926eb61c9d8b71d583
ADY7OriginalLowPhysicalCoordinates	LeanCode/Internal/PhysicalAnalysis/ADY7OriginalLowPhysicalCoordinates.lean	fcfaaf782e90434cf1a2e9ebb1a152806a666d74ba336c413dc56f69e07079fa
ADY8OriginalLowCarrierConsumer	LeanCode/Internal/PhysicalAnalysis/ADY8OriginalLowCarrierConsumer.lean	e12eb472ea84a5f832a0b466cc9eab9deeab530a9b40fc96dea07aa646196c7a
AEA1ExactLowFrequencyDerivative	LeanCode/Internal/PhysicalAnalysis/AEA1ExactLowFrequencyDerivative.lean	fb61183e02c59e53de2549b245afbc660b947267e762aaeeca019a6c80bb9721
AEA2OriginalCircularMatrix	LeanCode/Internal/PhysicalAnalysis/AEA2OriginalCircularMatrix.lean	efb0ab3d591b4290d9a3fc763b18fe519192aa24f3101c9846260f49167b26bb
AEA3OriginalDampingMargin	LeanCode/Internal/PhysicalAnalysis/AEA3OriginalDampingMargin.lean	6f8f4e91d4068a1592012ee297cf5f54d50d5386bb97c8d13714415ab4096610
AEA4FullReferenceDissipation	LeanCode/Internal/PhysicalAnalysis/AEA4FullReferenceDissipation.lean	affcafc31fcef34cd3205a9bd4558cf94bf026cb6d2b2e047a4faa515ff19f80
AEA5LiteralWeightedEnergyDerivative	LeanCode/Internal/PhysicalAnalysis/AEA5LiteralWeightedEnergyDerivative.lean	e7d7a60d412c410084b363f514f6c1a0d5e7d6e3c73361b3fe1f16c13475ec88
AEA6ActualFiniteReferenceEnergy	LeanCode/Internal/PhysicalAnalysis/AEA6ActualFiniteReferenceEnergy.lean	3f9ae17f2d006d8abc7a47219af02916addfbd9aec6d3f01542fd159f4db26d5
AEA7UniformNormalizedCoefficients	LeanCode/Internal/PhysicalAnalysis/AEA7UniformNormalizedCoefficients.lean	03bd6e834c067e0dcf1f8393adcf2cee83f4a18ceb8429ee5bb24468e27d864e
AEA9PhysicalBalancingDerivative	LeanCode/Internal/PhysicalAnalysis/AEA9PhysicalBalancingDerivative.lean	1feba75ed26d7fb6ce4fe626a4f0659039baa2271c62d2f303e229e37d6a7cb3
AEA8ActualNormalizedLowHilbertAction	LeanCode/Internal/PhysicalAnalysis/AEA8ActualNormalizedLowHilbertAction.lean	aea4ffb46fb428f00fc5f53178ae209d4ea2d707aaf9df2baac38b3ecb95d94e
AEA10ActualPhysicalRowConjugation	LeanCode/Internal/PhysicalAnalysis/AEA10ActualPhysicalRowConjugation.lean	37544c2df1abb0fd19cbcbcc3e9fbc2d27d0c115b0387f91f7731386a260968b
AEA11OriginalPhysicalEnergyConsumer	LeanCode/Internal/PhysicalAnalysis/AEA11OriginalPhysicalEnergyConsumer.lean	eba999d0143593de9ca53176bc38a54b2abcd715ed4797655562e1dc4056aa9b
AEC1ActualGlobalVolterraMap	LeanCode/Internal/PhysicalAnalysis/AEC1ActualGlobalVolterraMap.lean	f25539f75b740e241aae33872310d0256b00ab2552a70ff9109d8afd1e5ded96
AEC2GlobalFactorialIteration	LeanCode/Internal/PhysicalAnalysis/AEC2GlobalFactorialIteration.lean	e3b144469fe38a3b2f633f37c43d046dd96138699cca2ef6c25b7b2af9e5f1c7
AEC3GlobalLinearCauchyExistence	LeanCode/Internal/PhysicalAnalysis/AEC3GlobalLinearCauchyExistence.lean	0d0f272a601277a6395b41268ed41f266726e67f0e8e05e236c75de978ff398d
AEC4ActualReferenceCoefficientContinuity	LeanCode/Internal/PhysicalAnalysis/AEC4ActualReferenceCoefficientContinuity.lean	986fdd620344967b0e4b8bf0ca29cbb6bd8d0d49482bf8c545e773bf5a989248
AEC5ActualLowReferenceCauchySolution	LeanCode/Internal/PhysicalAnalysis/AEC5ActualLowReferenceCauchySolution.lean	d8306cece07c7bc337e872f28910feb90d751d5faa5d6349f161047f40c9e367
AEC6ActualEnergySlopeContinuity	LeanCode/Internal/PhysicalAnalysis/AEC6ActualEnergySlopeContinuity.lean	145636bdd71018a72b445cd73ad2f61ecbba5ee6ade9cceda3d7f6abcb4780ea
AEC7OriginalIntegratedReferenceEnergy	LeanCode/Internal/PhysicalAnalysis/AEC7OriginalIntegratedReferenceEnergy.lean	bf0b495655ab0624c1bdfcee093c30d527062d9eafbbd6e51a5e6cd9a85952d4
AEC8ConstructedReferenceEnergyConsumer	LeanCode/Internal/PhysicalAnalysis/AEC8ConstructedReferenceEnergyConsumer.lean	cfb7b3ceaf6b20b0b953d52accdc0be329e4a1d7964e7f6db425f561a0cf65d7
AEC9NormalizedDerivativeEnergyBound	LeanCode/Internal/PhysicalAnalysis/AEC9NormalizedDerivativeEnergyBound.lean	ad08b900379064874f6f4323e1673515121ac825ffb08aeff3a0d7a5aa50a11b
AEC10DerivativeDensityContinuity	LeanCode/Internal/PhysicalAnalysis/AEC10DerivativeDensityContinuity.lean	5597a06c05c7884dc61e022bb676ec67465edbdd8942aa4b0cd9723b3f96cc1a
AEC11LiteralLowGraphEstimate	LeanCode/Internal/PhysicalAnalysis/AEC11LiteralLowGraphEstimate.lean	c24a14b705224c17700e320e684cb410c549dd786e7abfe558c88a0ea174dc3c
AEC12ConstructedOriginalYEstimateConsumer	LeanCode/Internal/PhysicalAnalysis/AEC12ConstructedOriginalYEstimateConsumer.lean	11ac152a0d0446da66793b47384a8daf4ad5700095ffecb3eec10ed177dad250
AEE1ActualContinuousRadialRealization	LeanCode/Internal/PhysicalAnalysis/AEE1ActualContinuousRadialRealization.lean	0ef12fcee12d75ed831089949a202aa23e1c4fcfb5cd5bc006f9cbcea738fdb8
AEE2ActualScalarRadialCoordinates	LeanCode/Internal/PhysicalAnalysis/AEE2ActualScalarRadialCoordinates.lean	7e6a13897abc9c8e8c921cb5a61295a36da33b130cdc4e88a58e9ed4a46a96c4
AEE3OriginalLowRadialMultiplier	LeanCode/Internal/PhysicalAnalysis/AEE3OriginalLowRadialMultiplier.lean	112bfe6a4113cc20f709cca8d8a99b290c838f4736ca348a48befa89f09daf90
AEE4CompleteLowReferenceBulkAction	LeanCode/Internal/PhysicalAnalysis/AEE4CompleteLowReferenceBulkAction.lean	954af5789a9625dfac2c2b00ccb304dd40f39cfc64ea36cd14009e8928cc5b28
AEE5ActualLowReferenceDataOperator	LeanCode/Internal/PhysicalAnalysis/AEE5ActualLowReferenceDataOperator.lean	ad7b6dabbffbb43fe4791e422ef4e3061902483f7453148e2f633f5557415826
AEE6ActualSingleModeGraphCoordinates	LeanCode/Internal/PhysicalAnalysis/AEE6ActualSingleModeGraphCoordinates.lean	447b46f8d5b2c423020aa6f1af9d987b9a34fe20147b43c66f5cb768a3a00dca
AEE7OriginalSmoothGraphRealization	LeanCode/Internal/PhysicalAnalysis/AEE7OriginalSmoothGraphRealization.lean	3bdf427622b5e6bb7ef75b3a85094aed7a57aab5d855c74b004525ca4635736d
AEE8LiteralReferenceResidualIdentity	LeanCode/Internal/PhysicalAnalysis/AEE8LiteralReferenceResidualIdentity.lean	6df1dd4158eb87346b88b34f606d5dc1d06cb5570aaac5cd30d189f3c29bce3f
AEE9ActualSmoothReferenceResidual	LeanCode/Internal/PhysicalAnalysis/AEE9ActualSmoothReferenceResidual.lean	8efdc34d3f0cde453f80cba48e52d673f887ddc22ba69469fc1ab3b2645045aa
AEE10SmoothActualReferenceEquations	LeanCode/Internal/PhysicalAnalysis/AEE10SmoothActualReferenceEquations.lean	ca8f4ee4356a2aac6c4a7675ebf62c1ddcf24e3933be2e9187a38468f75c7248
AEE11LiteralSmoothModeSquares	LeanCode/Internal/PhysicalAnalysis/AEE11LiteralSmoothModeSquares.lean	581264c757cefe2f0cff1798d5c295ab2843bccebdf3b317c856c387eb37d968
AEE12ActualSmoothPairCoercivity	LeanCode/Internal/PhysicalAnalysis/AEE12ActualSmoothPairCoercivity.lean	b04e6e2a86e4700874cc4475b762191b9a4b62d452ec807ab913e888b74fe7ab
AEE13ExactStoredModeNorms	LeanCode/Internal/PhysicalAnalysis/AEE13ExactStoredModeNorms.lean	a5d7c7b0c3b5acd62ca18d606ac9cff075b753617f2a0113da392cf450de1f40
AEE14OriginalSummedSmoothNorms	LeanCode/Internal/PhysicalAnalysis/AEE14OriginalSummedSmoothNorms.lean	f1b25af85168e7b071e67a2bc31e146064880046ebe780c28966e9194e5bf555
AEE15UniformSmoothCoreCoercivity	LeanCode/Internal/PhysicalAnalysis/AEE15UniformSmoothCoreCoercivity.lean	22e5d6ca8c234893b10afc7d28138ccfe3ea8a351dc52c0dafc2e127c04d4891
AEE16CompleteOriginalLowCoercivity	LeanCode/Internal/PhysicalAnalysis/AEE16CompleteOriginalLowCoercivity.lean	404db70802348bdac8bbeeac844370d04a29dceb2af39e0af6988afd57fd2fed
AEE17OriginalLowReferenceClosedRange	LeanCode/Internal/PhysicalAnalysis/AEE17OriginalLowReferenceClosedRange.lean	3b76a93ab83d863026224abad40cd3522c0aba3d8b39bf70e25084ba6e041cec
AEE18ActualClassicalDerivativeCurve	LeanCode/Internal/PhysicalAnalysis/AEE18ActualClassicalDerivativeCurve.lean	fcf96f9c4cb42e6e5d880a2dba9ff2c2aba9ea2c7c25f22ad541de830985d342
AEE19ActualRadialL2Representatives	LeanCode/Internal/PhysicalAnalysis/AEE19ActualRadialL2Representatives.lean	8fa47a4e1068dc00e872cb5162f108dbe1a5ef416bf3895028769906e5775cac
AEE20ActualRadialReferenceSolutions	LeanCode/Internal/PhysicalAnalysis/AEE20ActualRadialReferenceSolutions.lean	d781ba78229a508630e8bc581e5a3b07ad06109b9fc55fb76dc8da4fdfc814f2
AEE21ActualPairedLowGraph	LeanCode/Internal/PhysicalAnalysis/AEE21ActualPairedLowGraph.lean	b798a6f9c2d5a3a450e50f9f0856977ba5451811e4fb701158c4d294c7fbd159
AEE22ActualModalResidual	LeanCode/Internal/PhysicalAnalysis/AEE22ActualModalResidual.lean	a0822903b49de02c61a9c0b5cdb4f54f3b928c597796bc5961e4fd03cf4f43a1
AEE23LiteralContinuousLowData	LeanCode/Internal/PhysicalAnalysis/AEE23LiteralContinuousLowData.lean	5ccd7986323991964fc0b8c44f50ddf3ca8f530225971ade827be24a3bd83962
AEE24ActualContinuousDataRange	LeanCode/Internal/PhysicalAnalysis/AEE24ActualContinuousDataRange.lean	9769b2386f96d27ab4908a538cd6c837cd183605c9545f23aa91f9b02a5241e3
AEE25OriginalSmoothDataDensity	LeanCode/Internal/PhysicalAnalysis/AEE25OriginalSmoothDataDensity.lean	a540a92ebe504adab3553e6b547017f67c21b1b9f20920a845121387304050d0
AEE26OriginalSingleDataRange	LeanCode/Internal/PhysicalAnalysis/AEE26OriginalSingleDataRange.lean	20e5c8c4bf058ab96ee52c71e64626691f8df54d810f7825d9483e7329583932
AEE27CompleteLowReferenceSurjectivity	LeanCode/Internal/PhysicalAnalysis/AEE27CompleteLowReferenceSurjectivity.lean	dd682bb0ebe812a826821fa556f5b881b3f7089dc51ff6beef733d9cf561cf09
AEE28UniformOriginalLowInverse	LeanCode/Internal/PhysicalAnalysis/AEE28UniformOriginalLowInverse.lean	515ea338434050283d6b10d7b84b3e12f0a9b794808294f81c1546ad6c77fb4a
AEE29ActualInverseRowsAndTrace	LeanCode/Internal/PhysicalAnalysis/AEE29ActualInverseRowsAndTrace.lean	621029e3b9893ca6b68fea7682596f713dfffab92a61f075493460449488df58
AEE30OriginalLowInverseConsumer	LeanCode/Internal/PhysicalAnalysis/AEE30OriginalLowInverseConsumer.lean	4665ae285a3db52405afbf5fcfd8eea612e0ee976569b05c96a01aebf6b73a15
AEI1ActualLowNormalizedSymbols	LeanCode/Internal/PhysicalAnalysis/AEI1ActualLowNormalizedSymbols.lean	a1d5c103c99acd1cf5df1a689fc93b1599b63d3a70b6955d13d834d4d96c18b7
AEI2OriginalLowComponentRestriction	LeanCode/Internal/PhysicalAnalysis/AEI2OriginalLowComponentRestriction.lean	136e6044d3cdb8eb8158599f276f21a7a2b51d0dfb5ad934b31594d3828d505b
AEI3LiteralLowBulkEmbedding	LeanCode/Internal/PhysicalAnalysis/AEI3LiteralLowBulkEmbedding.lean	bf862c7077174dada20ea6a5971bbb9d825e67ed8424f1aab1ed762c703d78e3
AEI4OriginalLowRadialInputMultipliers	LeanCode/Internal/PhysicalAnalysis/AEI4OriginalLowRadialInputMultipliers.lean	de3bb8dcdea0ff05f1e9fb19657104999c0a4dfbd94572215db51baf9b5aa30a
AEI5ActualLowSevenInputPacket	LeanCode/Internal/PhysicalAnalysis/AEI5ActualLowSevenInputPacket.lean	3a83a904f73f7acd893ac21de04d8ac684aa0707aa8fda71e711ddc748400b7e
AEI6ExactLowInputCoefficientLaws	LeanCode/Internal/PhysicalAnalysis/AEI6ExactLowInputCoefficientLaws.lean	0983bb69d195f55f6779f4de243b5f313665a25450f287199743368f4b56a750
AEI7ActualLowOutputRestriction	LeanCode/Internal/PhysicalAnalysis/AEI7ActualLowOutputRestriction.lean	d45576711185a505de3a3d42728d6a296d6a9cc4da6da9eb9066dd9acc7fe767
AEI8ActualNormalizedLowOutputMaps	LeanCode/Internal/PhysicalAnalysis/AEI8ActualNormalizedLowOutputMaps.lean	234f2a2d82f7ddce4e12ef1e8085d02a719d548197f49d0bdb4b7ab973095db7
AEI9LiteralLowSevenComponentIdentity	LeanCode/Internal/PhysicalAnalysis/AEI9LiteralLowSevenComponentIdentity.lean	7223013f1877bdb9e463a3df7b96fd20dbf5e1c211cda93c9f75c55a05a02851
AEI10OriginalPhysicalLowMultipliers	LeanCode/Internal/PhysicalAnalysis/AEI10OriginalPhysicalLowMultipliers.lean	7f3f613d26d0bb9abcfd098bd98f9f4edc014828fb71a724dc6c0b64ce643e43
AEI11LiteralPhysicalPacketFidelity	LeanCode/Internal/PhysicalAnalysis/AEI11LiteralPhysicalPacketFidelity.lean	891150333f6cd28c2aa7f2311a1354ba9c3304a9f3fceeecbba8d2dd7454c2f5
AEI12LiteralLowOutputCoefficientLaws	LeanCode/Internal/PhysicalAnalysis/AEI12LiteralLowOutputCoefficientLaws.lean	78c25d3f29307030f49449542945061b8f0ba1adca9d6e3aeb5cb5d0e9b6a3b4
AEI13OriginalLowStoredPhysicalFidelity	LeanCode/Internal/PhysicalAnalysis/AEI13OriginalLowStoredPhysicalFidelity.lean	4fca736a4ec60f0b0fae029829d5a802c0d0fd1fcfba33a217428bf23290fd87
AEI14ActualCurrentLowPhysicalRows	LeanCode/Internal/PhysicalAnalysis/AEI14ActualCurrentLowPhysicalRows.lean	e322c72c7b8e19148bdae22b725bfed0a564e54b05545748cb4fabfd7522131b
AEI15ActualCompletedLowRowErrors	LeanCode/Internal/PhysicalAnalysis/AEI15ActualCompletedLowRowErrors.lean	ad5a15dff34a4d8752bad016cbdd9bdda5d072e5b9d92925bcbb5360e08ecfeb
AEI16ActualNormalizedLowResponse	LeanCode/Internal/PhysicalAnalysis/AEI16ActualNormalizedLowResponse.lean	a0d203605bdb1aba4bd7c63eb6d58ecc591eea441279b0497c3781a92187baee
AEI17LiteralCircularCompletedAction	LeanCode/Internal/PhysicalAnalysis/AEI17LiteralCircularCompletedAction.lean	a7c119fcd311356fa7993fa9132a2cf2d1edec2d743f51047e8913e63443dfc5
AEI18ActualCircularLowRowAlgebra	LeanCode/Internal/PhysicalAnalysis/AEI18ActualCircularLowRowAlgebra.lean	3a98dc1de230ccfe56f6dccf86d5ccd52bd40696cacb53664720111b61aa0d3e
AEI19OriginalCommonBalancingDiagonal	LeanCode/Internal/PhysicalAnalysis/AEI19OriginalCommonBalancingDiagonal.lean	fddf8942b509f3018739c2eee3fb68d579a9d7a7332c56911f0bdc249075dcf1
AEI20CompletedCircularLowResponse	LeanCode/Internal/PhysicalAnalysis/AEI20CompletedCircularLowResponse.lean	0b87b5e5018fe956d2d587228d0a0fec9b09adba2c279352674b30be15d52a62
AEI21OriginalCurrentLowGenerator	LeanCode/Internal/PhysicalAnalysis/AEI21OriginalCurrentLowGenerator.lean	ed77959911f31ca10b1a580a25ef6db9d838b24b58926f78f056d540bcdc2da9
AEI22OriginalCurrentCauchyOperator	LeanCode/Internal/PhysicalAnalysis/AEI22OriginalCurrentCauchyOperator.lean	da4996597976917598c08258762c115f7919f448e1dfb57e438a9a0f7f3702f8
Grad.Foundations.NeumannInverse	LeanCode/AnalyticAlgebras/Grad/Foundations/NeumannInverse.lean	c2f8491f1be344867621c05c1a05e464667e18346c4b27b4733c8adc45af12cc
Grad.Foundations.PerturbationInverse	LeanCode/AnalyticAlgebras/Grad/Foundations/PerturbationInverse.lean	09c031957ae3246a2bba47b70cacfdc5a24a6e7f8d7299ed7b490550d399cf1a
AEI23OriginalUniformLowNeighborhood	LeanCode/Internal/PhysicalAnalysis/AEI23OriginalUniformLowNeighborhood.lean	f9df2a860a34e98f1bbac8d0a90afe7d80ab8a7c65c392147e4dce5e6ed3c173
AEI24ActualUniformCurrentLowInverse	LeanCode/Internal/PhysicalAnalysis/AEI24ActualUniformCurrentLowInverse.lean	1a534be4840b897b4688b54ad132e55ee7bdf2d0bbd004203f3c26c63e7da617
AEI25OriginalCurrentWeakRows	LeanCode/Internal/PhysicalAnalysis/AEI25OriginalCurrentWeakRows.lean	c59d60d8e0b785491036f6bd0e51337966d233de375e9c35a28dfabd648321f9
AEI26OriginalLowFullPhysicalPacket	LeanCode/Internal/PhysicalAnalysis/AEI26OriginalLowFullPhysicalPacket.lean	ab49d6da205c7cca1d3da1f48ace050c0ddd1d86516225645af4c0fc9f9727bf
AEI27ExactRhoPhysicalKernelAction	LeanCode/Internal/PhysicalAnalysis/AEI27ExactRhoPhysicalKernelAction.lean	f09b49d5d07e0896445ffadf33b09936c7266037f8d3058f2ae51af3e7f15a6c
AEI28LiteralPhysicalCurrentLowRows	LeanCode/Internal/PhysicalAnalysis/AEI28LiteralPhysicalCurrentLowRows.lean	5a16d468f0a1352b1312407f415c854df229f497cd07cf4755149cbf8ac0991b
AEI29OriginalPhysicalCurrentInverseConsumer	LeanCode/Internal/PhysicalAnalysis/AEI29OriginalPhysicalCurrentInverseConsumer.lean	045615a37b2013a3ecc4171ac44fc176dd3d025195b916311afa1a6f304295ce
AEL7OneOriginalHighLowBall	LeanCode/Internal/PhysicalAnalysis/AEL7OneOriginalHighLowBall.lean	42050a3222a39e5f61227e8bd59470d387f8ae5776808a4f8e2078371562b5d1
AEL4ActualCurrentCoercivity	LeanCode/Internal/PhysicalAnalysis/AEL4ActualCurrentCoercivity.lean	7c03ae5a760dc5b49c3f2fab7e5cad6c7d424e4918147c927f3b60513adb85c9
AEL5ActualHighDualInverse	LeanCode/Internal/PhysicalAnalysis/AEL5ActualHighDualInverse.lean	e8bb82bedc5b270f60fc39972f0dfae973c075eeaba19921e9a1ce75ec94f909
AEL6ActualLiftedHighSolution	LeanCode/Internal/PhysicalAnalysis/AEL6ActualLiftedHighSolution.lean	9d045120ef45bd0e46a80ef59e1074e80e0d9121fd17a1ab73c47ffd73a55c42
AEL8ActualComplexSolutionAndUniqueness	LeanCode/Internal/PhysicalAnalysis/AEL8ActualComplexSolutionAndUniqueness.lean	582dd638ea9212d9128a6ec2619e3376537bfef155fe10783102792004119ac2
AEL9SamePhysicalDiagonalConsumer	LeanCode/Internal/PhysicalAnalysis/AEL9SamePhysicalDiagonalConsumer.lean	5de9964d3c9886e9026903f971aa7c98f2bd8b25039537f4721d0cb64dee74aa
AEK1ActualInhomogeneousPacket	LeanCode/Internal/PhysicalAnalysis/AEK1ActualInhomogeneousPacket.lean	89be2a5661da73f66991597b2636cbc32bd3739798eb761238113e8ccb848f86
AEK2LiteralSourceCoordinates	LeanCode/Internal/PhysicalAnalysis/AEK2LiteralSourceCoordinates.lean	1232684f34ef015a9da7ea5b99eceb70e9985c329bdfdc64b9a363cbef2103ab
AEK3ActualSourceGraphBulk	LeanCode/Internal/PhysicalAnalysis/AEK3ActualSourceGraphBulk.lean	98d116bfb9c08e89eae00820927e40fc34a0e5acca19ea0219bd30b1ed9c4130
AEK4DirectKnownBulk	LeanCode/Internal/PhysicalAnalysis/AEK4DirectKnownBulk.lean	b5f29365495dd5ecb9be421a0aaa8e290c5dfda78074abaa99c06816cebf96ab
AEK5ActualKnownFunctional	LeanCode/Internal/PhysicalAnalysis/AEK5ActualKnownFunctional.lean	84f017d6db113021fec61fc690608f33e443a8702713465a08d9af8f4ed37253
AIE1ActualHighEnergySourceSolution	LeanCode/Internal/PhysicalAnalysis/AIE1ActualHighEnergySourceSolution.lean	c25bfb011e06759e401877c7882400ff180ac2ee3030ee269856098aad232f65
AIE2ExactFullOutputVariationalLaw	LeanCode/Internal/PhysicalAnalysis/AIE2ExactFullOutputVariationalLaw.lean	8493e4026479ae9476b0d73e9bcfc884ec28b4be1ddcd7ae47fd99ef35032202
AIE3PhysicalIncomingNormalization	LeanCode/Internal/PhysicalAnalysis/AIE3PhysicalIncomingNormalization.lean	2eb413cc2eee7b33b520a930df3dc289a661aee2a3a7b475e30c20934b191249
AEK6CompleteSourceCompatibility	LeanCode/Internal/PhysicalAnalysis/AEK6CompleteSourceCompatibility.lean	c522c445f2425c4450d7c7e2b1449b26efb9f05f3bc53f7f62a10aa5061861d6
AEK7UniformKnownFunctionalBound	LeanCode/Internal/PhysicalAnalysis/AEK7UniformKnownFunctionalBound.lean	5c18be9582e3479a867d428841ddd9242c2d6ad496bda2ac7e018e1bc50ddbbe
AEK8CompleteKnownDataFunctional	LeanCode/Internal/PhysicalAnalysis/AEK8CompleteKnownDataFunctional.lean	3275966ce9b33354364beaff73a631289836e94739748109eb679f093ab2652a
AEK9UniformSourceOuterTrace	LeanCode/Internal/PhysicalAnalysis/AEK9UniformSourceOuterTrace.lean	8fdd30b9364ae70a5c62524fec765505b295326c62c9688630fbda807747335c
AEK10UniformGraphOuterTuple	LeanCode/Internal/PhysicalAnalysis/AEK10UniformGraphOuterTuple.lean	e2d3c0d56f303eae5a2d4b59bf33a8cdedaa0206106e6b8285432ffa6a920956
AEK11GraphNativeBoundaryVector	LeanCode/Internal/PhysicalAnalysis/AEK11GraphNativeBoundaryVector.lean	6c162175dfb1e340dcd62f56f99026448d3fc93f2c5d82c69ddb6a867a4e2484
AEK12GraphNativeKnownFunctional	LeanCode/Internal/PhysicalAnalysis/AEK12GraphNativeKnownFunctional.lean	73490f90c55552fcf0e3c99c550c1d3972f4948700005aa643f1cdc6f7dc8e4b
AIE4ActualGraphSourceEnergySolution	LeanCode/Internal/PhysicalAnalysis/AIE4ActualGraphSourceEnergySolution.lean	8507803084d19fab6aad5573c527b1c387b69b7e6d45b64bf38351963666c7be
AEK13UniformGraphKnownBound	LeanCode/Internal/PhysicalAnalysis/AEK13UniformGraphKnownBound.lean	02096411aa852108349979b8676e73641d485999e173422c39e9b5f84f5d43ca
AEK14GraphKnownDataConsumer	LeanCode/Internal/PhysicalAnalysis/AEK14GraphKnownDataConsumer.lean	5d631d3b2fe322a33733aa56bc64af36865094db52501f7e3c9c643b1af5cbd0
AIE5CompleteGraphEnergyConsumer	LeanCode/Internal/PhysicalAnalysis/AIE5CompleteGraphEnergyConsumer.lean	1f1be4b08deddd8fcae969a4030b8e67381eab8fbcd1fd30bb8f72253da89bed
AIE6FullPhysicalOutputBound	LeanCode/Internal/PhysicalAnalysis/AIE6FullPhysicalOutputBound.lean	1d06dfd1799027810b4673402c687444e8389bf69f9316f4c427e3e80043a32d
AIQ1SameActualSolutionDomega	LeanCode/Internal/PhysicalAnalysis/AIQ1SameActualSolutionDomega.lean	eb9d5013b3f52aeb9914d8cd1e28f9060271e4a21b6b6ea0e4b48a92f2ec8fc7
AIQ2ActualPhysicalCandidateUniqueness	LeanCode/Internal/PhysicalAnalysis/AIQ2ActualPhysicalCandidateUniqueness.lean	237da8200fd1927fda12ba594a864af99626cae6abaa6416c0daf926d400e885
AIQ3OriginalWeakRowConverse	LeanCode/Internal/PhysicalAnalysis/AIQ3OriginalWeakRowConverse.lean	9ae546f73f5e9ed70ad6513cfe15701e6fad5065afc9921f9e636cf104e88412
AIQ4DirectGraphPhysicalBoundary	LeanCode/Internal/PhysicalAnalysis/AIQ4DirectGraphPhysicalBoundary.lean	ff059dfb9a66cbe367f7d2115e0ed629710801666199bbd2cc1760a906cbd4a6
AIQ5SameGraphPhysicalBoundaryConsumer	LeanCode/Internal/PhysicalAnalysis/AIQ5SameGraphPhysicalBoundaryConsumer.lean	49d731a4b42010bdc1ed6fa52e010e4d57473fa6e22e354b816245c8a29e2c40
AIQ6CompletedFirstRowElimination	LeanCode/Internal/PhysicalAnalysis/AIQ6CompletedFirstRowElimination.lean	94ad09fc2faa494e1d1866ae03547d9b3a467c097df7e45b8445bfd4e360eb8f
AIQ7LiteralCompletedXCoordinate	LeanCode/Internal/PhysicalAnalysis/AIQ7LiteralCompletedXCoordinate.lean	8e132b00c7f29bb081b9cc71b461604938f04e9e88e564fbee2e5b9c54409ac1
AIQ8RegularCompletedAddition	LeanCode/Internal/PhysicalAnalysis/AIQ8RegularCompletedAddition.lean	9727558ebf309aec6984872f8a88e6606d048676e1151e8c3de452718ddd9370
AIQ9CompletedPhysicalFluxAssembly	LeanCode/Internal/PhysicalAnalysis/AIQ9CompletedPhysicalFluxAssembly.lean	de480d3744fab7f90f3ec65e0f8d191b8a94de3858284ebd94a904b38acfe298
AIQ10IndependentPhysicalWeakUniqueness	LeanCode/Internal/PhysicalAnalysis/AIQ10IndependentPhysicalWeakUniqueness.lean	1a0d683b530fbfb0cd84a52f89ffee7a8aa100cfc74b7f289197105d93110072
AEM1ExactLowHalfCollarEnergy	LeanCode/Internal/PhysicalAnalysis/AEM1ExactLowHalfCollarEnergy.lean	2a924fd78d9808270c07492f0077dd48fce7ef7364b5fcc2154c6a9a8cdf49a6
AEM2ActualCanonicalEndpointContinuity	LeanCode/Internal/PhysicalAnalysis/AEM2ActualCanonicalEndpointContinuity.lean	98e0e5789e841f475b73b67747d76c480bbdb263c5da04ad403f38695f967fe9
AEM3UniformOriginalLowOuterEstimate	LeanCode/Internal/PhysicalAnalysis/AEM3UniformOriginalLowOuterEstimate.lean	8f63f49c3b0c11dd443f6f0eddff82af4b02a78a79de483128b52d7dee59a603
AEM4CompleteUniformLowOuterTrace	LeanCode/Internal/PhysicalAnalysis/AEM4CompleteUniformLowOuterTrace.lean	44f97661137ba11c7f045921ddf39eb4fc3224f9cac850a682976516274bc2af
AEM5ActualOuterFrequencyComparison	LeanCode/Internal/PhysicalAnalysis/AEM5ActualOuterFrequencyComparison.lean	e15f141270ce2e8f078e3b3a48457023fda2a7749bb38cd558001babb6780d59
AEM6LiteralLowOuterHalfWeights	LeanCode/Internal/PhysicalAnalysis/AEM6LiteralLowOuterHalfWeights.lean	a1329ca2383c99f2e72321f31f53f945513f9122ea97ec14a4c446a0d0ec3ec7
AEM7LiteralLowBoundaryCoordinates	LeanCode/Internal/PhysicalAnalysis/AEM7LiteralLowBoundaryCoordinates.lean	687ba1e4536e2fe030cdcabea81451057700be42af404aa81ff5d19dfdaedc48
AEM8ActualLowOuterTraceMaps	LeanCode/Internal/PhysicalAnalysis/AEM8ActualLowOuterTraceMaps.lean	fd8002aab0326f7099f14203ce1c8cdae94e31acb23bb7c970d474d50787a3b2
AEM9LiteralPhysicalOuterTrace	LeanCode/Internal/PhysicalAnalysis/AEM9LiteralPhysicalOuterTrace.lean	abf0d0c61c3cd742e9657cf7b952af0cde3801ea1eb00a786346f4b6ebeee7ef
AEM10ActualLowSevenBoundaryInput	LeanCode/Internal/PhysicalAnalysis/AEM10ActualLowSevenBoundaryInput.lean	c23ed6ba16dc878a92012f12e44f26bd6798cae9cd25f6427196899e0ea0a7df
AEM11GenuineLowPhysicalBoundaryCross	LeanCode/Internal/PhysicalAnalysis/AEM11GenuineLowPhysicalBoundaryCross.lean	6e3f8569321c3e1558201ff7d992e25228e847d4b3c38d1c5555de99cf3cb03b
AEM12UniformOriginalBoundaryCross	LeanCode/Internal/PhysicalAnalysis/AEM12UniformOriginalBoundaryCross.lean	4f8d02e8eb7da347e03f7f852a6fb687fa2eeda7939a75c334bbbabf8c6b23a9
AEM13ExactHighOutputRestriction	LeanCode/Internal/PhysicalAnalysis/AEM13ExactHighOutputRestriction.lean	cc52741e59776f4e4229fc939de01d7e408a3994482de2a0f9074c3323242684
AEM14CircularCrossSupport	LeanCode/Internal/PhysicalAnalysis/AEM14CircularCrossSupport.lean	d2b636d7d2188ab573b92c2aa6073938a4dce8cca69c129efd5eda3de4ee13a6
AEM15ActualLowToHighBulkCross	LeanCode/Internal/PhysicalAnalysis/AEM15ActualLowToHighBulkCross.lean	067b85e848ff3155104fa1a900adbbc8082842215005e0b763ed80ffa30faa3e
AEM16LiteralHighCrossDomain	LeanCode/Internal/PhysicalAnalysis/AEM16LiteralHighCrossDomain.lean	f9aa1a6caccd983aaf193dddd225cb9f8ec7442d5dc144ba4bfcc042f03fff16
AEM17ExactHighToLowSupportCancellation	LeanCode/Internal/PhysicalAnalysis/AEM17ExactHighToLowSupportCancellation.lean	9e00b1dcbe7937c993569407caaa50b3158983e79b76746073e74f2c8b6825ed
AEM18UniformOriginalHighToLowCross	LeanCode/Internal/PhysicalAnalysis/AEM18UniformOriginalHighToLowCross.lean	8a4af55bc16cad7014430e1156be2e5b987ab3cb97d2c23c60605e527ce277cc
AEM19ExactHighLowPhysicalStorage	LeanCode/Internal/PhysicalAnalysis/AEM19ExactHighLowPhysicalStorage.lean	3ca33bdc977002fdcfbf304918f7e7136574024fde46724985e596cd5e5d78c8
AEM20LiteralFreeHighPhysicalPacket	LeanCode/Internal/PhysicalAnalysis/AEM20LiteralFreeHighPhysicalPacket.lean	1dc356704fb0da9070fe0ccdff9a96314deb5a6ec5c5ab968c928366c90fae4c
AEM21CompletedPhysicalHighCrossRows	LeanCode/Internal/PhysicalAnalysis/AEM21CompletedPhysicalHighCrossRows.lean	20a4a590e09c662bde6439d100a15577a7e7195e130e20b641de185936fa01a6
AEM22LiteralHighToLowSourceRows	LeanCode/Internal/PhysicalAnalysis/AEM22LiteralHighToLowSourceRows.lean	78c67bf86fb42f3c694b68dafc4facc8df40674464d066a3f4e1331b168418e3
AEM23CompleteCrossDataMaps	LeanCode/Internal/PhysicalAnalysis/AEM23CompleteCrossDataMaps.lean	da0bb5fd980cb3a49810ace8a5609e6d7fedde474497cd30ad6347dbaa140332
AEK15BaseB8KnownFunctional	LeanCode/Internal/PhysicalAnalysis/AEK15BaseB8KnownFunctional.lean	3b5a15b4f775a69d519e4c9f2acce55910203fa3ea1e5d7fc0b21743916b471d
AEK16ExactBaseBF13Consumer	LeanCode/Internal/PhysicalAnalysis/AEK16ExactBaseBF13Consumer.lean	4afd897a2e023ecbeef6c221b702c478355426b2f39790c1d45d61ca43883d22
AEM24ExactGraphNativeCrossEmbedding	LeanCode/Internal/PhysicalAnalysis/AEM24ExactGraphNativeCrossEmbedding.lean	da12e07d29d2a54f31d021600cf90a12f4f6cec2d2cf3f7cc6f0ee789e6b4910
AIQ11ExactCrossSourceAlgebra	LeanCode/Internal/PhysicalAnalysis/AIQ11ExactCrossSourceAlgebra.lean	1ebb6303d1732129014ad4beb9167c9a665c6a4b791fc8b8823eb7367bae5fca
AIQ12ActualComplexLinearHighResponse	LeanCode/Internal/PhysicalAnalysis/AIQ12ActualComplexLinearHighResponse.lean	75e61ffdc2c2d3d535757271ccf2929b1d50b5f46a5a036444636e50d970113c
AIQ13UniformCrossEnergyBound	LeanCode/Internal/PhysicalAnalysis/AIQ13UniformCrossEnergyBound.lean	3811bf11baa91eabf1bc85045cc532719898493417ccd5d59c5fe7f7e0290934
AIQ14CompleteHighCrossResponse	LeanCode/Internal/PhysicalAnalysis/AIQ14CompleteHighCrossResponse.lean	abc11116ab56b711fb20ad973f469eca83306dbfb65c403f05c5ad99131a6c42
AIQ15UniformPhysicalHighInverseConsumer	LeanCode/Internal/PhysicalAnalysis/AIQ15UniformPhysicalHighInverseConsumer.lean	86ade90b60410aa163449ba57b61b96ea7334c8278e0535007a7e747a5b53bf3
AIR1UniformActualSourceRows	LeanCode/Internal/PhysicalAnalysis/AIR1UniformActualSourceRows.lean	c1413df3ead3a87d6b29882d1d7e89e872d648873a7675a94fe1e8d842098105
AIR2OriginalKnownSourcePacket	LeanCode/Internal/PhysicalAnalysis/AIR2OriginalKnownSourcePacket.lean	255219e50c1c0508c3a853284c66f767b52f184e733b475eeb6beec8ae68c318
AIR3ActualKnownLowForcing	LeanCode/Internal/PhysicalAnalysis/AIR3ActualKnownLowForcing.lean	f4a55e0bb62b4184b91293fc75a87f2b34319e29b97b3488279b24d515316bec
AIR4CompleteKnownLowDataMap	LeanCode/Internal/PhysicalAnalysis/AIR4CompleteKnownLowDataMap.lean	35363d829130d86c43533f703dc2a9466bcecbf6f9a94f483a78e6c515f180e6
AIR5ActualKnownLowDiagonalResponse	LeanCode/Internal/PhysicalAnalysis/AIR5ActualKnownLowDiagonalResponse.lean	64562f45df0d084d172ea198ef50a0d90f2a82f0143468b5f4b8b07ac298d39a
AIR6LiteralKnownPhysicalRows	LeanCode/Internal/PhysicalAnalysis/AIR6LiteralKnownPhysicalRows.lean	2924012d35920f93c1b3fcb8f9ccb0149753bee4c41b267b7c4ec090092fb739
AIR7ExactKnownLowPhysicalForcing	LeanCode/Internal/PhysicalAnalysis/AIR7ExactKnownLowPhysicalForcing.lean	93ca6e3e37bf221edc389dcb9e8ca3b261b84a7e77c4e5fd4cebf52a7b253d8d
AIR8ExactKnownLowResponseConsumer	LeanCode/Internal/PhysicalAnalysis/AIR8ExactKnownLowResponseConsumer.lean	2e2f2e53369b26711329d789637374c7c84f15c5a32da9430e6f1c7da48f1433
AIU1FullKnownHighResponse	LeanCode/Internal/PhysicalAnalysis/AIU1FullKnownHighResponse.lean	d5a1120bd7ff232c043cfa89a9041f730a1c317d93d32f45ebe638ce708d90cd
AIU2ExactCrossDataAddition	LeanCode/Internal/PhysicalAnalysis/AIU2ExactCrossDataAddition.lean	57c69f2dc760ba3d0f5019ab5a948ef946dd24dfd60b2260e393e2cb5c8dff5e
AIU3SamePhysicalHighSuperposition	LeanCode/Internal/PhysicalAnalysis/AIU3SamePhysicalHighSuperposition.lean	0219b9e32a9759937f2952be53e432cf69c8b974c5b14b9120f8d812fb8b1c1e
AIU4ActualHighSourceEquation	LeanCode/Internal/PhysicalAnalysis/AIU4ActualHighSourceEquation.lean	635c348d4880158d6d20e46bd4ec266e8f0768f32ea2aa1fecf9802010d36ebe
AEM99OriginalCrossMapConsumer	LeanCode/Internal/PhysicalAnalysis/AEM99OriginalCrossMapConsumer.lean	32514347d2312cbf2c8de91dc89bdd10cc5466679ea16c58a162321dbd873142
AIT1OriginalCompleteCoupledSpace	LeanCode/Internal/PhysicalAnalysis/AIT1OriginalCompleteCoupledSpace.lean	ac9029b149924fb127859a0ade7a980df92dae1e660640e8efa24ab6d8f2e4fc
AIT2ActualLowOffDiagonalResponse	LeanCode/Internal/PhysicalAnalysis/AIT2ActualLowOffDiagonalResponse.lean	cab7b73bd5cb9bd4bb97d58329e12f0411d53058c46857d8cdc636606fab501e
AIT3HilbertOffDiagonalNorm	LeanCode/Internal/PhysicalAnalysis/AIT3HilbertOffDiagonalNorm.lean	185cde2b013ac8ba2bf989f6f840add054d50218efea6bc0d0ca467d9dff9902
AIT4CompleteNeumannFixedPoint	LeanCode/Internal/PhysicalAnalysis/AIT4CompleteNeumannFixedPoint.lean	9fe99e34dda15fa5fd8e11ddb3dfcc2d1f6dd147150a8f15534728a894e65eb3
AIT5OriginalLowCrossWeakEquation	LeanCode/Internal/PhysicalAnalysis/AIT5OriginalLowCrossWeakEquation.lean	610c8f6cccc149c66a5584038120b24f1dee0fcdf07392a762a3085196c1188c
AIT6ActualCoupledLowCorrespondence	LeanCode/Internal/PhysicalAnalysis/AIT6ActualCoupledLowCorrespondence.lean	71b384dd121dc466324040e3a640437f4beb688dc2f641b340e39fbd80c14047
AIT7ActualPhysicalOffDiagonalOperator	LeanCode/Internal/PhysicalAnalysis/AIT7ActualPhysicalOffDiagonalOperator.lean	6f38dbbff66623dcb971c8c94697e8df4320c8a5affed5f86e9925f6b9ef6d10
AIT8UniformActualCoupledError	LeanCode/Internal/PhysicalAnalysis/AIT8UniformActualCoupledError.lean	c47c6aeb703e4460ef621461949dc1d2a691c208feaed139d89f3c124103cba5
AIT9OneOriginalCoupledNeighborhood	LeanCode/Internal/PhysicalAnalysis/AIT9OneOriginalCoupledNeighborhood.lean	932dea293f31bf8eb671272360bb1ade6e347a92d53112916cca7a81408a2191
AIT10ActualCoupledNeumannInverse	LeanCode/Internal/PhysicalAnalysis/AIT10ActualCoupledNeumannInverse.lean	b207b57f1ae435ace7f29907185f9d25f15c54566ae3eb50e15ff1a6597cab38
AIT11ActualCoupledResidualCorrespondence	LeanCode/Internal/PhysicalAnalysis/AIT11ActualCoupledResidualCorrespondence.lean	3ddb439d30bfe2e4efb7035807ced9cfaa6478a3d8c0b549d7d98eae33c2269d
AIT12OriginalHighCrossWeakEquation	LeanCode/Internal/PhysicalAnalysis/AIT12OriginalHighCrossWeakEquation.lean	8fef19581cd16a8673b7679b524888f35aa0e4d646efc73265e46c051e74d61c
AIT13SameOriginalPrimitiveState	LeanCode/Internal/PhysicalAnalysis/AIT13SameOriginalPrimitiveState.lean	ce28116c2ad63f6d1bcb97df1ef06c537a0a4c83d7000a5313cc8ea1ebecb9c0
AIT99OriginalCoupledInverseConsumer	LeanCode/Internal/PhysicalAnalysis/AIT99OriginalCoupledInverseConsumer.lean	fd394dd0aa91e24ce0897580e7e5f0e3ea3bda2d079431748ca8b5fa5db7b87d
AIU5ActualCoupledKnownSourceResponse	LeanCode/Internal/PhysicalAnalysis/AIU5ActualCoupledKnownSourceResponse.lean	6ee9422116e9f826b140e9c2a57131a4720aa20f493863c373052d2f03e454d1
AIU6GenuineCoupledIncoming	LeanCode/Internal/PhysicalAnalysis/AIU6GenuineCoupledIncoming.lean	9fbce2f756ee59f6a80a474b5b9dd06d78248ee67a00428138c38cc87f01d87d
AIU7SameCoupledHighPacket	LeanCode/Internal/PhysicalAnalysis/AIU7SameCoupledHighPacket.lean	b6e5d5af4124bf321de5022c7d5a7b6e4ea98db04e01756ddd60499736fe0d01
AIU8ActualCoupledPhysicalBoundary	LeanCode/Internal/PhysicalAnalysis/AIU8ActualCoupledPhysicalBoundary.lean	4dadbdc9d0b2c0e612ab0d060e06e80358f1c3902c1e749bb85cca1f2ac9a426
AIU9OriginalCoupledWeakRows	LeanCode/Internal/PhysicalAnalysis/AIU9OriginalCoupledWeakRows.lean	a3b0f99f1e2b830b9dc8b8e419be96b214f48416ec19662ac183b2b544e5f7c9
AIS1HighKnownHilbertAmbient	LeanCode/Internal/PhysicalAnalysis/AIS1HighKnownHilbertAmbient.lean	55f722bbbb0b9e0df2e108566a28a0d3d059d2acd97e980f332bbc5b540faaff
AIS2ClosedWeightedGraphCompatibility	LeanCode/Internal/PhysicalAnalysis/AIS2ClosedWeightedGraphCompatibility.lean	248ca9e032d27a84641d38dc2fd155d1f880fc10b066b5fb4eebb3876a9e64aa
AIS3OriginalHighDataCarrier	LeanCode/Internal/PhysicalAnalysis/AIS3OriginalHighDataCarrier.lean	395013db62a2c4fb6b08e93b611dc75abcc03d4022e331a876ad97a0beead418
AIS4LiteralHighDataNorm	LeanCode/Internal/PhysicalAnalysis/AIS4LiteralHighDataNorm.lean	538dce00d61810626992896fe455c0159499b35f1e0bf24d569917b09eaed58b
AIS5SingleHilbertNormBF13	LeanCode/Internal/PhysicalAnalysis/AIS5SingleHilbertNormBF13.lean	7b8705221de96ab87489e7cab13c880062cef49fed67306cbe45cd5498979654
AIU10FullHighSingleDataNorm	LeanCode/Internal/PhysicalAnalysis/AIU10FullHighSingleDataNorm.lean	0e10cb66adb87f83685cf7409420c9c2a0ddc98359e78a17f357b3c135b76ccd
AIU11CompleteIndependentCoupledData	LeanCode/Internal/PhysicalAnalysis/AIU11CompleteIndependentCoupledData.lean	483a8056a5aabeb8b492742656fd3de7b62e7afbc6a9c0efd29fc8b3bb04ffc5
AIY1FullStrongDataAmbient	LeanCode/Internal/PhysicalAnalysis/AIY1FullStrongDataAmbient.lean	5644f7a1cce45a9e5263ea1609dfd930412f6ad9ef9856ee7990295453098d9b
AIY2ClosedSharedStrongCarrier	LeanCode/Internal/PhysicalAnalysis/AIY2ClosedSharedStrongCarrier.lean	01a8a4907d14dbad9701528a75539fced263eb0b88ab67de3c3ff83966eca1ea
AIY3ExactHighDataRestriction	LeanCode/Internal/PhysicalAnalysis/AIY3ExactHighDataRestriction.lean	7c64d90477c1de3ee5950afbec7c1067730f44ff2cd0194ca3c393e026910b9b
AIY4SharedDataSingleNorm	LeanCode/Internal/PhysicalAnalysis/AIY4SharedDataSingleNorm.lean	d3ce6dce859815ed68720988da9bee5136612c465e16f845190213a578a0fde1
AJC1SameSharedCoupledData	LeanCode/Internal/PhysicalAnalysis/AJC1SameSharedCoupledData.lean	08f0fbf3d5e7f424b72b6ff17a759429ea208560a3c29ad29808481d6118f54a
AIU12UniformCoupledFullDataBound	LeanCode/Internal/PhysicalAnalysis/AIU12UniformCoupledFullDataBound.lean	771fb68780aad313cbbc6c86bb0249d26684909350de2f924ec0c90e0f16fa24
AIU13CompleteSourcedCoupledConsumer	LeanCode/Internal/PhysicalAnalysis/AIU13CompleteSourcedCoupledConsumer.lean	d2e7d6fd1ccc19155ab6b099067d40b227503007e73317eec10cedeb3e30b45f
AJC2SharedStrongCoupledInverse	LeanCode/Internal/PhysicalAnalysis/AJC2SharedStrongCoupledInverse.lean	a25dab31fd2f56d1e8a63e1f4ca9475ed4f35374178ccb84bc04fb972674a92a
AJC3OnceOnlyPhysicalInput	LeanCode/Internal/PhysicalAnalysis/AJC3OnceOnlyPhysicalInput.lean	eb804c2602dbb48d8403cfc0b796898b6a6ad4b9ec7a11e35d55d083fa5647e0
AJC4SameFullLowPhysicalRow	LeanCode/Internal/PhysicalAnalysis/AJC4SameFullLowPhysicalRow.lean	9ba4363504204ef60437633bec327ccd496a43801226ae14d56c821d1884efe3
AJC5ExactKnownSevenSelection	LeanCode/Internal/PhysicalAnalysis/AJC5ExactKnownSevenSelection.lean	9d5e1e1f02c743368714bab0cbd2cc5001df49196525b34515adcc1ca0016aba
AJC6SharedHighSevenAssembly	LeanCode/Internal/PhysicalAnalysis/AJC6SharedHighSevenAssembly.lean	1af4f81e757dccbfb45b7216f2a5688a530cef530ace9958e18df54ca45fcdd7
AIU14IndependentPhysicalSourceEquation	LeanCode/Internal/PhysicalAnalysis/AIU14IndependentPhysicalSourceEquation.lean	0bdd398f423aa8893481b01016fb8d109946192a0e73320e1aaaac99f5c04020
AIU15IndependentLowPhysicalEquation	LeanCode/Internal/PhysicalAnalysis/AIU15IndependentLowPhysicalEquation.lean	b0a13f1553e7c937feb24d12ab7f1f252563874be6d88d83ba9d1db4dc3d3198
AIU16OriginalPhysicalCoupledUniqueness	LeanCode/Internal/PhysicalAnalysis/AIU16OriginalPhysicalCoupledUniqueness.lean	a7233acb237bdf417d12c9c8e16828f0bd8ce69251109fae8be5342c07e28b71
AIU17SamePhysicalFirstRow	LeanCode/Internal/PhysicalAnalysis/AIU17SamePhysicalFirstRow.lean	096496f1fcdf9c63f237a5460583848c1ed373107838d119132798edbfed4e45
AJC7SameActualHighFluxAssembly	LeanCode/Internal/PhysicalAnalysis/AJC7SameActualHighFluxAssembly.lean	7397aaa1df8079e650a8c5becbb9c798600b7d0ba585b0f4f5f48aafbf31b274
AJC8SamePhysicalRowProjections	LeanCode/Internal/PhysicalAnalysis/AJC8SamePhysicalRowProjections.lean	574d18828af482190e1178e63479bbb12ef0a8aa5d35fd1183a039f7338485d9
AJC9ExactSharedCrossSources	LeanCode/Internal/PhysicalAnalysis/AJC9ExactSharedCrossSources.lean	fffb8d6647b85a7bbd9be1adbd3be5bfc8ee60e046606cb58bc27d1e759dd1d6
AJC10CompletedHighPacketAssembly	LeanCode/Internal/PhysicalAnalysis/AJC10CompletedHighPacketAssembly.lean	228082399c619d82a7f61f3a1f5a04490f0b8b4cb4df123c02eeb4ef491cedf1
AJC11SameFullPhysicalPacket	LeanCode/Internal/PhysicalAnalysis/AJC11SameFullPhysicalPacket.lean	55cd61b83f02f629e91cca0acb97d59971a906f42512525133c9368297421ea0
AJC13FullPhysicalBoundary	LeanCode/Internal/PhysicalAnalysis/AJC13FullPhysicalBoundary.lean	dd1f796822ca2bd674a10374b640b470e77ab10e08e65a020951dcc87248e959
AJC12CompletedPhysicalFirstRow	LeanCode/Internal/PhysicalAnalysis/AJC12CompletedPhysicalFirstRow.lean	229b956b67e6191eb8dd2fa16eba05481389f5c171a635f40772244adc03370b
AJC14LiteralEightInputProjections	LeanCode/Internal/PhysicalAnalysis/AJC14LiteralEightInputProjections.lean	dd63da4befa001676b5cb762220c417bff92cdffa63f84e370bd7cfd7bea46dc
AJC15SameFullHighFirstRow	LeanCode/Internal/PhysicalAnalysis/AJC15SameFullHighFirstRow.lean	03b190fc3fd41d77866e73ecc89a410f74efe865d22f96a9dffc948c3444a2c1
AJC16SharedPhysicalWeakGraph	LeanCode/Internal/PhysicalAnalysis/AJC16SharedPhysicalWeakGraph.lean	1e65e48f30fc9597764da6215f4bec36747c11f9b878eae375207c19e69c6dc8
ADX1ExactOmegaDiagonals	LeanCode/Internal/PhysicalAnalysis/ADX1ExactOmegaDiagonals.lean	1458366f879f51b36c391e56bd2202af04f55699e48da483599214690f41eb6e
ADX2LiteralOmegaGrades	LeanCode/Internal/PhysicalAnalysis/ADX2LiteralOmegaGrades.lean	50d812fffb81a4c842e5fe497619f93a842386181eb0419131d7bcb42f7df8ed
ADX3CompatibleOmegaGrades	LeanCode/Internal/PhysicalAnalysis/ADX3CompatibleOmegaGrades.lean	4ac27bf3209f5cd052b7dc698d0edfdf946d065d5d7114a5a93ef31fd2b851b1
AIV1OriginalHilbertNuGraph	LeanCode/Internal/PhysicalAnalysis/AIV1OriginalHilbertNuGraph.lean	c4183438e74aa971a73aab4410755267754895d99e79d431356396df127a9864
AIV2UniformCombinedNuMultipliers	LeanCode/Internal/PhysicalAnalysis/AIV2UniformCombinedNuMultipliers.lean	7f0575a23f62f62bf6197c40d62fba06c6378a0a8ea4716fabba8633a7c00561
AIV3LiteralInverseProductRule	LeanCode/Internal/PhysicalAnalysis/AIV3LiteralInverseProductRule.lean	d6aea731430b3c3024a63bdba0f4c69cad27f64f0d06acafce8b956eb6879fa5
AIV4UniformOriginalFluxComparison	LeanCode/Internal/PhysicalAnalysis/AIV4UniformOriginalFluxComparison.lean	5b661491f964e419da4301e2129b881881bb87130035e278d784cc291dac854b
AIV5ActualHighPairEquivalence	LeanCode/Internal/PhysicalAnalysis/AIV5ActualHighPairEquivalence.lean	9185fe84b5d7e763fbc87754d7db7e57d6db78648a08af3518dda897312429c3
AIV6ExactHighDiagonalCommutation	LeanCode/Internal/PhysicalAnalysis/AIV6ExactHighDiagonalCommutation.lean	24012f9f72f54cf6b021a629d15947bef8ab24406095d257d42609ab00b3bf88
AIV7SameInsertedGradeEquivalence	LeanCode/Internal/PhysicalAnalysis/AIV7SameInsertedGradeEquivalence.lean	155714c356c941ea3ba73676a680368237588dd0a6038e8e1bed88e406763793
AIV8ExactOriginalHighConsumer	LeanCode/Internal/PhysicalAnalysis/AIV8ExactOriginalHighConsumer.lean	8607ff9aeb6165fccf6a82bab81928a151edb5d7b3a8e9b082d79d8a60fe5f0f
AIV9LiteralWeightedGraphBounds	LeanCode/Internal/PhysicalAnalysis/AIV9LiteralWeightedGraphBounds.lean	38d76125b4a8e6a62c8aa0f137dce2bb4641da1b20651af84a05452de2082d12
AIW1OriginalAJClosedGraph	LeanCode/Internal/PhysicalAnalysis/AIW1OriginalAJClosedGraph.lean	2f27e4ec0d3777641574c4f4c687e0545814e6195cf7c82805d44e64b92d49d6
AIW2ExactAJBalancing	LeanCode/Internal/PhysicalAnalysis/AIW2ExactAJBalancing.lean	9d7698752b79ca97ef7c5c23ae25c1942542e93f22898d91bea893a15d478d30
AIW3ActualSmoothLowFrequency	LeanCode/Internal/PhysicalAnalysis/AIW3ActualSmoothLowFrequency.lean	c273b3ac4e169689de7ce5ad9d18d02b00a4001fd7cc0548ec78cd42a7a77c84
AAX1OriginalAngularCoordinates	LeanCode/Internal/PhysicalAnalysis/AAX1OriginalAngularCoordinates.lean	f5edc4cf00dacecb2dde7df2c5ae840eff487fa796f162a7b5cdc9dd904dc7f9
AAX2OriginalSumAmbient	LeanCode/Internal/PhysicalAnalysis/AAX2OriginalSumAmbient.lean	51942f2aead530918dd5b473fa73ce1a7a67352509b88be6357f96fa8f8bb95a
AAX3ClosedResidualGraph	LeanCode/Internal/PhysicalAnalysis/AAX3ClosedResidualGraph.lean	27bdffe70d6219b7df0be5dbaa0bab7ec77db3c6b94e12a2e0d19c6426c30e08
AAX4OriginalFirstResidual	LeanCode/Internal/PhysicalAnalysis/AAX4OriginalFirstResidual.lean	43193c254334be8a04956b2c58f7326c434a6521512ef52ec3ac35e3a24aa2dc
AAV12ExactWeakGraphConsumer	LeanCode/Internal/PhysicalAnalysis/AAV12ExactWeakGraphConsumer.lean	8c9631a31fdb68692af33d10bebce5ddf4c577c13705f40337cc1eea20817cb0
AAX5NaturalWeakBoundary	LeanCode/Internal/PhysicalAnalysis/AAX5NaturalWeakBoundary.lean	91b6ee5bc464ad6c706b018b6bf9704da029525b1c61c85a6a4d0265321551bf
AAX14ActualPhysicalResidual	LeanCode/Internal/PhysicalAnalysis/AAX14ActualPhysicalResidual.lean	af7a53c97b5d1654ec9d7d6c76e2d49caae407e817c601f32c926a5e8620d5fe
AAX15InvertibleWeakConjugation	LeanCode/Internal/PhysicalAnalysis/AAX15InvertibleWeakConjugation.lean	5c34e30f087e47288f0f1436d33d1fb356fb6d35318c60fd65a288f888e51df7
AIW4ExactLowConjugationCurves	LeanCode/Internal/PhysicalAnalysis/AIW4ExactLowConjugationCurves.lean	8774d90aa319a902a3e27014b831b6c213a5b5d00518d8234648e326a3d24e3f
AIW5LiteralLowCoefficientIdentities	LeanCode/Internal/PhysicalAnalysis/AIW5LiteralLowCoefficientIdentities.lean	a5318a2936069d38b7023254c3685a702e0cc6bcf301f57bd5c962a25a56382c
AIW6UniformOriginalLowFactors	LeanCode/Internal/PhysicalAnalysis/AIW6UniformOriginalLowFactors.lean	c931397dd9a050b54834b25ae84edeee08e5769109e0b2a2b281d547e5787c06
AIW7ActualLowProductConsumer	LeanCode/Internal/PhysicalAnalysis/AIW7ActualLowProductConsumer.lean	1d4d1e2c000368445c54b1e2eccd1c5f36da882b526643c36e965f2221cd4e4c
AIW8UniformToAJCoefficients	LeanCode/Internal/PhysicalAnalysis/AIW8UniformToAJCoefficients.lean	ee7b598eb2314b65970c294ffad43badd5bf44b5a2bf00185e4c8f8e6ad27f3b
AIW9ActualToAJFourierMultipliers	LeanCode/Internal/PhysicalAnalysis/AIW9ActualToAJFourierMultipliers.lean	1208562dfb581f1c200e6f4d6763eb344d47c327476bdd3ac1665c314443152f
AIW10OriginalLowUnweightMap	LeanCode/Internal/PhysicalAnalysis/AIW10OriginalLowUnweightMap.lean	dae43eb3fe27fd31b8cabbb4dc8094936be140f08f8a38416b7a4aa7c3c6e378
AIW11ExactInverseLowCoefficients	LeanCode/Internal/PhysicalAnalysis/AIW11ExactInverseLowCoefficients.lean	e1310f2b97a0cc844cd76570f368df23725ea0ca432721bf83d5b7f2197e370d
AIW12UniformFromAJCoefficients	LeanCode/Internal/PhysicalAnalysis/AIW12UniformFromAJCoefficients.lean	f044251b6a73022cae1f3c742f95f3b6c7c92a3050e6976a44b80b8b7fa9be7e
AIW13OriginalLowWeightMultipliers	LeanCode/Internal/PhysicalAnalysis/AIW13OriginalLowWeightMultipliers.lean	c1ac2b4d5e2b6ed198e48b1d8c32532c280b65377f2300e93ecce3a0773b7724
AIW14ActualOriginalLowWeightGraph	LeanCode/Internal/PhysicalAnalysis/AIW14ActualOriginalLowWeightGraph.lean	5598f6630ff6a2399a1bcdd518fb3d4e87762feb7e48a4296efc12baf9cc8bcf
AIW15OriginalLowGraphEquivalence	LeanCode/Internal/PhysicalAnalysis/AIW15OriginalLowGraphEquivalence.lean	be63386a674cecfec4d4ea275aaa7025ec9e7a3e0d480fdf7d4d4c04be4cd582
AIW16ExactLowDiagonalCompatibility	LeanCode/Internal/PhysicalAnalysis/AIW16ExactLowDiagonalCompatibility.lean	357821b796981e1c9f9c3f85919a30da57cf1a75ff6062b0fadf346245a5fca5
AIW17BoundedOriginalLowGradeInclusions	LeanCode/Internal/PhysicalAnalysis/AIW17BoundedOriginalLowGradeInclusions.lean	54796a39be9542f866bea4af1f42219d3146c91a51665d08914c09b507b605a7
AIW18OriginalLowBF6Consumer	LeanCode/Internal/PhysicalAnalysis/AIW18OriginalLowBF6Consumer.lean	07da99fb4ae81d2d191e52a8c2fe5f3b0216bb763ecd6f00e20b0004ead24bb5
AJC17OriginalCoupledGraph	LeanCode/Internal/PhysicalAnalysis/AJC17OriginalCoupledGraph.lean	452f1ffbbc065e43f6503fa5f616caa3300abe2acfee1de853338eae7ee8f902
AIY5OriginalBulkWeightEquivalence	LeanCode/Internal/PhysicalAnalysis/AIY5OriginalBulkWeightEquivalence.lean	174d72dd6be592b8e03115e96816a171c24f8734201e58326e1fbe18677b71c6
AIY6ExactStrengthenedAngularSource	LeanCode/Internal/PhysicalAnalysis/AIY6ExactStrengthenedAngularSource.lean	acf0851e65a129d35d12b11e50108e38b9218d111cef432b80ba4c7736b2f6c6
AIY7OriginalLowIncomingFactors	LeanCode/Internal/PhysicalAnalysis/AIY7OriginalLowIncomingFactors.lean	8fcb73b7457046d048411be4f8763c6a8a36b3c1416b22793edbf39f8fe34c7b
AIY8OriginalLowIncomingEquivalence	LeanCode/Internal/PhysicalAnalysis/AIY8OriginalLowIncomingEquivalence.lean	1a337622615b7ca6374c40483e48d2f626911a672f636057ea0a67f466942b8c
AIY9OriginalStrongHilbertCoordinates	LeanCode/Internal/PhysicalAnalysis/AIY9OriginalStrongHilbertCoordinates.lean	01997cc8368b642c5afa47fe9a95f516947c4b639a5ed33a3f03316e5ce336c3
AIY10OriginalStrongNormComparison	LeanCode/Internal/PhysicalAnalysis/AIY10OriginalStrongNormComparison.lean	8d02ede836bfacf5dc3c6fbb09a30622d146ebcdba551bbe58c5db460e5389ab
AIY11OriginalStrongForwardComparison	LeanCode/Internal/PhysicalAnalysis/AIY11OriginalStrongForwardComparison.lean	f5f673790997fe8a13c0790d9779986bbe6bd95dbf064ee0837839aea5634c89
AIY12IndependentOriginalStrongCarrier	LeanCode/Internal/PhysicalAnalysis/AIY12IndependentOriginalStrongCarrier.lean	063595436aa4f1ae933753e5f67822402562fce110e0e802e04197211038f905
AIY13ReconstructOriginalStrongData	LeanCode/Internal/PhysicalAnalysis/AIY13ReconstructOriginalStrongData.lean	269b9c86cbb7fa6c72b9f2ac9bd8b7bb7f363da07b7b6d566d8a20084d5ba772
AIY14OriginalStrongDataIsomorphism	LeanCode/Internal/PhysicalAnalysis/AIY14OriginalStrongDataIsomorphism.lean	c0bda010ac81ec57660426d0867af3d0006a5ba6ebec4d94623fcaf60ea3d124
AJC18OriginalSharedInverseBound	LeanCode/Internal/PhysicalAnalysis/AJC18OriginalSharedInverseBound.lean	f4dda9a4e9849498a27f6022dfc7fc81d69a1a88c2255753ad4a9bede4a12346
AJC19OriginalSharedInverseConsumer	LeanCode/Internal/PhysicalAnalysis/AJC19OriginalSharedInverseConsumer.lean	733cf87d8e71cc7f3c085d06710423d4d9ca820f09b9969b37bf085ab8a6ab35
AJG1ActualBulkTraceCoordinates	LeanCode/Internal/PhysicalAnalysis/AJG1ActualBulkTraceCoordinates.lean	1bda84f70fb015ca8d2df22834797a2db186fe492a6a58f23b41a57b80369637
AJG2SameBulkNegativeKernel	LeanCode/Internal/PhysicalAnalysis/AJG2SameBulkNegativeKernel.lean	20df4134567a72bd21519fe13e83f00a4dccf621ec8af032819b1575c8ae4a8a
AJG3LiteralSevenBulkTraces	LeanCode/Internal/PhysicalAnalysis/AJG3LiteralSevenBulkTraces.lean	09382b943fdbbafc8f7168129a23cdbf1083d9f47dad4678275b72fd660e7bf3
AJG4SameCovariantBulkEquations	LeanCode/Internal/PhysicalAnalysis/AJG4SameCovariantBulkEquations.lean	3e626412e99399c34d0cf77e26e646ce521d4ef93c8aa72d1f597a863a4df33d
AJG5SevenModeCompatibility	LeanCode/Internal/PhysicalAnalysis/AJG5SevenModeCompatibility.lean	1a3044704a58de1ed7e3d1ba137dce1392dd28477e4202ff76a260c3c622c889
AJG6ActualSharedSourceAngularLaw	LeanCode/Internal/PhysicalAnalysis/AJG6ActualSharedSourceAngularLaw.lean	ef7e0c48f8cf829acd9108c968ad0ff686324b68c3675fa595dc41915fae4a78
AJG7ActualSharedSevenCompatibility	LeanCode/Internal/PhysicalAnalysis/AJG7ActualSharedSevenCompatibility.lean	ea47cbbcc2d48e24715bfcb467e467e187f1d112b15b13ebaceffa667e3f4eb8
AJG8SameFullCompletedCovariants	LeanCode/Internal/PhysicalAnalysis/AJG8SameFullCompletedCovariants.lean	3d67ad3e4354b01da96b0ee378d26db4d88801aa1dd06576fe1e65f9d0df895a
AJG9OriginalPhysicalSlice	LeanCode/Internal/PhysicalAnalysis/AJG9OriginalPhysicalSlice.lean	fe554cb152a1b7d8a872102804286f776fe370f45c47853de581033f6199d0d6
AJG10OriginalFullSliceEquations	LeanCode/Internal/PhysicalAnalysis/AJG10OriginalFullSliceEquations.lean	a3bab6cfe0f0f1c1dd0e601886a685ad0e3052c7eae32df67281ba56a3d7a02c
AJG11UniformFullReconstruction	LeanCode/Internal/PhysicalAnalysis/AJG11UniformFullReconstruction.lean	18c4e7898e3eb52464246b2e2a4a2d1672113a52a408e9e229269880d2f44246
AJG12SameOriginalCorrectedFlux	LeanCode/Internal/PhysicalAnalysis/AJG12SameOriginalCorrectedFlux.lean	0ec6eb63d0cb4a0cf0cd044bec29564e6202ea2e1139097854cbf72e2488504d
AJG13SameInverseUniformReconstruction	LeanCode/Internal/PhysicalAnalysis/AJG13SameInverseUniformReconstruction.lean	b75875e3022100618fd249aa12bafd1d160371fcff23c04eec8ef003d06695e1
AJG14SamePhysicalInverseConsumer	LeanCode/Internal/PhysicalAnalysis/AJG14SamePhysicalInverseConsumer.lean	44b9bc24c50a4afc41facd096d2b8509628e04735fcc7ee54a36757f7e702092
AJH1PolynomialKernelAction	LeanCode/Internal/PhysicalAnalysis/AJH1PolynomialKernelAction.lean	dbbd48a5015864b946d7bcb1b1e55c2260cc98766cdac842fb40d9e2629b0d12
AJH5ClosedIntervalSeriesCalculus	LeanCode/Internal/PhysicalAnalysis/AJH5ClosedIntervalSeriesCalculus.lean	b5b5e5b730a59d2d30f98137bb0bc3a9d0fc127ac37830602eef0436e3ca6065
AKC7FiniteOrderIntervalSeries	LeanCode/Internal/PhysicalAnalysis/AKC7FiniteOrderIntervalSeries.lean	eaaf9f68db133d50f66fd63fbc2daaad9952a6ea8b47f811ca507fcd4d304b20
AJH2FaithfulPolynomialObservation	LeanCode/Internal/PhysicalAnalysis/AJH2FaithfulPolynomialObservation.lean	5a9d7905052f75deecad762a0d68452b77776cd48e37e8b254ffd2d86f9c348b
AJH3ReuseOriginalKernelAlgebra	LeanCode/Internal/PhysicalAnalysis/AJH3ReuseOriginalKernelAlgebra.lean	2929d5637e812ce7d0728a0401324deadf2e29ca73f30634854969968aaa2ab6
AJH4SamePolynomialInverse	LeanCode/Internal/PhysicalAnalysis/AJH4SamePolynomialInverse.lean	169c0c69c3f7fa4030bd88827d5a897e492dadec5b4976bd1dacadb65c15ebaa
AJH6LiteralMatrixShiftCalculus	LeanCode/Internal/PhysicalAnalysis/AJH6LiteralMatrixShiftCalculus.lean	48f1cced730a69348720e9cd31a0d75fef35bebb520fb321035632db15cbae4d
AJH7ActualMatrixSeriesSmoothness	LeanCode/Internal/PhysicalAnalysis/AJH7ActualMatrixSeriesSmoothness.lean	0620d5d7180258e76273193bf486f5f35096486fd6e90559c47def87618c396c
AJH8ClosedRadialKernelCalculus	LeanCode/Internal/PhysicalAnalysis/AJH8ClosedRadialKernelCalculus.lean	2f6236d83d7d35033d3c927837b0f77cf5284b2277a4a251eb643e75051ac613
AJH9ActualRadialMatrixJets	LeanCode/Internal/PhysicalAnalysis/AJH9ActualRadialMatrixJets.lean	57a6df8710ceac29dcaf14fcf892ef8a46acfc5f578d588d02c71a2232986e36
AJH10ActualPrimitiveSmoothness	LeanCode/Internal/PhysicalAnalysis/AJH10ActualPrimitiveSmoothness.lean	850160e0d5d864b2df6689b23b9c5c059cf8229a778fb2353da5e7c66e6ab9f7
AJH11ActualGammaRadialJets	LeanCode/Internal/PhysicalAnalysis/AJH11ActualGammaRadialJets.lean	2109ae59b007be06354cdb87688ebe70029fe84fbc739d056c837154a59393fc
AJH12SameGaugeAndFirstInverseSmoothness	LeanCode/Internal/PhysicalAnalysis/AJH12SameGaugeAndFirstInverseSmoothness.lean	2cc3c4029432d38dad9fcd97570d40551b0b8415a4a683c957e9d650ebe1472d
AJH13ActualSigmaRadialJets	LeanCode/Internal/PhysicalAnalysis/AJH13ActualSigmaRadialJets.lean	55b266a9b12088f4b577d0a6669d506b1ffd13d2355872012c5c18affbc48dc0
AJH14ActualKnownAndUnknownSmoothness	LeanCode/Internal/PhysicalAnalysis/AJH14ActualKnownAndUnknownSmoothness.lean	719239e65d0dbf514371af6c4f00d9333366d8cc3f52ef9872845e5d5ae5036a
AJH15SameFullReconstructionSmoothness	LeanCode/Internal/PhysicalAnalysis/AJH15SameFullReconstructionSmoothness.lean	537e15cc765691c1037ab347612461fce4b80c745cedb6c8d0b3b89ec2ea42a7
AJH16OriginalSevenSlotSmoothness	LeanCode/Internal/PhysicalAnalysis/AJH16OriginalSevenSlotSmoothness.lean	505b2cca8392e7c2358596653b850c51219a13428932ce9a88a67e6d637a59cb
AJI1ClosedScaleRadialBootstrap	LeanCode/Internal/PhysicalAnalysis/AJI1ClosedScaleRadialBootstrap.lean	bf8de5def44f902db7ec6790fce052f3a00a38b06e674950a280c4e014a036ba
AJI2ContinuousHilbertFourierSections	LeanCode/Internal/PhysicalAnalysis/AJI2ContinuousHilbertFourierSections.lean	1e6877fe27e12a5535ec657feba63b95527a418fd5ada0456d718a79803fea7e
AJI3ActualHighContinuousBounds	LeanCode/Internal/PhysicalAnalysis/AJI3ActualHighContinuousBounds.lean	2407b48792c35ee6c05739c2b4d0dc1eeaf13528a9e59a276e6fa4942470b1f6
AJI4ActualHighHilbertSections	LeanCode/Internal/PhysicalAnalysis/AJI4ActualHighHilbertSections.lean	afe2f39886e1304c9890e5d2ac9f99b3489c2ec9bd6020fa2eaed78ae3436d59
AJI5ActualFluxContinuousBounds	LeanCode/Internal/PhysicalAnalysis/AJI5ActualFluxContinuousBounds.lean	6b5171ccc4342e47851c9a12483c3a0c17a33b761dd2a9fc8187e3b0498f74ba
AJI7ActualLowContinuousBounds	LeanCode/Internal/PhysicalAnalysis/AJI7ActualLowContinuousBounds.lean	3a0e9c09515d5170aeebd19041ddacbfb5b8dd8b2981332514e544f5ebbe24b3
AJI8ActualLowSectionDecay	LeanCode/Internal/PhysicalAnalysis/AJI8ActualLowSectionDecay.lean	dade2c070ee3d00287f81e72c4465ec20e8f4e87a1200c976b9e3566bea77985
AJI9ActualLowHilbertSections	LeanCode/Internal/PhysicalAnalysis/AJI9ActualLowHilbertSections.lean	a11f5fb1be3c7c970de0f70ab2cddf7b967a913fe3a6743a93604ff661b3a960
AJI10ActualCofactorRadialSmoothness	LeanCode/Internal/PhysicalAnalysis/AJI10ActualCofactorRadialSmoothness.lean	5af0798386ab4d821b834750cf066cdd7db9a376c97c7de7be2fec3ae082bfba
AJI11ActualRadialScalarAndForce	LeanCode/Internal/PhysicalAnalysis/AJI11ActualRadialScalarAndForce.lean	c7d07d15625baf51643e24196bf1f4457787267c3e1f491d099f908b454ae3cd
AJI12ActualFullPhysicalRowsSmooth	LeanCode/Internal/PhysicalAnalysis/AJI12ActualFullPhysicalRowsSmooth.lean	bff44faee5ee915cb772c49f79d55ef1fd11319491a93b9e3ba9a0c409741df5
AJI13HilbertRadialDerivative	LeanCode/Internal/PhysicalAnalysis/AJI13HilbertRadialDerivative.lean	c43e10599a7fa353938cd9fea5ff948b2e3203de6e820d9af0460eb7528c6341
AIX1ActualDisplacementCharacters	LeanCode/Internal/PhysicalAnalysis/AIX1ActualDisplacementCharacters.lean	087f4b489b7c96837f633a9528f459fcb63f7d10bad92e3993db4ccccf82a255
AIX2FullDisplacementMultipliers	LeanCode/Internal/PhysicalAnalysis/AIX2FullDisplacementMultipliers.lean	e38f50095020165856c314d1138d24d99a0fbdfb429d47c73b74619edd8079f8
AIX3ExactFourierUnitary	LeanCode/Internal/PhysicalAnalysis/AIX3ExactFourierUnitary.lean	aeb6d5712e6c561acc765b748417a7340d4aaa97d2ee165bcd0ab060f14cf718
AIX4ActualKernelUnitaryConjugation	LeanCode/Internal/PhysicalAnalysis/AIX4ActualKernelUnitaryConjugation.lean	6c280802da1b724d017cc71eb2fb5f891b3e794fb32c98e2f78239ac64fe1070
AIX5RegularRadialOrbitActions	LeanCode/Internal/PhysicalAnalysis/AIX5RegularRadialOrbitActions.lean	9973d084909b3bcdff47d3de7de4ae907b75a8e183adabaeb435834c2d4a7680
AIX6CompletedActualUnitaryOrbit	LeanCode/Internal/PhysicalAnalysis/AIX6CompletedActualUnitaryOrbit.lean	67067b892129c5f66999ebe5fc3020677e61f6496e26264a512ada6954ddac29
AIX7KernelOrbitalTaylorRemainder	LeanCode/Internal/PhysicalAnalysis/AIX7KernelOrbitalTaylorRemainder.lean	265b0e1947eb5b518d6ee38a6e80a80314a95fbef8fb510a2226c3d276b4716a
AIX8CompletedScalarKernelAlgebra	LeanCode/Internal/PhysicalAnalysis/AIX8CompletedScalarKernelAlgebra.lean	226cbf682fe952740839ba31329911c3acc431f02bee5b62d113a9a1eb64e737
AIX9ActualCompletedTaylorEstimate	LeanCode/Internal/PhysicalAnalysis/AIX9ActualCompletedTaylorEstimate.lean	a44fa7af2d401c6252ff2f7244d84395433bf7d9b05e92f577cc69b8d50b66ec
AIX10ActualOperatorOrbitDerivative	LeanCode/Internal/PhysicalAnalysis/AIX10ActualOperatorOrbitDerivative.lean	598ee9171d7db7599ebcda516d34e611693a1d54c1ea99c24c1d82746925e0de
AIX11ActualBoundaryOrbitDerivative	LeanCode/Internal/PhysicalAnalysis/AIX11ActualBoundaryOrbitDerivative.lean	3e90b78bd11d1668d638c3c9ce3dd9fcff256d30fface7763840490f1e54b2cd
AIX12OriginalOrbitAndReferenceCancellation	LeanCode/Internal/PhysicalAnalysis/AIX12OriginalOrbitAndReferenceCancellation.lean	4fc6af255df3a893db4062d15cfed034f731b4d86feccc2645c3256b47125ebf
AIX13ActualEliminatedPhysicalOrbit	LeanCode/Internal/PhysicalAnalysis/AIX13ActualEliminatedPhysicalOrbit.lean	cfa41edbbf8d5b97111a8f68f6dfcefc25299a413d382d2f3e2577ad2ab780e6
AJB1ActualLowPhysicalRowOrbit	LeanCode/Internal/PhysicalAnalysis/AJB1ActualLowPhysicalRowOrbit.lean	b9d51333d8417b53acd8f12c85107b5054c6098a01d9dd64da478771b80cc2d8
AJB2SameNormalizedLowGeneratorOrbit	LeanCode/Internal/PhysicalAnalysis/AJB2SameNormalizedLowGeneratorOrbit.lean	10415a045c34db09a917cc04be5879979a5217794bf032f333340b39d10bb074
AJB3ActualNormalizedLowOrbitDerivative	LeanCode/Internal/PhysicalAnalysis/AJB3ActualNormalizedLowOrbitDerivative.lean	a5c417dcb6f91f838e70fcfdd04e6771b2f9dc8dffad3730f569b0173aa5f2e5
AIZ1ActualEnergyTranslations	LeanCode/Internal/PhysicalAnalysis/AIZ1ActualEnergyTranslations.lean	9d09f0e69f088b165506ca2e4b9a0d77f092b0898c3ffa9328448aabcc34aa67
AIZ2ActualFluxTranslations	LeanCode/Internal/PhysicalAnalysis/AIZ2ActualFluxTranslations.lean	0ab1df1d7db3ff77679b129c1163147cb0d46b3ebc2f8e73ca4459ba6bfb4215
AIZ3ActualLowTranslations	LeanCode/Internal/PhysicalAnalysis/AIZ3ActualLowTranslations.lean	e9bc8395dc055fcbc873362639f4e8ef1e2fee793965ccf5465df9c3912e808b
AIZ4CompleteCoupledUnitary	LeanCode/Internal/PhysicalAnalysis/AIZ4CompleteCoupledUnitary.lean	7f2dc3e9b641ff9123d2802d92ef6efd3ca3eaf31db251761458ab85b95da824
AJB4ActualLowCharacterCommutation	LeanCode/Internal/PhysicalAnalysis/AJB4ActualLowCharacterCommutation.lean	91befcec9e08539cc23f5791f54636b1222a32bdb837104197694471492f86b2
AJB5SameLowGeneratorConjugation	LeanCode/Internal/PhysicalAnalysis/AJB5SameLowGeneratorConjugation.lean	338c108459831e2194c81b6d36a668c2bacd1a23db9f1df041208e1f8364f8a7
AJB6GenuineLowTraceDataTranslations	LeanCode/Internal/PhysicalAnalysis/AJB6GenuineLowTraceDataTranslations.lean	1e61047fe4e7878b2c89e1e84df3279001038defae508da0e8cc090c150a8e40
AJB7ActualLowDataOperatorOrbit	LeanCode/Internal/PhysicalAnalysis/AJB7ActualLowDataOperatorOrbit.lean	2ca262aa6087c3c6d1759cfc544fc29b9737e4a51dadc944804006656334606e
AJB8SameLowInverseOrbit	LeanCode/Internal/PhysicalAnalysis/AJB8SameLowInverseOrbit.lean	906a33e8e91961bed3df9739ebaf18c018bb3037aa713187892005fafb6f4f1b
AJB9ActualLowMixedJetDerivatives	LeanCode/Internal/PhysicalAnalysis/AJB9ActualLowMixedJetDerivatives.lean	173c1427d7d0dd9cec0a85fb793d909f105483987b18619a52301059e48f28e9
AJB10ActualLowSmoothGenerator	LeanCode/Internal/PhysicalAnalysis/AJB10ActualLowSmoothGenerator.lean	03b4f945da5753cb1167493579a975f92c2308d91d823d9d788750c0a27ef8f3
AJA11GenericInverseDerivative	LeanCode/Internal/PhysicalAnalysis/AJA11GenericInverseDerivative.lean	780c616fa396f31733e156ca6efd090e1367da41bc21c18b891565279eeb1cbe
AJA15GenericInverseSmooth	LeanCode/Internal/PhysicalAnalysis/AJA15GenericInverseSmooth.lean	b3e29bf9dac65590e9e8ecea5c32425c3c682ad6cdcc733f6a6464821d2e3817
AJB13SameLowInverseSmoothness	LeanCode/Internal/PhysicalAnalysis/AJB13SameLowInverseSmoothness.lean	1f1af1180b01b0c4ed6b1ab4deca8bdb5963d436d085637131f2dfcfdfaad330
AJB14GenuineFourierGeneratorExtraction	LeanCode/Internal/PhysicalAnalysis/AJB14GenuineFourierGeneratorExtraction.lean	5a2c6148ef410069cb686cf2b4a187b99ec01f96fdd446a8336b1fa3160d8a28
AJB15CompleteLpGeneratorMembership	LeanCode/Internal/PhysicalAnalysis/AJB15CompleteLpGeneratorMembership.lean	6518f71668695011dfc773b25a6a220059b067646e2a1f87b654754119187e08
AJB16ActualLowSolutionGeneratorDomains	LeanCode/Internal/PhysicalAnalysis/AJB16ActualLowSolutionGeneratorDomains.lean	0382adb19625f19157330a951f044a53d94f087eb896e09b114fa2078988c5a6
AJB17ActualFiniteDataOrbitSmoothness	LeanCode/Internal/PhysicalAnalysis/AJB17ActualFiniteDataOrbitSmoothness.lean	f2713f5cfdd2634da2c7ac5c9d7b57bb5ffb60b9a491558690230f945ed8db09
AJB22ActualOperatorApplicationDerivatives	LeanCode/Internal/PhysicalAnalysis/AJB22ActualOperatorApplicationDerivatives.lean	aa5cf782c292f40f38a964cbcbb5812c6ef0fe5569788d3e5e332ee409c167fb
AJA1ActualPhysicalCoordinateTranslations	LeanCode/Internal/PhysicalAnalysis/AJA1ActualPhysicalCoordinateTranslations.lean	f22d855343953fac6255a67582dbbf522bcf0543ac51d7bd384d1f02031cbbbd
AJA2ExactPhysicalPacketTranslations	LeanCode/Internal/PhysicalAnalysis/AJA2ExactPhysicalPacketTranslations.lean	cadd7287ab56de3cf2e5fbceb716f4e20cd1f97283d2525df9254a89798ec01e
AJA3ActualBulkFormOrbit	LeanCode/Internal/PhysicalAnalysis/AJA3ActualBulkFormOrbit.lean	cddfa7046efd67ab29df9e91c7930a6bf4da53895ed7a0fa9b437a5603365a35
AJA4ActualBulkOrbitConjugacy	LeanCode/Internal/PhysicalAnalysis/AJA4ActualBulkOrbitConjugacy.lean	dad3e53be0e4ca063ff78b1e012c2c048cfbe950039e32a0ecb35691343db982
AJA5OriginalBoundaryTranslationLaws	LeanCode/Internal/PhysicalAnalysis/AJA5OriginalBoundaryTranslationLaws.lean	8f0594710fedba0fe2fe21d67165fbfbda45987b983462ad9c1fe7f93bf674c8
AJA6ActualBoundaryFormOrbit	LeanCode/Internal/PhysicalAnalysis/AJA6ActualBoundaryFormOrbit.lean	ab5e3d77ec386e8e7a46bbcd0267a6e89e828f493a2992bc9d74719fdf632cb9
AJA7ActualBoundaryOrbitConjugacy	LeanCode/Internal/PhysicalAnalysis/AJA7ActualBoundaryOrbitConjugacy.lean	03620ccbd3cbb9a2bca67a44fbe9492810eba9787f4dbb33bfa3f1e401d3f93c
AJA8ActualFullFormOrbit	LeanCode/Internal/PhysicalAnalysis/AJA8ActualFullFormOrbit.lean	37a981af6f718b6d0daedf7b62bd37536b345e53276b354a729a44b91dab66b5
AJA13RealOrbitColumns	LeanCode/Internal/PhysicalAnalysis/AJA13RealOrbitColumns.lean	55e8316ab02af1cd861a53729fbe1317f72f110c34f4dcc53b74b7f307631444
AJA18OrderedInverseWords	LeanCode/Internal/PhysicalAnalysis/AJA18OrderedInverseWords.lean	e6bbeb88e1113ad5c5f7c6cf77e93a6c18feea7f1ac930818fc444672a5c5e96
AJA19OrderedInverseBounds	LeanCode/Internal/PhysicalAnalysis/AJA19OrderedInverseBounds.lean	0a1acdc1ddff64d97ac45318ded3a67af5278ae6e962b5393779aa014d208235
AJB23ActualAxisDerivativeRestriction	LeanCode/Internal/PhysicalAnalysis/AJB23ActualAxisDerivativeRestriction.lean	b4baf839806931e4ee0ff132eea33e300a376f0f78ee8a44ded3edcad4f32703
AJB24OriginalLowSolutionLeibnizBound	LeanCode/Internal/PhysicalAnalysis/AJB24OriginalLowSolutionLeibnizBound.lean	8fd6b09a48be74c670711af68027ad80a3522e42a0c15738f34d492aa08a82c5
AJB30IndependentLowDataGenerators	LeanCode/Internal/PhysicalAnalysis/AJB30IndependentLowDataGenerators.lean	822a3c5e6877c83388c4f2880565abdcc4e8a1629c2db0eac6a00ccbebefd890
AJB35OriginalLowDataFiniteApproximation	LeanCode/Internal/PhysicalAnalysis/AJB35OriginalLowDataFiniteApproximation.lean	037fb36182a758270459dcc8b187ca0d42d2359a6ffbe9d5b0051bbaed9890fe
AJF1OriginalHighEnergyWeightedClosure	LeanCode/Internal/PhysicalAnalysis/AJF1OriginalHighEnergyWeightedClosure.lean	f49d0113c6e157416a9dd5a6c3801a291706f0d4062532bd74df748639c861ce
AJB18OriginalLowGradeMembership	LeanCode/Internal/PhysicalAnalysis/AJB18OriginalLowGradeMembership.lean	3ec084448b3dc8eb60a6a30847192d283f3c760bc293d65a012fc48dc875bce5
AJF2OriginalOmegaWeightedClosure	LeanCode/Internal/PhysicalAnalysis/AJF2OriginalOmegaWeightedClosure.lean	00ddcc395225ae52dc318db939ad7d5cf062bb12abb607b016aba49be6917d0f
AJF3TwoGeneratorLpGrade	LeanCode/Internal/PhysicalAnalysis/AJF3TwoGeneratorLpGrade.lean	aff31e3574a2f3adbfa4cda85d2bb2f6e52de466bec8e486e21113f6e4ad6fb2
AJF4ActualHighAxisGenerators	LeanCode/Internal/PhysicalAnalysis/AJF4ActualHighAxisGenerators.lean	66b40f8c7d26dd0a3a093a719baae70a10373ac98f2bd1a974225ab3ed4bcfde
AJF5OriginalHighInsertedGraphGrade	LeanCode/Internal/PhysicalAnalysis/AJF5OriginalHighInsertedGraphGrade.lean	ae48d2088195fcc395e3370004a7b48f66ba83a514896513371294781591e544
AJF6ActualHighFiniteGraphApproximation	LeanCode/Internal/PhysicalAnalysis/AJF6ActualHighFiniteGraphApproximation.lean	2f50f56857cc38d8f86459cdf0ac2c1a86a2e8b5b218b9d04f783fc3f9538ae2
AJB25CompleteLpFatou	LeanCode/Internal/PhysicalAnalysis/AJB25CompleteLpFatou.lean	9b36d4545072d431baed8cc7017e3c0bad6dc95dd7bd2e09981f437637fa4fa1
AJF7OriginalHighWeightedFatou	LeanCode/Internal/PhysicalAnalysis/AJF7OriginalHighWeightedFatou.lean	3c1439db78e0d9614a3a866fea3ed8b6c0ee3f32a33697bea8c6ac8938762e8b
AJB27OriginalLowGradeNormBound	LeanCode/Internal/PhysicalAnalysis/AJB27OriginalLowGradeNormBound.lean	54e87812d8c9fa9fdb7a560e92a78c4e418029e673de1bcd9a14c656077ef3ef
AJB32LiteralLowInsertedGraphGrade	LeanCode/Internal/PhysicalAnalysis/AJB32LiteralLowInsertedGraphGrade.lean	041ec75e2900d85b13bf45026a80919c5b57e5d196e8af0470c9cc42def22512
AJF8ActualCoupledAxisGenerators	LeanCode/Internal/PhysicalAnalysis/AJF8ActualCoupledAxisGenerators.lean	36964051f2554e339c652d5f6867967840ddfbc08a480522cbaec52ed3f7e0f2
AJF9SameCoupledInsertedGraphGrade	LeanCode/Internal/PhysicalAnalysis/AJF9SameCoupledInsertedGraphGrade.lean	98e4eb8155f58b53c5639b39078c6f1b292c0d51e06647d3d669de2ce5e86e50
AJF41LiteralInsertedDecode	LeanCode/Internal/PhysicalAnalysis/AJF41LiteralInsertedDecode.lean	d4b4b76df66f928d6b12ec862a457a71154964422f6d7a53764c4940a240eb2b
AJI14HilbertFourierSector	LeanCode/Internal/PhysicalAnalysis/AJI14HilbertFourierSector.lean	568b1a60cd9c67bef12b7d1512aeb68711dbb399f63efc5c70bf46eb5e6d7002
AJI6ActualFluxHilbertSections	LeanCode/Internal/PhysicalAnalysis/AJI6ActualFluxHilbertSections.lean	0bc38432f65aa11a6da3de5946561f624a31603cb5f3954dc0dce909b3c6f4a2
AJI15SameCoupledContinuousFields	LeanCode/Internal/PhysicalAnalysis/AJI15SameCoupledContinuousFields.lean	0189954d07ea0b4d132e3f7b5b0d7e8ee377130aae85055971e6ad0c1e9ebcfb
AJI16SameCoupledFourierFidelity	LeanCode/Internal/PhysicalAnalysis/AJI16SameCoupledFourierFidelity.lean	bb80907b113e5bc7b9a833df6878e539a2dd0f7c1224b625dc6cea8a5d3a84ca
AJI17SamePhysicalInsertedGrades	LeanCode/Internal/PhysicalAnalysis/AJI17SamePhysicalInsertedGrades.lean	28a4266a0b12623875503a04f606919db06e85d8b13900ddb2671622e72b058f
AJI18HilbertFrequencyOperators	LeanCode/Internal/PhysicalAnalysis/AJI18HilbertFrequencyOperators.lean	dc224954cac94b52ec6bddaf5d7da5591d8bc7c9e08a7d07533a413b865335d5
AKC1SameConjugatedKernelAction	LeanCode/Internal/PhysicalAnalysis/AKC1SameConjugatedKernelAction.lean	76aeb65a0eb1a0a2a6df10ecea4e6d41fac7fda6ee404d94e0121b47ce1f0116
AKC8FourierMatrixPoint	LeanCode/Internal/PhysicalAnalysis/AKC8FourierMatrixPoint.lean	eeb028f3bad2f40f18fa2fc64b92eaa8fd18fb7ce40181b5c70b38b68aa4ba3b
AKH2ReservedPhaseSlopeDiagonal	LeanCode/Internal/PhysicalAnalysis/AKH2ReservedPhaseSlopeDiagonal.lean	e917fd46a42b6236469fcf43ef7b009360f18df8ca5887df94f3eb02e4de0f31
AKH3ExactPhaseDiagonalCoefficient	LeanCode/Internal/PhysicalAnalysis/AKH3ExactPhaseDiagonalCoefficient.lean	54eaed4c8d6eca909237dd67c5abb2864df39966ca17f9e7f59f31d6481e5d53
AJE1GenuineSourceGraphCharacters	LeanCode/Internal/PhysicalAnalysis/AJE1GenuineSourceGraphCharacters.lean	54a05e02cb9117607f9034e6ef6225323b5529e33d3d58abbde3521345028b64
AJE2ExactSourceTraceOrbit	LeanCode/Internal/PhysicalAnalysis/AJE2ExactSourceTraceOrbit.lean	0526fd870738ea24b92cc78809f0dd012d8c530e9715e66457df2aa6f77ebf14
AIY15ExactSharedStrongDataConsumer	LeanCode/Internal/PhysicalAnalysis/AIY15ExactSharedStrongDataConsumer.lean	d7464147c2927680d8eba3c5b8173bba64236946f88c8e6d767c07e76c660841
AJE3ExactSharedBulkOrbit	LeanCode/Internal/PhysicalAnalysis/AJE3ExactSharedBulkOrbit.lean	75d41177cb7fb79e225e341711a1d118413bc64e15613700b9dc181aa0f9f46d
AJE4OriginalBoundaryCharacters	LeanCode/Internal/PhysicalAnalysis/AJE4OriginalBoundaryCharacters.lean	a04f1d5935dc2d5cefed0d87a88d3bc0c44b11de9e9eed49b06054e63a185a31
AJE5CompleteOriginalDataUnitary	LeanCode/Internal/PhysicalAnalysis/AJE5CompleteOriginalDataUnitary.lean	2e0a1c10a247cd7202eb5b25608b36c72ad0e5cf8520ffd338ad70e86dc15872
AJE6SharedWeightedAmbientUnitary	LeanCode/Internal/PhysicalAnalysis/AJE6SharedWeightedAmbientUnitary.lean	4191e0a05621727a3a9393088291a814554c2f2129accc96684e85a9572f9d4c
AJE8ExactGraphBoundaryProjection	LeanCode/Internal/PhysicalAnalysis/AJE8ExactGraphBoundaryProjection.lean	a43a9688755d7d9ff03402eaecebee317977bb432bbb11b994cf0391ee9336df
AJE9ActualSourceBoundaryLiftOrbit	LeanCode/Internal/PhysicalAnalysis/AJE9ActualSourceBoundaryLiftOrbit.lean	41b5c75472fe0d0623c7e2a5b767c164e736a9f29e894cc2939f85f7ba492a96
AJE10SourceLiftJetOneHigh	LeanCode/Internal/PhysicalAnalysis/AJE10SourceLiftJetOneHigh.lean	6b0463cb0ee542bac15baa545f23bcb3dd304314cd9b345b3a39de47b917f677
AJE11GenuineGraphOuterTupleMap	LeanCode/Internal/PhysicalAnalysis/AJE11GenuineGraphOuterTupleMap.lean	880b8757ebeadd91d3e634bc6128455c74f0f61c6ba8463a776e55e0a71807e7
AIZ5ActualZeroTestTranslations	LeanCode/Internal/PhysicalAnalysis/AIZ5ActualZeroTestTranslations.lean	2c4217fdd22c49d81f5fecefc3bae656b0dc6427fbb9de1ec715c7a94570cf4a
AJA9ActualZeroFormOrbit	LeanCode/Internal/PhysicalAnalysis/AJA9ActualZeroFormOrbit.lean	edcc9e779c9fc02303ab0302d5bb0939be55ed3c5fdb84d3f33b99024aa3900e
AJA10SameHighInverseOrbit	LeanCode/Internal/PhysicalAnalysis/AJA10SameHighInverseOrbit.lean	0828b160929c2177d8caff5926275ab5854a5d095b1c335acda96f3581ac7dd9
AJA14ActualFullJetTower	LeanCode/Internal/PhysicalAnalysis/AJA14ActualFullJetTower.lean	6576e7d18853d6539ed800a57303a46d6de961a1eed31b707805920279474519
AJA16ActualHighInverseSmooth	LeanCode/Internal/PhysicalAnalysis/AJA16ActualHighInverseSmooth.lean	cdeae305f73bf78175087a5fad8def321fbb2f1d969411f5ffee076b27a2d2a7
AJD1RealToComplexOperatorRetraction	LeanCode/Internal/PhysicalAnalysis/AJD1RealToComplexOperatorRetraction.lean	8daf5ab646797eeb26d12e3b1d1434ccc2589dd314c38285fc4d572ff0154f27
AJA17ActualFullJetOneHigh	LeanCode/Internal/PhysicalAnalysis/AJA17ActualFullJetOneHigh.lean	1041101acf6deb4301c632c48ae0aa52abac514b8b29413319b3d8dd60bb7382
AJD2ActualBoundaryInverseOrbit	LeanCode/Internal/PhysicalAnalysis/AJD2ActualBoundaryInverseOrbit.lean	82c879ec340f8a4744544db0d88a0bc7035e27454a791143cfedb4ec981bc49f
AJD4OriginalCrossDatumTranslations	LeanCode/Internal/PhysicalAnalysis/AJD4OriginalCrossDatumTranslations.lean	63131e071f83c75c794dcf7962fdc68cead3ac6cd14c92374f518dfa6e37a7d1
AJD5ActualCrossKnownPackets	LeanCode/Internal/PhysicalAnalysis/AJD5ActualCrossKnownPackets.lean	f0ea0791b8592cfbb1b6f88f410342ddeb9f022a899c14982c42203061655451
AJD3OriginalClosedGraphOperatorLift	LeanCode/Internal/PhysicalAnalysis/AJD3OriginalClosedGraphOperatorLift.lean	18a1bb7558e996644f9f49c65c52db61a71f9f2ff6d600cae8b9fbacacb473e0
AJD6ActualCrossKnownBulkOrbit	LeanCode/Internal/PhysicalAnalysis/AJD6ActualCrossKnownBulkOrbit.lean	6ef7da75c04dd091175d8f1a651ecd1520f50dbd8e9f85a21e5f3ffb05f10b4b
AJD7ActualCrossKnownFunctionalOrbit	LeanCode/Internal/PhysicalAnalysis/AJD7ActualCrossKnownFunctionalOrbit.lean	ff70274edcaef47864507a1798454ff80d78da6711a9f855ed53af51bc4ddd71
AJE12RealKnownOperatorCalculus	LeanCode/Internal/PhysicalAnalysis/AJE12RealKnownOperatorCalculus.lean	440364e6e8fa53a3e957eb90915696d2ae30debebea23d91098479d0e6072c67
AJE7CompleteSharedDataUnitary	LeanCode/Internal/PhysicalAnalysis/AJE7CompleteSharedDataUnitary.lean	a081de87082f4bf7ca444bacf9164101330a32f20300d23d709e27511910ff16
AJE13ActualKnownDataCoordinates	LeanCode/Internal/PhysicalAnalysis/AJE13ActualKnownDataCoordinates.lean	31117c22c18336e10a203286ddc6fb2ffd4e5b83a48b2852c97ee8088f6579df
AJE15OriginalKnownBulkCovariance	LeanCode/Internal/PhysicalAnalysis/AJE15OriginalKnownBulkCovariance.lean	b8a6e87385cc9ae76c730bd525d6768acc20c91af5c4077fcaf1eb7476f016b6
AJE14CompleteKnownCoefficientTower	LeanCode/Internal/PhysicalAnalysis/AJE14CompleteKnownCoefficientTower.lean	68d6e6b7e4f5988ed8480292c92b6cfc21fdbf51361e7569dc5fbf2d0c7281ae
AJE16FullKnownFunctionalTower	LeanCode/Internal/PhysicalAnalysis/AJE16FullKnownFunctionalTower.lean	d9e3f79fcc3a85ba97393eb45d1de6a835d27329b1bc7545e44cea43cc9113ff
AJE17ExactFullKnownFunctionalOrbit	LeanCode/Internal/PhysicalAnalysis/AJE17ExactFullKnownFunctionalOrbit.lean	bc57262446f9da23260b29b28d8ec6ec98c7daec1c2b54961aa35b23a73b4270
AJE19SharedHighProjectionCovariance	LeanCode/Internal/PhysicalAnalysis/AJE19SharedHighProjectionCovariance.lean	c545f6e379b7b2475199a652fb8f1f915339dff22fca4ee3bdadc21e5d87340e
AJE30KnownLowSourceCoordinates	LeanCode/Internal/PhysicalAnalysis/AJE30KnownLowSourceCoordinates.lean	adc0a6fe7bcbfc79d2b183778271d4438476ffb7c0b31bfa9f689bb2a6c1962a
AJE31ActualKnownLowRHSTower	LeanCode/Internal/PhysicalAnalysis/AJE31ActualKnownLowRHSTower.lean	ae4f6f47d278e5830d3249a658ffa3472a1b89c729b573232b30611613ce4d3e
AJE32ExactKnownLowRHSConjugation	LeanCode/Internal/PhysicalAnalysis/AJE32ExactKnownLowRHSConjugation.lean	c3e28db29a72c510191f8d510b1bab621d7dfae8303ddf3d32787e9d0a4b558b
AJE33KnownLowRHSOneHigh	LeanCode/Internal/PhysicalAnalysis/AJE33KnownLowRHSOneHigh.lean	1db9a2dc9fa7661eacf958e46c8a398e4310fdc9e58260a6b57f823fef17e2df
AJE34KnownLowBaseAndSharedBounds	LeanCode/Internal/PhysicalAnalysis/AJE34KnownLowBaseAndSharedBounds.lean	c8375ffca92feed5e7b9a5bae449a7368122ab29c61f1cec4412344451eed053
AJD8ActualKnownZeroFunctionalPullback	LeanCode/Internal/PhysicalAnalysis/AJD8ActualKnownZeroFunctionalPullback.lean	7c8bb1d5a2a40da3cbcafae4654d8cd5dd75bf5c59fe27ff069256209196b251
AJE23FixedKnownTowerTransport	LeanCode/Internal/PhysicalAnalysis/AJE23FixedKnownTowerTransport.lean	ceeec3320ea8f56a0583601f2ffdaf3ace454bf47ff97b36a9ee80db4bae593c
AJE22SharedKnownFunctionalTower	LeanCode/Internal/PhysicalAnalysis/AJE22SharedKnownFunctionalTower.lean	ea63373ea72a41469685a0c7d97a541600cbf8f96c9b37a7dcca68d36100e786
AJE18KnownCoordinateNorms	LeanCode/Internal/PhysicalAnalysis/AJE18KnownCoordinateNorms.lean	ad4f872e4adb979a44c9867fd8c727b88ad3cd498c4ea369d3ab83db631c5bbe
AJD24ActualBetaInverseJetBounds	LeanCode/Internal/PhysicalAnalysis/AJD24ActualBetaInverseJetBounds.lean	ae5b14a33d468d70bd3b5921fa3d7bbab8aee63e886907ee977ad1098854a4e2
AJE20FullKnownFunctionalOneHigh	LeanCode/Internal/PhysicalAnalysis/AJE20FullKnownFunctionalOneHigh.lean	6e7f43dedc88cd65e4fd290bca35d4f30eabe18b1673321134776cddb1bed941
AJE21FullKnownFunctionalBaseBound	LeanCode/Internal/PhysicalAnalysis/AJE21FullKnownFunctionalBaseBound.lean	b92143fc707a720981852d3fb4b52f7b69077e5c9755b8f0c970782531aa0bf7
AJE24SharedKnownFunctionalBounds	LeanCode/Internal/PhysicalAnalysis/AJE24SharedKnownFunctionalBounds.lean	c494d205cd58d35432c441460e1208bbb061063157cbbfde5a02bf11c9277d32
AJE25SharedLowForcingTower	LeanCode/Internal/PhysicalAnalysis/AJE25SharedLowForcingTower.lean	b5d642a2f9a83c39616221161b519b470c78bb76b20bcfb94a19259c47ed4472
AJE40FiniteSourceCutPrimitives	LeanCode/Internal/PhysicalAnalysis/AJE40FiniteSourceCutPrimitives.lean	d5174e58a4b1413cb722e360ca9fa569e6afbaba3710c83266ef6285dabfa9a0
AJE41ExactSourceGraphCut	LeanCode/Internal/PhysicalAnalysis/AJE41ExactSourceGraphCut.lean	3760b6e07585d88e9dbc3cecc9bf56a2ec4dabf5f1d55cd6090f3c0adba00fae
AJE42SharedAmbientFiniteCut	LeanCode/Internal/PhysicalAnalysis/AJE42SharedAmbientFiniteCut.lean	79a3b5fb6370fea7f00cf6aec7314dbb9ae9bba8d80438648aa5ed078fe66c39
AJE43CompleteStrongFiniteApproximation	LeanCode/Internal/PhysicalAnalysis/AJE43CompleteStrongFiniteApproximation.lean	7aefabc72c82af64acef65480ac31a2494debe3145805df1f2579fa09677d827
AJE44OriginalSharedInsertedGrade	LeanCode/Internal/PhysicalAnalysis/AJE44OriginalSharedInsertedGrade.lean	264a1aeaec45f46032736c95116f0161f1261366a5694db2908b3913e25405e4
AJE45FiniteSourceGraphOrbitSmoothness	LeanCode/Internal/PhysicalAnalysis/AJE45FiniteSourceGraphOrbitSmoothness.lean	7019bd65a8f2b742c95a1d889676886c024de686ffd038f4a554c048f643fd0c
AJE46SmoothSourceCurveAssembly	LeanCode/Internal/PhysicalAnalysis/AJE46SmoothSourceCurveAssembly.lean	d69c30b63d48aeeb872e18f190643cf8b15579a4fc849a03f64a96ce7c4644f2
AJE48FiniteCompleteStrongOrbit	LeanCode/Internal/PhysicalAnalysis/AJE48FiniteCompleteStrongOrbit.lean	86be0c95ae428faa6e23dd5c819f9eeb700f787226ee476c6a4d70139e825e72
AJB11SameLowInverseDerivative	LeanCode/Internal/PhysicalAnalysis/AJB11SameLowInverseDerivative.lean	affabfdf3e21d0cce82bb78f63aad67e60f7705c1a44b7bc87be66640baa531d
AJB12OriginalLowInverseFirstJetBound	LeanCode/Internal/PhysicalAnalysis/AJB12OriginalLowInverseFirstJetBound.lean	8073f5f491889b48f6683c10ccdc4b6d6c90f04ff138212c2d4eb7a4c19639f6
AJB20ActualLowOrderedInverse	LeanCode/Internal/PhysicalAnalysis/AJB20ActualLowOrderedInverse.lean	fa4203eac90a3bcca44c6fdadf78380ba7069b8d5cf712cfe167341033c1af66
AJA21PositiveOrderedBounds	LeanCode/Internal/PhysicalAnalysis/AJA21PositiveOrderedBounds.lean	7c6de885fcd20fe741bfcd0762faa7719b8bf59efe633b08f954eb2e297c87c5
AJB21OriginalLowOrderedOneHigh	LeanCode/Internal/PhysicalAnalysis/AJB21OriginalLowOrderedOneHigh.lean	137362ef87bdbd7bc43b3d07ee616e9b212ce596f0b7f3e04ae84c987dada652
AJB28OriginalFrequencyOneHighAllocation	LeanCode/Internal/PhysicalAnalysis/AJB28OriginalFrequencyOneHighAllocation.lean	c15845f46715c1c8fd850a3b78feb40a14875b60d75c852861a89690e70157de
AJB29ActualLpComplementaryEstimate	LeanCode/Internal/PhysicalAnalysis/AJB29ActualLpComplementaryEstimate.lean	800bb2401d22e4ba38ea551ef69ccd803c71c89981a57f68a7641bccb50b3cbc
AJE47RealSourceGeneratorCoordinates	LeanCode/Internal/PhysicalAnalysis/AJE47RealSourceGeneratorCoordinates.lean	449225a9c272e296271201550d66280513848fa52a4a66472037afebce1c8c6b
AJE49ActualStrongGeneratorCoordinates	LeanCode/Internal/PhysicalAnalysis/AJE49ActualStrongGeneratorCoordinates.lean	9a4e9e2021cce65648c8bd2d73848fd5dd4334bc987d0a04e1ac56ff93066621
AJE53SourceFrequencyAllocation	LeanCode/Internal/PhysicalAnalysis/AJE53SourceFrequencyAllocation.lean	9eb68c5bbde1234aaa6a808dcc28d8b5dedf7c89cd2e5dd8bd1fba7b3d612d07
AJE54CompleteSourceOneHighBound	LeanCode/Internal/PhysicalAnalysis/AJE54CompleteSourceOneHighBound.lean	3ee671dd2958c1a3d269066270a15d54df778bcd8053b0d3daa570d42966d5b2
AJE50GenuineSmoothRadialDensity	LeanCode/Internal/PhysicalAnalysis/AJE50GenuineSmoothRadialDensity.lean	63d12fbf2cc0880f203b6f545f3f808d93303e177231f3aaddd40969df821b08
AJE51OriginalMeanFreeRetraction	LeanCode/Internal/PhysicalAnalysis/AJE51OriginalMeanFreeRetraction.lean	cc291a7dac297945dc703e9c43edd05d9ecb50c52a7005521a6741fdec1c5a1d
AJE52CompleteSmoothSourceDensity	LeanCode/Internal/PhysicalAnalysis/AJE52CompleteSmoothSourceDensity.lean	0c8880c4a10e1ee6f5f360b4a03c3c38e3c9ddcf4ba73a305ea344e70a976a60
AJE55ExactSmoothSourceCore	LeanCode/Internal/PhysicalAnalysis/AJE55ExactSmoothSourceCore.lean	55ed78133a367a5ade309b3e5929592969d2e0fb805d7b1c8d17dadcf6045c46
AJE56SmoothOriginalFiniteSupport	LeanCode/Internal/PhysicalAnalysis/AJE56SmoothOriginalFiniteSupport.lean	11194e4086da2d0d3056ef10f9ca1c4877544cbd594672ea78d325149c5a9a6a
AJE57SameReconstructedSmoothSupport	LeanCode/Internal/PhysicalAnalysis/AJE57SameReconstructedSmoothSupport.lean	9ce99b45b084d886b650561c520804221206d7afd3c83db1ff2187f89ee31739
AJE60OriginalSharedSourceConsumer	LeanCode/Internal/PhysicalAnalysis/AJE60OriginalSharedSourceConsumer.lean	a76212ce5d4e78b124775df3807f6e67693d6739573536e907a7b7b146bde49a
AJL1FiniteSmoothPhysicalRows	LeanCode/Internal/PhysicalAnalysis/AJL1FiniteSmoothPhysicalRows.lean	e55fd08c386fd36cddc235daec0862a70d85513150c391819583d11a246bfd93
AJL2SmoothStoredSourceConstruction	LeanCode/Internal/PhysicalAnalysis/AJL2SmoothStoredSourceConstruction.lean	958fc76ce6542f20b3e25342e3c3b9cace1553fae091dc5badc0e18be3c95433
AJL3SameOriginalSmoothRows	LeanCode/Internal/PhysicalAnalysis/AJL3SameOriginalSmoothRows.lean	69883096cf57fa24eec429fff0ca6168ee6873b65e755730e85d3d3d991990dd
AJL4OnceOnlySmoothSevenPacket	LeanCode/Internal/PhysicalAnalysis/AJL4OnceOnlySmoothSevenPacket.lean	531f111e941b9fc63ab3d100203b2c06687c108e5862e659de31fe3051c45743
AJL5ActualRawSourceCurves	LeanCode/Internal/PhysicalAnalysis/AJL5ActualRawSourceCurves.lean	03741848ac4c692c32f9c5462d4d2d3e4a01f62c6326e7b40b61ad720798a767
AKD1ExactConjugatedFinitePolynomial	LeanCode/Internal/PhysicalAnalysis/AKD1ExactConjugatedFinitePolynomial.lean	2c8fff8729448a27b8b7adfb486ea00abc31ffa5823967b14e14d4639a01afc7
AKD2SameConjugatedKnownSourceCurves	LeanCode/Internal/PhysicalAnalysis/AKD2SameConjugatedKnownSourceCurves.lean	6ec97bcae39ebcf8007f87134f8cdec001f41e9ff128018e6b5a453d95ee43f7
AJI19ActualRadialSystemOperator	LeanCode/Internal/PhysicalAnalysis/AJI19ActualRadialSystemOperator.lean	837a79a3a193af8abd3efeb973c57e32e6c0939cf7bbcc45ceac58f3d4e25281
AJI20ActualUnknownInputCoefficients	LeanCode/Internal/PhysicalAnalysis/AJI20ActualUnknownInputCoefficients.lean	57680714d0916cec71a185fae218e776e181a56594758f6ef157e69b39739d6d
AJI22ActualHighSectionStorage	LeanCode/Internal/PhysicalAnalysis/AJI22ActualHighSectionStorage.lean	227e1e4f50cd4c7719f8b45abc8dcb835161cb48f63ca8fbb734dcbc9e040c56
AJI23SamePhysicalUnknownPacket	LeanCode/Internal/PhysicalAnalysis/AJI23SamePhysicalUnknownPacket.lean	dfe180756be4ceba4c6e59fffbb539256e4f9ade043e753746df303cddde77bc
AJI24SameStoredUnknownInput	LeanCode/Internal/PhysicalAnalysis/AJI24SameStoredUnknownInput.lean	1a49fd8ee626555a1d2b3b8ac5886db8893d09a8459329ab643f62171a09b27d
AJL6ExactPolynomialPhysicalAction	LeanCode/Internal/PhysicalAnalysis/AJL6ExactPolynomialPhysicalAction.lean	ef096d6dacd9a42e1ab66dabf8b3d7be851bb3137a1d4cdbfcf808677be4e303
AJI25ActualUnknownCurveFidelity	LeanCode/Internal/PhysicalAnalysis/AJI25ActualUnknownCurveFidelity.lean	e04ab0f8c34c75807f1532a6ba5fff4b289df3fd5ee745f192c4693734bc5c74
AJI26SameUnknownPhysicalRows	LeanCode/Internal/PhysicalAnalysis/AJI26SameUnknownPhysicalRows.lean	b01b4546d11947dfc2e936dd5a29590aaf7d982c03f15adfff6ec5d1fd9b2506
AJI27ActualUnknownRadialRHS	LeanCode/Internal/PhysicalAnalysis/AJI27ActualUnknownRadialRHS.lean	943ccf2eaf80ebc73b48ab60690ab6258404223886c8cf7ae7fe3771049e45d1
AJI28UnknownPhysicalRHSAssembly	LeanCode/Internal/PhysicalAnalysis/AJI28UnknownPhysicalRHSAssembly.lean	91b9df3f5216aa481b46a699ee84fdd4169961a3edbd8202d4098b308f088c82
AJI29ActualUnknownPhysicalRHS	LeanCode/Internal/PhysicalAnalysis/AJI29ActualUnknownPhysicalRHS.lean	e5bf0b27234dd0cfe470f4f71e2c92900b3c207682e3f5d073dfc11c16b19d72
AJL7SameKnownPhysicalResponseCurves	LeanCode/Internal/PhysicalAnalysis/AJL7SameKnownPhysicalResponseCurves.lean	35d06a2059e37f2a173d6eb1c47d141d231813f1c57604a34938923c7ff79aaf
AJI21ActualSmoothRadialSystemSource	LeanCode/Internal/PhysicalAnalysis/AJI21ActualSmoothRadialSystemSource.lean	6c100df3f9118b755f5cabe545f2da8c9edbd632c2c6faf3eba2e653af7b8a59
AJQ1OriginalSourceFrequencyAlgebra	LeanCode/Internal/PhysicalAnalysis/AJQ1OriginalSourceFrequencyAlgebra.lean	95963645f01c226ec31c9e1b7fad08e105026a0502329dff019b67ed33b8f3fc
AJQ2ActualKnownSourceRHS	LeanCode/Internal/PhysicalAnalysis/AJQ2ActualKnownSourceRHS.lean	432bb8b5e3d5428ada447034957dbadec4b2837496e2c0ddb655fe765269b3b8
AJI30ActualFullRadialRHS	LeanCode/Internal/PhysicalAnalysis/AJI30ActualFullRadialRHS.lean	690d74843a41ebeaf07806d13ade0818caab3d1aa8fc2c9750575dcc28d68a0a
AJF12RealSourceApplicationDerivatives	LeanCode/Internal/PhysicalAnalysis/AJF12RealSourceApplicationDerivatives.lean	3b4d0977e0bc213ae8a4a7967cb389ca10ada1370decaf804520c667c8e5b576
AJF17MappedOrderedDerivatives	LeanCode/Internal/PhysicalAnalysis/AJF17MappedOrderedDerivatives.lean	4c7c13013f2021bc994d628cdb5284a5d0c4814cdd64e48b3e95be5900cf0e76
AJF18PositiveJetCompositionBound	LeanCode/Internal/PhysicalAnalysis/AJF18PositiveJetCompositionBound.lean	2efde4543f14f8a14f8f5004d32db576cef947587fd2de14b4de6c56a1ba8c66
AJF21FixedDerivativeOperations	LeanCode/Internal/PhysicalAnalysis/AJF21FixedDerivativeOperations.lean	5da4d073391b973a930c33abf3e6ebf557fd5a944b1f2f680dcb2eb5a8db22c6
AJF24RealClosedGraphOperatorLift	LeanCode/Internal/PhysicalAnalysis/AJF24RealClosedGraphOperatorLift.lean	4fdb0139fb1369735184bbeae6c21f363da0d148661d6c35f661d232586dcfdd
AJF13GenuineIncomingLiftCovariance	LeanCode/Internal/PhysicalAnalysis/AJF13GenuineIncomingLiftCovariance.lean	02576c6087a61554038268253f3722d030931410ea61812880227b5366bc8ee1
AJF14ActualLiftTestFunctionalOrbit	LeanCode/Internal/PhysicalAnalysis/AJF14ActualLiftTestFunctionalOrbit.lean	9b4657ef0a5cf447579c85cc38c38345503a4941ba2f1e1422676df907a8fe10
AJF15SameLiftedHighSolverOrbit	LeanCode/Internal/PhysicalAnalysis/AJF15SameLiftedHighSolverOrbit.lean	b9b2cce615ede421e0aeb47792be0308c28de709285b6b0769b3f534abbd04cf
AJF16ExactLiftedHighOrbitIdentity	LeanCode/Internal/PhysicalAnalysis/AJF16ExactLiftedHighOrbitIdentity.lean	f62f477e1479dfee367f8eecf94cba5360088d4b55ef970e4c59fc4c4b971d9d
AJF23SameKnownHighEnergyOrbit	LeanCode/Internal/PhysicalAnalysis/AJF23SameKnownHighEnergyOrbit.lean	111b9e31d8fb541995a58d3a0c9b39e43323f9afe3c6599ed49089caa45e1a69
AJF25SameKnownPhysicalOutputOrbit	LeanCode/Internal/PhysicalAnalysis/AJF25SameKnownPhysicalOutputOrbit.lean	a77fcee1c243dec87d65a48e2d2c6cf9143d74bc4c33b936c24f81ebd4506395
AJD12OriginalOmegaCoordinateCovariance	LeanCode/Internal/PhysicalAnalysis/AJD12OriginalOmegaCoordinateCovariance.lean	c5aa50f1c2d0df25e95d6cb67b9e4340b1960925ae963a92104c36feecbf971a
AJF26SameSharedKnownHighFlux	LeanCode/Internal/PhysicalAnalysis/AJF26SameSharedKnownHighFlux.lean	418ca7867d2d0c557230232997f97cdbf07749ceef181f6d4c890f585ec0a111
AJF27SameSharedKnownHighResponse	LeanCode/Internal/PhysicalAnalysis/AJF27SameSharedKnownHighResponse.lean	c10ffad5db4c52b43a501189bc982902a85d92359606cbbbc07ddc561527f8b4
AJF28SameSharedKnownLowResponse	LeanCode/Internal/PhysicalAnalysis/AJF28SameSharedKnownLowResponse.lean	60622634d4870a25efe2416ef0e29a35b1e6e7da7ffc34d5adc3d214000423b2
AJD9SameActualHighCrossEnergyOrbit	LeanCode/Internal/PhysicalAnalysis/AJD9SameActualHighCrossEnergyOrbit.lean	4187e641b1192a71929872d32b0bb027044d31fad8abf83e1d28dbf535ef080d
AJD10SameCrossEnergySmoothness	LeanCode/Internal/PhysicalAnalysis/AJD10SameCrossEnergySmoothness.lean	a7e50c56c2580e16993b9ec4803bfde01d53fa80ca731a04bc04f658c628e0b7
AJD11SameCrossPhysicalOutputOrbit	LeanCode/Internal/PhysicalAnalysis/AJD11SameCrossPhysicalOutputOrbit.lean	6a73e743e5100a4206750f9097b91a16ca0ff436eb9892753817b2cf4002b35d
AJD13SameOriginalCrossFluxOrbit	LeanCode/Internal/PhysicalAnalysis/AJD13SameOriginalCrossFluxOrbit.lean	1ed7cecc5da37a4943bc73d40f5e5229349b738be8d44496b4928c74ed0364d8
AJD14SameCompleteHighCrossResponseOrbit	LeanCode/Internal/PhysicalAnalysis/AJD14SameCompleteHighCrossResponseOrbit.lean	68a77b401167a4fe6b69be4887df58b2075f16ae361f55c55ee72a8372763841
AJD15OriginalHighCrossInputCovariance	LeanCode/Internal/PhysicalAnalysis/AJD15OriginalHighCrossInputCovariance.lean	50b3b39b23a00375d7c15637b2fda6596dbe4febfc7b3904545dbd5baa30bad3
AJD16ActualCrossBulkOperatorOrbits	LeanCode/Internal/PhysicalAnalysis/AJD16ActualCrossBulkOperatorOrbits.lean	34e7ad84f771b11a9b653022f62d241a1ff4b0f736adfe3775b9d22cfacd2b78
AJD17ActualLowOuterInputTranslations	LeanCode/Internal/PhysicalAnalysis/AJD17ActualLowOuterInputTranslations.lean	e0cd2095954e7619356b0389821ebe25a0d8b9c50dec0792a598f3f31243ae96
AJD18SameLowToHighBoundaryOrbit	LeanCode/Internal/PhysicalAnalysis/AJD18SameLowToHighBoundaryOrbit.lean	82cb4207f199499588197ba10920970b453e9324793067c081773d58a4df3165
AJD19CompleteActualCrossDataOrbits	LeanCode/Internal/PhysicalAnalysis/AJD19CompleteActualCrossDataOrbits.lean	39cf34eb4230003e31afa6b79d9a5bb2283841677bf0ada1e0e766503b304fc8
AJD20SameActualOffDiagonalOrbits	LeanCode/Internal/PhysicalAnalysis/AJD20SameActualOffDiagonalOrbits.lean	26235c3903c538fee4be3f50a50db95b87a112d3fded59f09c2328470f2f2f5b
AIZ6SameCoupledInverseOrbit	LeanCode/Internal/PhysicalAnalysis/AIZ6SameCoupledInverseOrbit.lean	9a9da24b8adb3c9560c47a3e7e24d5d7a97af941868d8a6971c23a0d2f712b37
AJD21SameCoupledErrorSmoothness	LeanCode/Internal/PhysicalAnalysis/AJD21SameCoupledErrorSmoothness.lean	bc7e1c220c2b6e1470ebb95d26d222ee9bcf6fc1a17d6b8095504a6ef996b7db
AJD22SameCoupledInverseFrechetCalculus	LeanCode/Internal/PhysicalAnalysis/AJD22SameCoupledInverseFrechetCalculus.lean	391aac62895974b8c254704fbdf2a0117720585fd90dfef3e663afa2969fbfe4
AJF29SameSharedCoupledResponseOrbit	LeanCode/Internal/PhysicalAnalysis/AJF29SameSharedCoupledResponseOrbit.lean	6f2fd5e993ce11fb318ff2c97a63c280f709e05d7e2d8a3e210a80df47c4ddeb
AJF35SameSolutionGeneratorApplication	LeanCode/Internal/PhysicalAnalysis/AJF35SameSolutionGeneratorApplication.lean	91adc90327de0d2e634af8024d82a45fb416f65b51a311017bc1e56c62609e3c
AJF40FiniteSourceActualGraphGrade	LeanCode/Internal/PhysicalAnalysis/AJF40FiniteSourceActualGraphGrade.lean	5d0895c4d9ed6c950bca2158d2f632ca68366a4779eb970889e1561f31210dac
AJQ3SameSmoothSourceContinuousSolution	LeanCode/Internal/PhysicalAnalysis/AJQ3SameSmoothSourceContinuousSolution.lean	acf67d8ce750151ecbcc186f5facdbc6e08f41dcc8369f76cac63a61b8b0eed1
AJI31SameSmoothSourceRHSConsumer	LeanCode/Internal/PhysicalAnalysis/AJI31SameSmoothSourceRHSConsumer.lean	74c1ca0707d9f09551d4632d87a4b8ceb5c185f8a2b41a50a0181106a52ad375
AJU1ClosedHilbertRadialJets	LeanCode/Internal/PhysicalAnalysis/AJU1ClosedHilbertRadialJets.lean	657a44367df55d49d990d2414c35215f64c7ac91f791eda3e12fc11fd53f9694
AJU2UniformPhysicalJetSummability	LeanCode/Internal/PhysicalAnalysis/AJU2UniformPhysicalJetSummability.lean	ddbf0e929415577e3134e2c158630584e39b7a5a63fb784e5de65eb4208221d6
AAZJ5ClosedRadialSeriesDerivative	LeanCode/Internal/PhysicalAnalysis/AAZJ5ClosedRadialSeriesDerivative.lean	77729f23f653a8c7f6cc0445c8edd420803fa08181a6d17ca43ba8d4e1cd55a9
AJU3PhysicalJetPrimitive	LeanCode/Internal/PhysicalAnalysis/AJU3PhysicalJetPrimitive.lean	1eda1dd1e84e4e28a60bc9ec2fb2857794539d2807fb0ea52632e985108d169e
AAZJ6ExactFourierDerivatives	LeanCode/Internal/PhysicalAnalysis/AAZJ6ExactFourierDerivatives.lean	e45237418582fc904708f0dbe02632c2fd81548ba63f58fd87267b254b84c0a3
AJU4FullPhysicalFourierSymbols	LeanCode/Internal/PhysicalAnalysis/AJU4FullPhysicalFourierSymbols.lean	b89dc73e870c74dad1d0299e07c99d44f74e072723985d84e8ced73f57846e16
AJU5FullMixedFourierSections	LeanCode/Internal/PhysicalAnalysis/AJU5FullMixedFourierSections.lean	5d80c31a2fc941ba61c1051275ee0b57aae8c40953e8b461f7d711e3cb426ff5
AJU6FullMixedSectionDerivatives	LeanCode/Internal/PhysicalAnalysis/AJU6FullMixedSectionDerivatives.lean	3b2a76d78bb8888a994e0526aca5bb67219a294d507ff912eef73703c8a16274
AJU7FullJointPhysicalDerivative	LeanCode/Internal/PhysicalAnalysis/AJU7FullJointPhysicalDerivative.lean	aa8feb95a75af12024ed0b0239de91ea9fe461e1a5e42fd64c19ecdff8e67e66
AAZJ7ActualMixedFourierSections	LeanCode/Internal/PhysicalAnalysis/AAZJ7ActualMixedFourierSections.lean	6600278137b43a99a4f469a209443b3db4b5920febda85276e140bc22465427a
AAZJ8AllMixedSectionDerivatives	LeanCode/Internal/PhysicalAnalysis/AAZJ8AllMixedSectionDerivatives.lean	31f485918c7d04e0422e1894963b41c9c67732b5e433b2a29f2fa771297d30c9
AAZJ9JointFrechetDerivative	LeanCode/Internal/PhysicalAnalysis/AAZJ9JointFrechetDerivative.lean	282bbe85eaa685d8ee2a1aefcd6415a366d22641b0b173ef0a31e0e7b0b24b3f
AAZJ10JointSmoothReconstruction	LeanCode/Internal/PhysicalAnalysis/AAZJ10JointSmoothReconstruction.lean	450c04ef2a2a8a3db3d2141439398fa41be39a061eeec7bc7a6ab935532c67d0
AAZJ11ExactDoubleFourierCoefficient	LeanCode/Internal/PhysicalAnalysis/AAZJ11ExactDoubleFourierCoefficient.lean	884c2b46e05203a6d2871b89fc981e8c98492848fa4845e169d760ac908e2a75
AAZJ12ActualFourierL2Identity	LeanCode/Internal/PhysicalAnalysis/AAZJ12ActualFourierL2Identity.lean	bed8dbe316cd31d17ec1ae5ee4952bfd41fbd5a34a93765504f44a48d20845f9
AAZJ13OriginalTwoTorusReconstruction	LeanCode/Internal/PhysicalAnalysis/AAZJ13OriginalTwoTorusReconstruction.lean	64077470ceea4b7f98bff3cc225579203ac9900c8b8af8b379e800892343f65e
AAZJ14ClosedJointPhysicalJets	LeanCode/Internal/PhysicalAnalysis/AAZJ14ClosedJointPhysicalJets.lean	c544d98f570b01e99ce8d9ab7ac969f8ce7cf24d4c6717e376e5553f1dd943cd
AAZJ15SameSolutionJointSmoothConsumer	LeanCode/Internal/PhysicalAnalysis/AAZJ15SameSolutionJointSmoothConsumer.lean	3f15ced2de55fd7efa6f3854771c2aa1d7b018f878cce6844a93e684ce00226a
AAZK1ClosedProductDerivative	LeanCode/Internal/PhysicalAnalysis/AAZK1ClosedProductDerivative.lean	ebdffcb4a0f6e21bd780bd9bef3bffddab4e42103c6ba4b8b1f8f9698703a18b
AJU8FullClosedJointSmoothness	LeanCode/Internal/PhysicalAnalysis/AJU8FullClosedJointSmoothness.lean	d889b94635480c2112e4a76da2e1d4e21cdd59e7b34c8a223f6ee5f40b1868c0
AJU9ExactFullFourierRecovery	LeanCode/Internal/PhysicalAnalysis/AJU9ExactFullFourierRecovery.lean	91f9a67385a3b81570f2bc96a671d8ed38f0219c4ae9e2869beca2f54a282872
AJU10ClosedHilbertFourierReconstruction	LeanCode/Internal/PhysicalAnalysis/AJU10ClosedHilbertFourierReconstruction.lean	1657ecf69cae5f5be15c027e680f7d562793e3f3e86f43946b13f5b5b3994cb6
AJT1ClosedCollarPairDerivative	LeanCode/Internal/PhysicalAnalysis/AJT1ClosedCollarPairDerivative.lean	ad1916320a9a3220f1e267fa5a290aee94605895a7ac980e10078c168eb00ea6
AJQ4ExactSmoothSourceSystemConsumer	LeanCode/Internal/PhysicalAnalysis/AJQ4ExactSmoothSourceSystemConsumer.lean	2badfed11029ed5fbd606c25824394e9ac77f7ed4f8918e94e6af25b5923d10a
AJT2SameClampedSystem	LeanCode/Internal/PhysicalAnalysis/AJT2SameClampedSystem.lean	a56b57a314e1a9600bc2beca261bcea3e320d7632ddde4aa145e3dac31a3c9ec
AJT3PolynomialCoordinateDerivative	LeanCode/Internal/PhysicalAnalysis/AJT3PolynomialCoordinateDerivative.lean	35a38737bd3b55698d002b20123327c16acc4970dcea3e759cd3027cb3c49618
AJT4SameAllGradeDerivatives	LeanCode/Internal/PhysicalAnalysis/AJT4SameAllGradeDerivatives.lean	0955ce655df9907d0cb87b48e597f39279ce85a84cbec27fbec5f2a55858bab0
AJT5OriginalMeanFreeSystem	LeanCode/Internal/PhysicalAnalysis/AJT5OriginalMeanFreeSystem.lean	4606dca5b75eb85c8c7700e467da1ab3a868bacd0b75a6d502fc363c196e76f0
AJT6SameProjectedRadialBootstrap	LeanCode/Internal/PhysicalAnalysis/AJT6SameProjectedRadialBootstrap.lean	5cebd0cb4fdc72a96dc305b21ef4e56799cb6a73a78bf5c97f7a39fe7f85738a
AJN1ActualHighStorageRemoval	LeanCode/Internal/PhysicalAnalysis/AJN1ActualHighStorageRemoval.lean	d6aa7618294ba781dc29f31fe1b26097f18067d47258bb4d46a38177dd8a0659
AJN2SameHighXiWeakDerivative	LeanCode/Internal/PhysicalAnalysis/AJN2SameHighXiWeakDerivative.lean	218f9c2380ab86fde86617389985cbcb028bd0f20298c110ae9d936fe00f6d21
AJN3ActualSharedHighFirstRow	LeanCode/Internal/PhysicalAnalysis/AJN3ActualSharedHighFirstRow.lean	67339e3547d69bc9840baf8fa4f64ee1e99ab4f4e4d1c27b411ea33ae3d51a2c
AJN4SameHighFluxWeakDerivative	LeanCode/Internal/PhysicalAnalysis/AJN4SameHighFluxWeakDerivative.lean	12890412bf6c54ea46f42d24795737276560b2762c616d96edcc5114816275b2
AJN5ActualSharedHighFluxRow	LeanCode/Internal/PhysicalAnalysis/AJN5ActualSharedHighFluxRow.lean	5e4a2e49524f0a24582b20c88f3d6a4acb9a19af00accbd97c5426d429b6e1ec
AJN6LiteralFullFluxSources	LeanCode/Internal/PhysicalAnalysis/AJN6LiteralFullFluxSources.lean	a67f60c164b940f15112953fc2c97e542f83c4cc0448f0c4ba4170de2404b4dc
AJP1FullPhysicalRowLinearity	LeanCode/Internal/PhysicalAnalysis/AJP1FullPhysicalRowLinearity.lean	47fae0260e4410a6bbbd45528b9b8b4c596fe8d82e6ed6fdcbf406a93e4a15ac
AJP2HighPhysicalStorageDecode	LeanCode/Internal/PhysicalAnalysis/AJP2HighPhysicalStorageDecode.lean	6eeb8d30916dc5660fa8ec3242a4a5b1363f4a15f78df2286061c917d9c6c663
AJP3HighFluxStorageAlgebra	LeanCode/Internal/PhysicalAnalysis/AJP3HighFluxStorageAlgebra.lean	45b81f7de12ec1b2494ff5e3f9dc2e3d338a3ebb7eb092528598e42302d52ce7
AJP4SameHighCoefficientSections	LeanCode/Internal/PhysicalAnalysis/AJP4SameHighCoefficientSections.lean	4f7dd93b71c59eab059c4802b5b6bd241a698448edacb4010970567b2d58c907
AJP5FullHighFirstRow	LeanCode/Internal/PhysicalAnalysis/AJP5FullHighFirstRow.lean	bacaab2cb324294bb3c57d6d97d8770e3ffe4ed30ab7efcaabf4c0822b96f5e9
AJP6FullHighFluxRow	LeanCode/Internal/PhysicalAnalysis/AJP6FullHighFluxRow.lean	9eb7ddd91d02b75b018049beec5410d8d5af623333dd905a9bbce13521970079
AJP7SameHighCoordinateDerivative	LeanCode/Internal/PhysicalAnalysis/AJP7SameHighCoordinateDerivative.lean	8a9ebc9832eafeb87d93414c2c3376aeeadf84e91e2f9f8f715fe2974333b5fd
AJO1GenuineLowWeakDerivative	LeanCode/Internal/PhysicalAnalysis/AJO1GenuineLowWeakDerivative.lean	919a9a1db3cd5e98482694ab2b6b19ba915e3628a918f0da2d4a290f10665fcd
AJO2OriginalPhysicalBalancingCurves	LeanCode/Internal/PhysicalAnalysis/AJO2OriginalPhysicalBalancingCurves.lean	1bed2dcd02d8fba9cef7b7365187dabbc01d761d7da9dc6ea076e8d0c7289aba
AJO3ActualPhysicalLowDerivative	LeanCode/Internal/PhysicalAnalysis/AJO3ActualPhysicalLowDerivative.lean	4a24788e34940cd5d4594bc781527514d3e3215b7b37693a5f17ca3e283656ae
AJO4LiteralFullLowRowCoefficients	LeanCode/Internal/PhysicalAnalysis/AJO4LiteralFullLowRowCoefficients.lean	cf811b7c89a257a16d7667ce410247db2600613c32fba798586a6d5634a25769
AJO5OriginalRhoCancellation	LeanCode/Internal/PhysicalAnalysis/AJO5OriginalRhoCancellation.lean	936a2247db82c89230acd7979102d70f8596e4cd31ca00923be3a25bcfc91a72
AJO6ActualRawLowEquations	LeanCode/Internal/PhysicalAnalysis/AJO6ActualRawLowEquations.lean	756ecc5267395b125e64f9ccce44eb3ef2a3fab321ffdad10ba67a35faed9597
AJO7SameSharedResponseLowPDE	LeanCode/Internal/PhysicalAnalysis/AJO7SameSharedResponseLowPDE.lean	6d4c2a1af33a2bf720a692dc737aa10160c011f9ceadb7c5c7e70af9fdfb444a
AJS1LowOriginalRHSSplit	LeanCode/Internal/PhysicalAnalysis/AJS1LowOriginalRHSSplit.lean	5fe060b06508a69e1f622d2ab76fb35d32ab780f6d1c28d71653d11055f18110
AJS2SameLowRawRHSFidelity	LeanCode/Internal/PhysicalAnalysis/AJS2SameLowRawRHSFidelity.lean	1ef672b221639df7b8c833dd52b1d02137b4899261d37a462fc67b4a2b3ffa12
AJS3SameLowCoordinateDerivative	LeanCode/Internal/PhysicalAnalysis/AJS3SameLowCoordinateDerivative.lean	9334b916b4535d7c0846aed68f21988b7c7c64c237525bbd731b9cd9dd1accef
AJT7ActualSameSolutionSmoothness	LeanCode/Internal/PhysicalAnalysis/AJT7ActualSameSolutionSmoothness.lean	224ef02e8a98c6ac0a5068e9d4ae71d607498f9ac2b732f8cd30ce0d2cc938cd
AJU11SamePhysicalSmoothResponse	LeanCode/Internal/PhysicalAnalysis/AJU11SamePhysicalSmoothResponse.lean	e8c31e63fe50e45c2e688d84ec879f85cd819b0754f68c4251f172a2379fdca3
AJU12ExactSameRawPhysicalConsumer	LeanCode/Internal/PhysicalAnalysis/AJU12ExactSameRawPhysicalConsumer.lean	244f840a5692e40c652bf1b1cd9f2ca6c30c8a1bf7bf3cefafb054826f4439f6
AJY1ExactAngularPrimitiveCurve	LeanCode/Internal/PhysicalAnalysis/AJY1ExactAngularPrimitiveCurve.lean	8c9858037f48dc9263deecfd1a7a3c03254ac16c5f579975a9c1618e813b6dd4
AJY3ExactFinitePhysicalSource	LeanCode/Internal/PhysicalAnalysis/AJY3ExactFinitePhysicalSource.lean	c8ff51843a9fa7f9d111d8b2ad55c0d5fbb8836a5921b6d63f83ceb202c3818d
AJY4SameCopiedSourceFields	LeanCode/Internal/PhysicalAnalysis/AJY4SameCopiedSourceFields.lean	0bd066bbbb411e30ab63dbe282ec45b22abc5f7c58db05e9ee988536860eae34
AKD3CopiedSourceConjugatedRadialCore	LeanCode/Internal/PhysicalAnalysis/AKD3CopiedSourceConjugatedRadialCore.lean	9f26dda6ad27d1200ee077364b4bd44bfb32286715bd196104ca96c6ea929300
AKI1OriginalWeightedRadialGrades	LeanCode/Internal/PhysicalAnalysis/AKI1OriginalWeightedRadialGrades.lean	ab9c1521b0c279c12fec26c7b6a3242384700adf5cff1f8e48daf6214ccf1ead
AKI2LiteralFourFieldSmoothCarrier	LeanCode/Internal/PhysicalAnalysis/AKI2LiteralFourFieldSmoothCarrier.lean	254564ab3f66de3dc0c592c58196ef5c7c9402f35654b1f0b9feb2e82966b4eb
AKI3SameRadiusOriginalTupleTraces	LeanCode/Internal/PhysicalAnalysis/AKI3SameRadiusOriginalTupleTraces.lean	c628f37fc3ed9063e650ddbf9d0ddf67371cdc6f8b32852c60248509704c73e4
AKI4LiteralOriginalResidualReconstruction	LeanCode/Internal/PhysicalAnalysis/AKI4LiteralOriginalResidualReconstruction.lean	b9b6f21014431f2427f4686bae13ef9dbb7970b07347d80d6720fece9576374a
AKI5SameCopiedSourceSmoothCore	LeanCode/Internal/PhysicalAnalysis/AKI5SameCopiedSourceSmoothCore.lean	d05643717b6dda72ff87b916ef8f0ef56c0c3d83f84e7cb2114bf4692c46bd01
AKB1ConjugatedHighSections	LeanCode/Internal/PhysicalAnalysis/AKB1ConjugatedHighSections.lean	81c612ee58e195f540ab6b7f0cf0f6526e862fde58466913c80c8dfadff19d75
AKB2ConjugatedFluxSections	LeanCode/Internal/PhysicalAnalysis/AKB2ConjugatedFluxSections.lean	ce7154aca95b4c42b88f3d5179ae3435367b773f17ddee3748b532c79ad61111
AKB3ConjugatedLowSections	LeanCode/Internal/PhysicalAnalysis/AKB3ConjugatedLowSections.lean	10b080d1bcde46fb4c42e2709321766cb36fd600d14eb8f53d42b25f7e407f46
AKB4ConjugatedLowDecay	LeanCode/Internal/PhysicalAnalysis/AKB4ConjugatedLowDecay.lean	610c9465b238ba64973d1241dc8ab6dc317266d78d30f541f14e623f9ae67a31
AKB5ConjugatedHighHilbert	LeanCode/Internal/PhysicalAnalysis/AKB5ConjugatedHighHilbert.lean	73d127b07747f0a15f0e829035a5ba321dbbe46bbc4d0bfca7c72b31513daf7f
AKB6ConjugatedFluxHilbert	LeanCode/Internal/PhysicalAnalysis/AKB6ConjugatedFluxHilbert.lean	aa21f1d6d1926894f69bb7c8ce46a404a96870154a1958e3a75cf8f845a7b9a1
AKB7ConjugatedLowHilbert	LeanCode/Internal/PhysicalAnalysis/AKB7ConjugatedLowHilbert.lean	6fd0d50239f990913f7d3dc9ddf006ba6ee5d9869605669d4ea8700a9e185cc2
AKB8ConjugatedCoupledContinuousFields	LeanCode/Internal/PhysicalAnalysis/AKB8ConjugatedCoupledContinuousFields.lean	7d212e68869209c474320a5d35f1f24b540133465c895d6806e7343466ecde52
AKB9ConjugatedCoupledFourierFidelity	LeanCode/Internal/PhysicalAnalysis/AKB9ConjugatedCoupledFourierFidelity.lean	b7587d3ab663a1aab226dfff70842a9461df6808548836030f26ba0b9576218d
AKB10ExactSameOriginalPhase	LeanCode/Internal/PhysicalAnalysis/AKB10ExactSameOriginalPhase.lean	ff9860a9f54fb0204df2c35b7ff2ddd89d7267df9c22f887a1ca2dfcb211344c
AKB11SameConjugatedResponse	LeanCode/Internal/PhysicalAnalysis/AKB11SameConjugatedResponse.lean	f04568ae7d86a784d8b78856e1248cb574a7cb617b99bb009190a4e9a9877993
AJY2SamePhysicalPressure	LeanCode/Internal/PhysicalAnalysis/AJY2SamePhysicalPressure.lean	f1456e5035d9f0cfeab0bf78189eb9fbe07dbc21266e3b19a265e3f3e0eeda60
AKI6SameResponseWeightedFourFields	LeanCode/Internal/PhysicalAnalysis/AKI6SameResponseWeightedFourFields.lean	6dcae3e2ca79a061481824e9dfef1887664719e0f3aaf71fc7a6195f533d8c17
AKI7LiteralTupleCoefficientAlgebra	LeanCode/Internal/PhysicalAnalysis/AKI7LiteralTupleCoefficientAlgebra.lean	81c8785961d350033897517645f355ff0a740053238c6d7567ca5e67bbe2acdb
AKI8SameOriginalFullPacket	LeanCode/Internal/PhysicalAnalysis/AKI8SameOriginalFullPacket.lean	462977fdd451c57566592ba796dbb6bae27a74f70eb243205a6c92bd4dba202b
AKI9SameOriginalPhysicalRows	LeanCode/Internal/PhysicalAnalysis/AKI9SameOriginalPhysicalRows.lean	e8a5553e7b40471e41e9d9eb76709b966b84bc87bb81b91187e98ffcb8656a62
AKI10GenuineOriginalScalarDerivatives	LeanCode/Internal/PhysicalAnalysis/AKI10GenuineOriginalScalarDerivatives.lean	5d2d3459862d609264462e752c839cfc20f8e3979355d006f391876457836745
AKI11ExactFullResidualRHS	LeanCode/Internal/PhysicalAnalysis/AKI11ExactFullResidualRHS.lean	36caf1bddd0b4cd4e9b58f724a705f777e390127b27befb84c70f734da53b06a
AKI12ComputedFirstResidual	LeanCode/Internal/PhysicalAnalysis/AKI12ComputedFirstResidual.lean	4d487e4f6a131bea20f2d8f1e3667b7b1feecbbc25fc470cb0a94522b66b4312
AKI13OriginalFluxResidualAlgebra	LeanCode/Internal/PhysicalAnalysis/AKI13OriginalFluxResidualAlgebra.lean	4a2f6eec26abdda07b487cb581e981362d1003990ad0ef3fc3cd61f198a38655
AKI14ComputedThirdResidual	LeanCode/Internal/PhysicalAnalysis/AKI14ComputedThirdResidual.lean	b979c7abd362c7361fad5a53a963326e7cb6cca3a1352298ccb07a47552b35e3
AKI15OriginalIndependentResidualCoordinates	LeanCode/Internal/PhysicalAnalysis/AKI15OriginalIndependentResidualCoordinates.lean	f6fc1a6d8a988b0b8030e37c385c566e51c0d8e483b765b48c9bfa54e3eea5d9
AKB12FiniteReserveBootstrap	LeanCode/Internal/PhysicalAnalysis/AKB12FiniteReserveBootstrap.lean	f1866692495beee9c49fa555395654770b6779f828c3bb101bbb6694ed376dac
AKB13GenuineConjugatedCoordinateDerivative	LeanCode/Internal/PhysicalAnalysis/AKB13GenuineConjugatedCoordinateDerivative.lean	02dfe36d4ea2109d90064672166ba6631db672e820b2d0eaf83320fa2b23951d
AKF1ExactConjugatedUnknownInput	LeanCode/Internal/PhysicalAnalysis/AKF1ExactConjugatedUnknownInput.lean	65afc9d5ca6b8cde7213fb60610f6d2a86f79f4b6b4e4b48ff6e14f31ad0e545
AKD4OriginalIndependentConjugatedSources	LeanCode/Internal/PhysicalAnalysis/AKD4OriginalIndependentConjugatedSources.lean	5eb5ae529e6214a17ec8b459c5307cb82e35fff2dab30811a2785bb1ef7042b0
AKD5ActualConjugatedKernelFidelity	LeanCode/Internal/PhysicalAnalysis/AKD5ActualConjugatedKernelFidelity.lean	c8de3ee54bf271b732152782cbcc3769065fc6d57970b552cb8f479ca2597f86
AKF2SameConjugatedUnknownRows	LeanCode/Internal/PhysicalAnalysis/AKF2SameConjugatedUnknownRows.lean	826d761fef76fde71613526db5d0ac37447fc7c24f17a18af36501d3982cc793
AKF3ActualConjugatedRadialOperator	LeanCode/Internal/PhysicalAnalysis/AKF3ActualConjugatedRadialOperator.lean	36c8d73e98fdda7e43440eab69694d06757b767f58ecd94d9e1be0cd8c5e86ec
AKF4ExactConjugatedHomogeneousRHS	LeanCode/Internal/PhysicalAnalysis/AKF4ExactConjugatedHomogeneousRHS.lean	60597dbeedd22b2f0fb443e56c88449783b8300372f7aecce163d108c91b248f
AKD6SameConjugatedKnownPhysicalRows	LeanCode/Internal/PhysicalAnalysis/AKD6SameConjugatedKnownPhysicalRows.lean	610bcdda5eadb3e68cc7329a97557aac62eba18da8963c4a9b86e9da2947c415
AKD7ExactConjugatedSourceFrequencyAlgebra	LeanCode/Internal/PhysicalAnalysis/AKD7ExactConjugatedSourceFrequencyAlgebra.lean	8fdf76811678753ed7b4b0762c881ca7f2d7852e2ba385da6b3477248d1df534
AKD8SameConjugatedFullSourceRHS	LeanCode/Internal/PhysicalAnalysis/AKD8SameConjugatedFullSourceRHS.lean	e6b54c2ce3b87a9fb2745d304a4749cc73502d3f12710c9a2f8873a28a643c5f
AKF5ExactFullConjugatedPDE	LeanCode/Internal/PhysicalAnalysis/AKF5ExactFullConjugatedPDE.lean	aeec7205e4a11564a26dad3fe8f936e6be959e6e9661130ef43764c0d980f2eb
AKF6SameWeightedFieldReserves	LeanCode/Internal/PhysicalAnalysis/AKF6SameWeightedFieldReserves.lean	5f182e0bcb9dd872be6933363bfd42cf20c5e918c45394bd7f4f4497a03ce19f
AKF7ReservedHomogeneousOperator	LeanCode/Internal/PhysicalAnalysis/AKF7ReservedHomogeneousOperator.lean	6acd5911ca0aae2f44d30392c169619454f1779a06ca89e67af5b157a4726177
AKF8FiniteOrderHomogeneousSmoothness	LeanCode/Internal/PhysicalAnalysis/AKF8FiniteOrderHomogeneousSmoothness.lean	115184f7a2bd3df581f6e2fb035772efd1abeee29e44045aa7629b3eeb48ba8d
AKF9FullPairPhaseSlope	LeanCode/Internal/PhysicalAnalysis/AKF9FullPairPhaseSlope.lean	67b48274471646c3313ece6e2cb231d42fd2fc94a7b794ef1de588004eddb08a
AKF10FullReservedWeightedSystem	LeanCode/Internal/PhysicalAnalysis/AKF10FullReservedWeightedSystem.lean	ec127f1ac54329722d6a2d2b11dec0ab2aadfa0b044e25c7fee95282134ea0b3
AKF11ActualSourceSmoothnessAssembly	LeanCode/Internal/PhysicalAnalysis/AKF11ActualSourceSmoothnessAssembly.lean	8c1b857508c260f7da1f61407caf1e758ed641ddf779499ff2e553c59d3fd7da
AKC2FaithfulConjugatedAlgebra	LeanCode/Internal/PhysicalAnalysis/AKC2FaithfulConjugatedAlgebra.lean	d01e4b9d0d5b9ce811dea4fb10da9c8bbc1217a706776da03e2804482abc5121
AKC3ConjugatedGradeCoherence	LeanCode/Internal/PhysicalAnalysis/AKC3ConjugatedGradeCoherence.lean	3f47f5ff7c7afc46a51ea008749d7cc51acb5f06ba750b1747abae7eef1144c7
AKF12CommonFiniteInputReserve	LeanCode/Internal/PhysicalAnalysis/AKF12CommonFiniteInputReserve.lean	0b2f5063df13337fe36b5fe7f6f617979dcf5813a0230c57d9702945cce1f014
AKF13SameWeightedRadialBootstrap	LeanCode/Internal/PhysicalAnalysis/AKF13SameWeightedRadialBootstrap.lean	8aedf064cbc8b27bed04dbd964f155ca79ee1e5209be51adf5ed04909f1a8f83
AKC9ReservedMatrixDecay	LeanCode/Internal/PhysicalAnalysis/AKC9ReservedMatrixDecay.lean	09a606c5d71cb248fbf8948ed4f817c48b1acffc8d55f5836d7b4ea18993d664
AKC12ActualPhaseRatioJets	LeanCode/Internal/PhysicalAnalysis/AKC12ActualPhaseRatioJets.lean	c39d5b7431f3f31418518b545274b908493f4ca99abbf7604e44b00974d68d4d
AKC13ActualMatrixJetCalculus	LeanCode/Internal/PhysicalAnalysis/AKC13ActualMatrixJetCalculus.lean	e1872ea00e17ed86b111f2685f2c39460c0c23253e9966e749ac3923372ddfec
AKC14WeightedJetReserveBounds	LeanCode/Internal/PhysicalAnalysis/AKC14WeightedJetReserveBounds.lean	a1edb601ff5ec14f53c9592cbc63d8ced40f0d037ab587e46449b304f1e45963
AKC15ConjugatedMatrixJetBounds	LeanCode/Internal/PhysicalAnalysis/AKC15ConjugatedMatrixJetBounds.lean	dda796d9726b6b699b3b27b803f271642dee4575444339e2a44611304940d0d2
AKC10ExactReservedMatrixSeries	LeanCode/Internal/PhysicalAnalysis/AKC10ExactReservedMatrixSeries.lean	dfcdb1d0946f818832be3c20998f755fcb13b9e34457e847cb241b8d61d90de9
AKC16ConjugatedMatrixJetSeries	LeanCode/Internal/PhysicalAnalysis/AKC16ConjugatedMatrixJetSeries.lean	89b090c6ce8d04632ee0fe2287d436448cddaf15db0c02c37ae3fbeec1c27730
AKC4FiniteGradeOperatorCalculus	LeanCode/Internal/PhysicalAnalysis/AKC4FiniteGradeOperatorCalculus.lean	816013807c63f5fb37aca9ea74d99fd99852f037ff2a16b7e9ee3c43bc7ff93b
AKC17PrimitiveConjugatedKernelRegularity	LeanCode/Internal/PhysicalAnalysis/AKC17PrimitiveConjugatedKernelRegularity.lean	fd3822a1c28eaf86e53632af790eb6ea340fe4fe88e5cf82d6b3cb4392b4c27d
AKC5ReservedResolventDerivative	LeanCode/Internal/PhysicalAnalysis/AKC5ReservedResolventDerivative.lean	68276b243adb8af1f17178cc23438981be2d33996eb29d75758f5fcd18ce0120
AKC6FiniteGradeInverseCalculus	LeanCode/Internal/PhysicalAnalysis/AKC6FiniteGradeInverseCalculus.lean	32aa74bfe08cd7ff786d57fe015e0fa4fff3f937af61ec8e88c03a8b2139cc2d
AKC18FiniteGradeAlgebraClosure	LeanCode/Internal/PhysicalAnalysis/AKC18FiniteGradeAlgebraClosure.lean	fc9d9e2080669b80edb79d47d11c58079c155817637c691b9d5153386cd808bb
AKC11ReservedKernelContinuity	LeanCode/Internal/PhysicalAnalysis/AKC11ReservedKernelContinuity.lean	58a96592260fb6ec1e6f2a6c9a042654b751339b6d31fd35ad1d54f5cbbcbd1c
AKC19ConjugatedKernelAlgebra	LeanCode/Internal/PhysicalAnalysis/AKC19ConjugatedKernelAlgebra.lean	8bb4aae1e07ac410296e246435ebb476b6a4073176ea569426ed1732b1c58183
AKC20ActualJetAndFixedFamilies	LeanCode/Internal/PhysicalAnalysis/AKC20ActualJetAndFixedFamilies.lean	afed2a5d2476c106d6b3d35953ff7dde1def1fb4316e613342b2f8e101202340
AKC22ActualPrimitiveConjugatedFamilies	LeanCode/Internal/PhysicalAnalysis/AKC22ActualPrimitiveConjugatedFamilies.lean	f721caa5c9f9d0ec365818b88b5e289ec1d58dbdbf4b6e4ae90999baee330ceb
AKC23ActualSigmaConjugatedFamilies	LeanCode/Internal/PhysicalAnalysis/AKC23ActualSigmaConjugatedFamilies.lean	9886e925f23815278945daf1be7657e375885d0236d0ab0040a19227bdc7e2b9
AKC21SameOriginalConjugatedInverse	LeanCode/Internal/PhysicalAnalysis/AKC21SameOriginalConjugatedInverse.lean	856e007c5707fff2db297e29b123ad5d14e4f7621db9f8c1ea835d70018a020c
AKC24SameGaugeAndFirstConjugatedInverse	LeanCode/Internal/PhysicalAnalysis/AKC24SameGaugeAndFirstConjugatedInverse.lean	d8b83713ed91c681f97ab8f455aba0f0e13a027cdf8f9e9b4a18af88d41986ca
AKC25ActualKnownAndUnknownConjugatedFamilies	LeanCode/Internal/PhysicalAnalysis/AKC25ActualKnownAndUnknownConjugatedFamilies.lean	3e5e76d62cf560b0b3b1d376893629e9d0b0d4203a696480f11c9b89bac815a7
AKC26SameMassAndReconstructionConjugatedFamilies	LeanCode/Internal/PhysicalAnalysis/AKC26SameMassAndReconstructionConjugatedFamilies.lean	73ba6037054407123d060104c090a756c1efca52880e55c4a553fb92d19c2b3d
AKC27ActualCofactorConjugatedFamilies	LeanCode/Internal/PhysicalAnalysis/AKC27ActualCofactorConjugatedFamilies.lean	a2cbfb60befa5ba7f8081040140cf4fec359fb548c3b8b266f59bca0d17decd4
AKC28ActualRetainedForceConjugatedFamilies	LeanCode/Internal/PhysicalAnalysis/AKC28ActualRetainedForceConjugatedFamilies.lean	6530ad1b241f5cb60b05666431277e15e40c071a5f837773b07e79573cd16d9a
AKC29OriginalPhysicalRowConjugatedRegularity	LeanCode/Internal/PhysicalAnalysis/AKC29OriginalPhysicalRowConjugatedRegularity.lean	136a95abec45620a9b6d6b327947314a67af2cce366db6c96c7e1c76caa38018
AKF14ActualSameWeightedRadialRegularity	LeanCode/Internal/PhysicalAnalysis/AKF14ActualSameWeightedRadialRegularity.lean	3acf7330c79cb5a3d253bf4f99352806edba6cde05a67e8dd5f975e007e64b08
AKI16ActualOriginalSmoothTuple	LeanCode/Internal/PhysicalAnalysis/AKI16ActualOriginalSmoothTuple.lean	93773273cd8c74fdb428b506fc9089fdfcc433f1012ec5428889610849fe864f
AKI17LiteralTuplePhysicalReconstruction	LeanCode/Internal/PhysicalAnalysis/AKI17LiteralTuplePhysicalReconstruction.lean	14ba9be61e81ff7210780d6964252fe91b56a9dd79b7dd3b253cadf0b6182c2b
AJM1ContinuousFullGraphDensity	LeanCode/Internal/PhysicalAnalysis/AJM1ContinuousFullGraphDensity.lean	a13d7a5691c3c6b5eb66fd721cca3ab91ca04f3881869b7dd08c56b6ee002469
AJF48SameSharedResponseContinuity	LeanCode/Internal/PhysicalAnalysis/AJF48SameSharedResponseContinuity.lean	f45619520909a1c3a09afc346d16c101531938ceb22b8e9e669d479600c8db92
AJM2SameSharedSolvedGraphDensity	LeanCode/Internal/PhysicalAnalysis/AJM2SameSharedSolvedGraphDensity.lean	421acb93946752e1859d388eb9f30b6a9374608a9525e40081ff37fcf30d724b
AJM3OriginalSourceAndSolutionClosure	LeanCode/Internal/PhysicalAnalysis/AJM3OriginalSourceAndSolutionClosure.lean	8ff8b4a3301e120c00f1ed9e024c78749e602a01ca1cf2abe5fe0f3d212c617c
AJM4ExactOriginalSolvedGraphConsumer	LeanCode/Internal/PhysicalAnalysis/AJM4ExactOriginalSolvedGraphConsumer.lean	8b54b439b4f7673a239f7d84365c96b1ef073a810f1267dd6940c9663b6dc2a8
AJX1OriginalFiveBlockAmbient	LeanCode/Internal/PhysicalAnalysis/AJX1OriginalFiveBlockAmbient.lean	fc222994874736d7d0d7e73f26a1fe007fdb5df5e63ec37fb03dca79dd6c7706
AJX2OriginalFullGraphObservation	LeanCode/Internal/PhysicalAnalysis/AJX2OriginalFullGraphObservation.lean	7015f860c93416b78bb190b05dc5aecbc0cda278ebe3717e9139ad63fd2f259c
AKI18LiteralOriginalCoreImage	LeanCode/Internal/PhysicalAnalysis/AKI18LiteralOriginalCoreImage.lean	673cbbed9b5c3ecb8a400688440a79fae3421743e3a8032c3020bbe812207648
AKI19SameInverseLiteralCoreMember	LeanCode/Internal/PhysicalAnalysis/AKI19SameInverseLiteralCoreMember.lean	cba60e479c2e8a8da71984df794391f8ec2e992a0862ef9ba946539fd2f29328
AKI20FaithfulOriginalSourceGraphCoordinates	LeanCode/Internal/PhysicalAnalysis/AKI20FaithfulOriginalSourceGraphCoordinates.lean	fa49f113a3cfd0b91c60b68a5052c4bb1d7fc833b3b5c88c8316abbae05faf2e
AKI21ClosedClassicalWeakDerivative	LeanCode/Internal/PhysicalAnalysis/AKI21ClosedClassicalWeakDerivative.lean	11f70eae24738761905f8545bdefdf687797f68333061240dadcb35277b8559b
AKI22ArbitraryOriginalTuplePacket	LeanCode/Internal/PhysicalAnalysis/AKI22ArbitraryOriginalTuplePacket.lean	132af6e1a8bc35a74cfd2042e69f0292d9dc6e778215d4cc90191ce408e3e5ab
AKI23LiteralResidualRawEquations	LeanCode/Internal/PhysicalAnalysis/AKI23LiteralResidualRawEquations.lean	9c1a2fc26cfd5c041a505f6ca14a329078b110f92ee079fc043e98251e84b264
AKI24GenuineLowStoredConverse	LeanCode/Internal/PhysicalAnalysis/AKI24GenuineLowStoredConverse.lean	0303cc8d7bb5ec83974547d44cb915b599b7604e76850221ef0fdce3aafa6724
AKI25LiteralTupleDerivativeCurves	LeanCode/Internal/PhysicalAnalysis/AKI25LiteralTupleDerivativeCurves.lean	a20664546af3dc96c968affe9050a69e29191a86b7b6019fafec397fb64212a7
AKI26OriginalLowFullRowConverse	LeanCode/Internal/PhysicalAnalysis/AKI26OriginalLowFullRowConverse.lean	671bc5560fee3b9108575896e983c41ee079a4d2d8a590eaa157487d3ae83fc3
AKI27ArbitraryOriginalLowPDE	LeanCode/Internal/PhysicalAnalysis/AKI27ArbitraryOriginalLowPDE.lean	bf87c4238787730a879ea305d97935d49e194c263e07c6990e4a7ce31adfdeb2
AKI28LiteralHighCoordinateDerivatives	LeanCode/Internal/PhysicalAnalysis/AKI28LiteralHighCoordinateDerivatives.lean	0052c76147c47e28cb75ac806cafc635f25d3f3314d6e34cd5869c7cd63a3f09
AKI29ReversibleHighPhysicalWeakRow	LeanCode/Internal/PhysicalAnalysis/AKI29ReversibleHighPhysicalWeakRow.lean	92a718e3c9bc71f0afa62a717a4f60a767309b71a335deb6cc34808d8e3c9eb7
AKI30ArbitraryHighStoredFirstRow	LeanCode/Internal/PhysicalAnalysis/AKI30ArbitraryHighStoredFirstRow.lean	20381c1a97f58e13435f9649616f9c1e42da6d18ccf27f791114b6b7af1977da
AKA1BoundedOriginalBoundaryTraces	LeanCode/Internal/PhysicalAnalysis/AKA1BoundedOriginalBoundaryTraces.lean	e26f8c3381ebd21bc21195006c94c3523fd578e42a98fb1fd7bcfab9955c8955
AKA2FullOriginalOuterBoundary	LeanCode/Internal/PhysicalAnalysis/AKA2FullOriginalOuterBoundary.lean	322bd5998be717e9d80089ef37af742757b81612b544866a9f72c3c7967f8b61
AKA3GenuineFluxEndpointIdentification	LeanCode/Internal/PhysicalAnalysis/AKA3GenuineFluxEndpointIdentification.lean	cf8380bed275b0d83889a57b796ab95b6c9b4eeec3fe584a499de7e3d304798f
AKA4SameResponseBoundaryRecovery	LeanCode/Internal/PhysicalAnalysis/AKA4SameResponseBoundaryRecovery.lean	252c0ba9b1c1dd4b84ce88b46f7883f9b68185f4be55ab1a7b390b6fdf35c17b
AKA5OriginalDatumTraceRecovery	LeanCode/Internal/PhysicalAnalysis/AKA5OriginalDatumTraceRecovery.lean	215cf2bfde2af60be4f083f0d957c0e12e1bd6712d722d85832d7bcdb10bb68e
AKA6FullOriginalBoundaryCoordinates	LeanCode/Internal/PhysicalAnalysis/AKA6FullOriginalBoundaryCoordinates.lean	de73265fae1d65464df95f5dedd01f15b50b4c13670d1f5d780c7681ae8e67cd
AKE1OriginalFiveBlockForwardMap	LeanCode/Internal/PhysicalAnalysis/AKE1OriginalFiveBlockForwardMap.lean	5256cfb916eaa513a00219e4bfe3bd51f0bee03e2d2d8264803906b126e502cd
AKE2ForwardDatumBoundsAndCoordinates	LeanCode/Internal/PhysicalAnalysis/AKE2ForwardDatumBoundsAndCoordinates.lean	99f8e763d858dcbef3426ec83e2ba8b4d21529eca3d575b555e2a84f61bc25f7
AKE3ExactOriginalEquationDataRecovery	LeanCode/Internal/PhysicalAnalysis/AKE3ExactOriginalEquationDataRecovery.lean	63383589c4e2d1543784df2e81048df536a3fbcf496976d4374f3b59cff783bc
AKE4SolvedFiveBlockInverse	LeanCode/Internal/PhysicalAnalysis/AKE4SolvedFiveBlockInverse.lean	d7ede8da3c5fefbaa4f6830cd9c08196cbf88b7edf697d4ee8ec6462ee76fae0
AJW1HighRestrictionAmbient	LeanCode/Internal/PhysicalAnalysis/AJW1HighRestrictionAmbient.lean	cd9dd3768515efdbf0cb9bafa179be5d6a4f121088bf06d629513d7f13c06eff
AJV1ActualCollarL2Restriction	LeanCode/Internal/PhysicalAnalysis/AJV1ActualCollarL2Restriction.lean	7e9f5342c3295079c673c115b5ed71c0aad5b81d327bf1d23029f0e21b50def7
AJW2HighEnergyCoreRestriction	LeanCode/Internal/PhysicalAnalysis/AJW2HighEnergyCoreRestriction.lean	511fabcf7d3c27fd453ffb8e91800f5e96907ee0e098a6da76e7b6fa4ded1132
AJV2ActualWeakDerivativeRestriction	LeanCode/Internal/PhysicalAnalysis/AJV2ActualWeakDerivativeRestriction.lean	b2e254e5d7eb2a901db18c3bd67566397894c44fc5386df8ac895831a154637f
AJV3RestrictionScalarAndFourierMaps	LeanCode/Internal/PhysicalAnalysis/AJV3RestrictionScalarAndFourierMaps.lean	b3f4b9d8686836a403ad5da6c2a02f0d075ba81f230ec079db96613bd9b8b746
AJW3HighOmegaGraphRestriction	LeanCode/Internal/PhysicalAnalysis/AJW3HighOmegaGraphRestriction.lean	68f1eb2a03176c476b8a337afbbc370a9c4be597474540249c9b933fe485c79e
AJW4HighRestrictedCoordinates	LeanCode/Internal/PhysicalAnalysis/AJW4HighRestrictedCoordinates.lean	6f63651d9dfbe265d8e49d2083a57ff9da934366709326340bcddd76e20e4219
AJW5OriginalHighEndpointRestriction	LeanCode/Internal/PhysicalAnalysis/AJW5OriginalHighEndpointRestriction.lean	7a1d797267e6b4725f9fb0241f4258593a099f40bd886e7b30578ab49ebabf7a
AJW6HighRestrictionComposition	LeanCode/Internal/PhysicalAnalysis/AJW6HighRestrictionComposition.lean	14563694603fa8bf89e2a05499c1cfe8ff7004b29ffdf9559b26f7eb1e471dd9
AJW7HighRestrictionGrades	LeanCode/Internal/PhysicalAnalysis/AJW7HighRestrictionGrades.lean	25165f08d2d372b43066708b4f58f19fd9ee91eb6b62ba160782f7c8cf05d87f
AJW8OriginalHighRestrictionGrades	LeanCode/Internal/PhysicalAnalysis/AJW8OriginalHighRestrictionGrades.lean	fecd4e15565a84cf6279708c2b936f6358f5825bc998808a3e6b05de282391c8
AJW9HighOuterTraceRestriction	LeanCode/Internal/PhysicalAnalysis/AJW9HighOuterTraceRestriction.lean	0f2a28a5a2b149f57f5195ecff966bc02d205128e04cfa7ec5812e885936dfa1
AJV4LowStoredGraphRestriction	LeanCode/Internal/PhysicalAnalysis/AJV4LowStoredGraphRestriction.lean	328b4b03a4d4892b7b63ff29f5a0784779ce8aa0e1e454f927cb833d5691e173
AJV5SameLowPhysicalRestriction	LeanCode/Internal/PhysicalAnalysis/AJV5SameLowPhysicalRestriction.lean	1ac5a8e95e09a3321945f1075902aa181e4cf4ef5602abd74a4ecd7d45a00eab
AJW10SameHighPhysicalFields	LeanCode/Internal/PhysicalAnalysis/AJW10SameHighPhysicalFields.lean	608ed460229f0a5b95909ab564a9e9c967dbd7cca408e9428953d03301eac03f
AJW11ExactOriginalHighRestriction	LeanCode/Internal/PhysicalAnalysis/AJW11ExactOriginalHighRestriction.lean	1851a08fface36c3dd116dcdd7fc77b9b93b30957495c58377b8fa99f6169262
AJV6OriginalNormalizedLowRestriction	LeanCode/Internal/PhysicalAnalysis/AJV6OriginalNormalizedLowRestriction.lean	d53c1d0b5960a850367b0148ee14cf1e81d02a4b623f7c80af2b0545f44492a5
AJV7OriginalLowRestrictionIdentities	LeanCode/Internal/PhysicalAnalysis/AJV7OriginalLowRestrictionIdentities.lean	23abe1b804b240f0a79d3fe95f4dd91f0abe69c98c81ff257c34380b2e3d9219
AJV8ExactLowEndpointConsumer	LeanCode/Internal/PhysicalAnalysis/AJV8ExactLowEndpointConsumer.lean	1263f7ab6a9f6a1d6ae5ee0e25f199784e7acf45bffc1e1ff12601ff5271b2a2
AJZ1GenuineRadialSourceRestriction	LeanCode/Internal/PhysicalAnalysis/AJZ1GenuineRadialSourceRestriction.lean	5941f2b4e77e73c6c09226f4cf310de38737bc6641898020fd47d7317a39d46e
AJZ2FullFourierSourceRestriction	LeanCode/Internal/PhysicalAnalysis/AJZ2FullFourierSourceRestriction.lean	dc39757f82362a21249d9edab4d7e984f9a45eeb3923620e82a3d33bfc16f47d
AJZ3SamePhysicalSourceRestriction	LeanCode/Internal/PhysicalAnalysis/AJZ3SamePhysicalSourceRestriction.lean	2c744bfb0e33dc25f9b949c1e450311b6efdabd0c34c338c952fad119b58689e
AJZ4FullOriginalBulkRestriction	LeanCode/Internal/PhysicalAnalysis/AJZ4FullOriginalBulkRestriction.lean	bb1eba13b72a45bd4e1ab30ddf613906bd85cc183e371542f406134a51611936
AJZ5ExactOriginalSourceRowRestriction	LeanCode/Internal/PhysicalAnalysis/AJZ5ExactOriginalSourceRowRestriction.lean	d52cedfe0ceae45ae19b20e172a79aa05e5f28e9f100c913f12570b50dba3bb1
AJZ6OriginalFullSourceBlockContraction	LeanCode/Internal/PhysicalAnalysis/AJZ6OriginalFullSourceBlockContraction.lean	92acaf7ffa7d2fbcde50b904e1acad92e9e401d313b7a2d3d84ff5a3948bea25
AJZ7ExactFullSourceRestrictionConsumer	LeanCode/Internal/PhysicalAnalysis/AJZ7ExactFullSourceRestrictionConsumer.lean	2b38cd994b73bcc9f1dfc1913ae6a75b5610b7af3e08d2350655d9b7abd5749b
AKG1FullFiveBlockEndpointRestriction	LeanCode/Internal/PhysicalAnalysis/AKG1FullFiveBlockEndpointRestriction.lean	149502a3b3adea21d800dd2ce2745c3dfdb787c869e5734b94871f5b564adcae
AKG2EndpointRestrictionIdentities	LeanCode/Internal/PhysicalAnalysis/AKG2EndpointRestrictionIdentities.lean	65854c9b4192372366132998886fda2add911bf8ba7d9bbb5f3d2ae2e0704204
AKG3SameFullPhysicalCoefficients	LeanCode/Internal/PhysicalAnalysis/AKG3SameFullPhysicalCoefficients.lean	3c31e58bbfc985b0f1da50a6d0597a9db76572eb9fa986f93b4d1234abfe7406
AKG4RegularRadialActionLocality	LeanCode/Internal/PhysicalAnalysis/AKG4RegularRadialActionLocality.lean	647873f05070aa46145327139029bcd00d8e23b3b8f9ec865e9625c8f77f0fed
AKG5SameInsertedGraphWitnesses	LeanCode/Internal/PhysicalAnalysis/AKG5SameInsertedGraphWitnesses.lean	beddc9d39efdf444d88c32ff169a159ed0786278b3637b40955d6feaef5e9bd9
AKG6ActualNewEndpointDatum	LeanCode/Internal/PhysicalAnalysis/AKG6ActualNewEndpointDatum.lean	6b43eaca50b008e393b8c002cd030f9943047cb9c22612eacd79e4eea474d45c
AKG7GenuineOuterTraceLocality	LeanCode/Internal/PhysicalAnalysis/AKG7GenuineOuterTraceLocality.lean	5f7d1e869d2a184c095a9afcb8e0a732dab5a6894c00cf2c7ca4b896019ab01e
AKG8FullOuterBoundaryPreservation	LeanCode/Internal/PhysicalAnalysis/AKG8FullOuterBoundaryPreservation.lean	2c6de7f34a62ee2cba0770b56e8bcf3865f9e422580103dcc4b0f41b5b9a0d85
AKG9SameHomogeneousPacketRestriction	LeanCode/Internal/PhysicalAnalysis/AKG9SameHomogeneousPacketRestriction.lean	21447181c4e4e520489107bf4bc1427fd4c6beb271ae911ba02733cf8005118f
AKG10OriginalCopiedSourcePacketLocality	LeanCode/Internal/PhysicalAnalysis/AKG10OriginalCopiedSourcePacketLocality.lean	c40ee78fa506b66b7eae246fda6c4fe50e911ca53a61f1070d9714683412674a
AKG11FullOriginalPacketAndRowLocality	LeanCode/Internal/PhysicalAnalysis/AKG11FullOriginalPacketAndRowLocality.lean	ea617f963a2b189a6d46613195001aab0b3952f212dde5fb3811322c8259ab59
AKG12LiteralLowOutputLocality	LeanCode/Internal/PhysicalAnalysis/AKG12LiteralLowOutputLocality.lean	2a913d0e22fa3bbf7fe1ba9b4e6e21854e54bd1266eafa2082f2fe835a758d69
AKG13HighPhysicalDerivativeLocality	LeanCode/Internal/PhysicalAnalysis/AKG13HighPhysicalDerivativeLocality.lean	9397db45dd227590b0e8d8823bd085561355a696ae918f96f56bc37556fb1bdb
AKG14GenuineCompactFluxLocality	LeanCode/Internal/PhysicalAnalysis/AKG14GenuineCompactFluxLocality.lean	940530769ddc4b3820d7fd7571afbc0d96f260b5a39d5e030fc66f1b4351fde1
AKG15OriginalNormalizedSourceLocality	LeanCode/Internal/PhysicalAnalysis/AKG15OriginalNormalizedSourceLocality.lean	180d6229288007f3016146a69c13a65ef5f08325fe3f5859a7134fd669c80d38
AKG16FullStoredLowRowRestriction	LeanCode/Internal/PhysicalAnalysis/AKG16FullStoredLowRowRestriction.lean	bc490ee63e54585f60baf3be42b36e358e00a06d771361b86f595af40b6f348a
AKG17FullHighPhysicalPacketRestriction	LeanCode/Internal/PhysicalAnalysis/AKG17FullHighPhysicalPacketRestriction.lean	83868e0ed36300cc583b175085b76b750a4db4e056bd264df436c2f6f1ef80c5
AKG18SameOriginalWeakRowsOnSmallerCollar	LeanCode/Internal/PhysicalAnalysis/AKG18SameOriginalWeakRowsOnSmallerCollar.lean	06bbdcad81432ebb258ac3c83412c08c41fd3019921363674c1f2ac2d3b78324
AKG19SameHighEightInputRestriction	LeanCode/Internal/PhysicalAnalysis/AKG19SameHighEightInputRestriction.lean	6b3e46c972fa54351d6c9e4569a0e0339a1767fec08fdd14f672986df9706839
AKG20SameLowOnlyPacketRestriction	LeanCode/Internal/PhysicalAnalysis/AKG20SameLowOnlyPacketRestriction.lean	f37ba45771d390976d5f482c47d50c13a97164df225068068efd63a653a8c5bf
AKG21CorrectedHighKnownDataRestriction	LeanCode/Internal/PhysicalAnalysis/AKG21CorrectedHighKnownDataRestriction.lean	0d20770143fabe49e8fbd950da9811b9c58cf1942b2b1747fb870fd6ba16614b
AKG22ActualFullHighOutputRestriction	LeanCode/Internal/PhysicalAnalysis/AKG22ActualFullHighOutputRestriction.lean	e28042eafef69fd0618e83ad846034fcf35dedd86fe1042a99c13a235eb9bc7b
AKG23SameRestrictedHighOutputFidelity	LeanCode/Internal/PhysicalAnalysis/AKG23SameRestrictedHighOutputFidelity.lean	9a867717f02b936cfd331237ae6df011be4bba45a1e576024faea4136fc3b4f2
AKG24OriginalBoundaryTraceNormalization	LeanCode/Internal/PhysicalAnalysis/AKG24OriginalBoundaryTraceNormalization.lean	5e8d28089e5c3a62e363f876361daa8005c5368953541002efe0b0966936ac12
AKG25GenuineHighPhysicalConverse	LeanCode/Internal/PhysicalAnalysis/AKG25GenuineHighPhysicalConverse.lean	1582657b0a20dcaf38929c66c5425bbe84b92538e11c59a62d78dfad5cf8bcb7
AKG26OriginalFullPhysicalEquationConverse	LeanCode/Internal/PhysicalAnalysis/AKG26OriginalFullPhysicalEquationConverse.lean	764c36c0f900baf92ddac45b3687726fdbe229447c62dac84ab138c0e2ae34f6
AKI31CompletedFirstRowReverse	LeanCode/Internal/PhysicalAnalysis/AKI31CompletedFirstRowReverse.lean	d0784d5309afb7ec9c6b98d6a668c576a6d92767ad488027af58074a27ffce32
AKI32ArbitraryHighElimination	LeanCode/Internal/PhysicalAnalysis/AKI32ArbitraryHighElimination.lean	8996ca71013368809710a2062cb2627b9b90cbd7e4a9b6fec629f61fcc2b0929
AKI33ArbitraryHighOutputFidelity	LeanCode/Internal/PhysicalAnalysis/AKI33ArbitraryHighOutputFidelity.lean	29f1baf4a3e6feccfd39119ccc9973b822f882df83f664d42657637352a78172
AKI34ArbitraryHighFluxPhysicalRow	LeanCode/Internal/PhysicalAnalysis/AKI34ArbitraryHighFluxPhysicalRow.lean	79ac41aeafc3409de390e6baa710c962f56ea287ad7203e0756921d6ead33adf
AKI35ArbitraryHighCompactConverse	LeanCode/Internal/PhysicalAnalysis/AKI35ArbitraryHighCompactConverse.lean	ef2d04bc09ab4ccb8467a207aafaabc860c495bad0911bc439760b1783ec3bff
AKI36LiteralTupleOriginalEquation	LeanCode/Internal/PhysicalAnalysis/AKI36LiteralTupleOriginalEquation.lean	e385bad8799593d784579767c60491cbe44b5568ce09fb4ad617b9cf41da1eed
AKI37LiteralResidualMeanConstraints	LeanCode/Internal/PhysicalAnalysis/AKI37LiteralResidualMeanConstraints.lean	80ba74e2472701c6b4353a9e79cb80318fa6282e92cec35f33b20bc9b54d28dc
AKI38LiteralCoreSourceRecovery	LeanCode/Internal/PhysicalAnalysis/AKI38LiteralCoreSourceRecovery.lean	1d07ad8f7e7470be0a8827d19129eb7a44825f49cf3255029857dba54bdda5da
AKJ1ClosedObservedGraph	LeanCode/Internal/PhysicalAnalysis/AKJ1ClosedObservedGraph.lean	49bf42cff546e02cd3ba312fe6f0ddd72fc590422b8d9103451b08804113421a
AKJ2OriginalFiveBlockClosedEquationGraph	LeanCode/Internal/PhysicalAnalysis/AKJ2OriginalFiveBlockClosedEquationGraph.lean	be509f29b8f418a6fc3fc7d82cfa31579f306cf753b903d71db4514d55635159
AKI39LiteralCoreOriginalEquationImage	LeanCode/Internal/PhysicalAnalysis/AKI39LiteralCoreOriginalEquationImage.lean	6eeed2a65286a82c9e6ce9931a5c2543563a7e4f5d3aa5a99fa1f1e9de342713
AKI40RepresentedCoreExactGraphClosure	LeanCode/Internal/PhysicalAnalysis/AKI40RepresentedCoreExactGraphClosure.lean	6f4b0f8d5891e4556c3ee01f2da7a5c050115156a7105221df323577c3b17678
AKR1GenuineWeightedTupleRadialGraphs	LeanCode/Internal/PhysicalAnalysis/AKR1GenuineWeightedTupleRadialGraphs.lean	aea9d485e78c3aafefce640d092c4b49e7da677c80098e491eb46b9ef6e43614
AKR2FullOriginalTupleSourceGraphs	LeanCode/Internal/PhysicalAnalysis/AKR2FullOriginalTupleSourceGraphs.lean	1edfb1a7bbdfe6c95811ddc2f0225a00574dae7a182af7ab59022f2bbf6b69a9
AKR5GenuineHighEnergyModeRealization	LeanCode/Internal/PhysicalAnalysis/AKR5GenuineHighEnergyModeRealization.lean	e14b981238a70fbdffe0eece50ed9fb5b3c2a69448f008520ffd4dc64713e8fd
AKR6OriginalEnergyFixedCollarBounds	LeanCode/Internal/PhysicalAnalysis/AKR6OriginalEnergyFixedCollarBounds.lean	c88cca3222caabe75b2be29f34c22da9d3d78cde9fc746de8afe8de549689fff
AKR7FullHighEnergyTupleRealization	LeanCode/Internal/PhysicalAnalysis/AKR7FullHighEnergyTupleRealization.lean	0572ea7f65587fc783cc36abbaa2ba0aff1b77314f335518f076350707cb1782
AKR3ExactOriginalTupleSourceCoefficients	LeanCode/Internal/PhysicalAnalysis/AKR3ExactOriginalTupleSourceCoefficients.lean	5387df331a6c3963bec4dbccc9a1d8942f62805439c3d494c6b4ba05f838d4c1
AKR4LiteralCopiedSourceRealization	LeanCode/Internal/PhysicalAnalysis/AKR4LiteralCopiedSourceRealization.lean	7bf1afc809d0b9644b663b9e96b6cce7a147dee83f58d6356a0a339669d707a0
AKR8ExactHighEnergyTupleCoordinates	LeanCode/Internal/PhysicalAnalysis/AKR8ExactHighEnergyTupleCoordinates.lean	8e93955d151e2dd2921a5006fa70d9bd00aa0da9927ad2f31f3bb70b3e9900aa
AKR9OriginalAngularNuGraphRealization	LeanCode/Internal/PhysicalAnalysis/AKR9OriginalAngularNuGraphRealization.lean	c910c55f69073b018e1f999abe8e1e575ccac1ae52125bca15f6b53321c6b721
AKR13FaithfulTupleRadialSections	LeanCode/Internal/PhysicalAnalysis/AKR13FaithfulTupleRadialSections.lean	7d5a00558d27666b3da0b2cf7ac1b4709e05da9f2f8b4038f096f5fe9b7848a5
AKR10PolynomialTupleJetBulk	LeanCode/Internal/PhysicalAnalysis/AKR10PolynomialTupleJetBulk.lean	63140de16b1975662e20b2f713614899abe4637cd91137d251cb11fabc8dbbf3
AKR11LiteralAJTupleCoefficients	LeanCode/Internal/PhysicalAnalysis/AKR11LiteralAJTupleCoefficients.lean	93e8cb17b1977e5404551cff3ba104c3ef982e36c58a3d0eb2c4db4476212f21
AKR12GenuineOriginalAJTupleGraph	LeanCode/Internal/PhysicalAnalysis/AKR12GenuineOriginalAJTupleGraph.lean	ae41084c70683f7e136918833bfa2f781a6ea0711909d486d8369b03bb29264d
AKR14ExactTuplePhysicalSections	LeanCode/Internal/PhysicalAnalysis/AKR14ExactTuplePhysicalSections.lean	275b71d9ad748533008467913e7fb5db3a830ff4928c63f256854dede1bd37df
AKR15ExactOriginalRetainedHighFields	LeanCode/Internal/PhysicalAnalysis/AKR15ExactOriginalRetainedHighFields.lean	f6c35366ba23c8f3fe66ec74bd7777d69709e6f992d1a46ad45aa787ccae5d51
AKR16ExactOriginalRetainedLowFields	LeanCode/Internal/PhysicalAnalysis/AKR16ExactOriginalRetainedLowFields.lean	49ee68b215533bee5e58639f5431f487ac91bfad737e56a56c9d3355f16b1563
AKR17AllOriginalRetainedTupleCoefficients	LeanCode/Internal/PhysicalAnalysis/AKR17AllOriginalRetainedTupleCoefficients.lean	ac7b6cd253b9769280fa3e6ba37d760ead3f2e6aef270b1513e6a1fad800e7e6
AKR18ExactTupleConjugatedSevenCurve	LeanCode/Internal/PhysicalAnalysis/AKR18ExactTupleConjugatedSevenCurve.lean	86ff2b9df2b6618669b9d0b62a23fa7613a7f870e3cbc5abce719a799b87b5e7
AKR19GenuineTupleConjugatedPhysicalRows	LeanCode/Internal/PhysicalAnalysis/AKR19GenuineTupleConjugatedPhysicalRows.lean	4ced08d7964ab3d6b434de81bc99c54a04d90d02464135775c524eb72bf4f219
AKR20ActualTupleConjugatedRadialDerivative	LeanCode/Internal/PhysicalAnalysis/AKR20ActualTupleConjugatedRadialDerivative.lean	13c5e3e3fc07f559f3b357f791366c550a0095a31a7dc83bef7165b811d970e6
AKR21CoherentHilbertOriginalBulkStorage	LeanCode/Internal/PhysicalAnalysis/AKR21CoherentHilbertOriginalBulkStorage.lean	f31a9835f54c0c8519997f6f3d92cdfab7953f2637c972a19b0bb585e0bcb3c3
AKR22LiteralFullResidualHilbertCurves	LeanCode/Internal/PhysicalAnalysis/AKR22LiteralFullResidualHilbertCurves.lean	d116f174283cd9d14d0918cbe5234b9a517be8b9368c59f8675f45f49a95f848
AKR23OriginalStrengthenedResidualGrade	LeanCode/Internal/PhysicalAnalysis/AKR23OriginalStrengthenedResidualGrade.lean	38e6b42b7d74333b3ad9cfa9775295ca05334e61cd2efe632cd6440a6c5eee72
AKR24ActualFullTupleResidualGraphs	LeanCode/Internal/PhysicalAnalysis/AKR24ActualFullTupleResidualGraphs.lean	961ae89e26115eb15d117b59dfb6d61b8409d6f7a096a7d6bd4fef1fecae5cd5
AKR25EveryLiteralTupleGraphImage	LeanCode/Internal/PhysicalAnalysis/AKR25EveryLiteralTupleGraphImage.lean	a6590862a04b6aea10879d35bc46293c1fd661845e6891906375179ec344a7cc
AKR26FaithfulOriginalRetainedGraph	LeanCode/Internal/PhysicalAnalysis/AKR26FaithfulOriginalRetainedGraph.lean	c8785f2bdb4639894dd9f81e0966b9ba8a914009837990a4fee97ef9ab496512
AKR27UniqueTotalOriginalCoreImage	LeanCode/Internal/PhysicalAnalysis/AKR27UniqueTotalOriginalCoreImage.lean	17c3acbec44ddf635e4858d64319c978f69a41bfaf9a2575c45e0fc0d49aa9fa
AKR28GenuinePhysicalSectionLinearity	LeanCode/Internal/PhysicalAnalysis/AKR28GenuinePhysicalSectionLinearity.lean	454641eb1af811bc6a828f87f809794de9be5ad895558123deb058acb81009c9
AKR29ActualCoupledCoefficientLinearMaps	LeanCode/Internal/PhysicalAnalysis/AKR29ActualCoupledCoefficientLinearMaps.lean	01caf6d1b15e32ca76b625501e336439efecf0eae1e55e559e1f426ffdfc14d2
AKR30LiteralTupleCoordinateLinearity	LeanCode/Internal/PhysicalAnalysis/AKR30LiteralTupleCoordinateLinearity.lean	95d4a503e819e4a6181f849d47d7ea97375e42ec160a15be2dfb9d7ba294b305
AKR31ActualResidualCoefficientLinearMaps	LeanCode/Internal/PhysicalAnalysis/AKR31ActualResidualCoefficientLinearMaps.lean	abf394aadf6538eb90af8359f241d17013eb47c6da8a3c28859c9f952b09fab3
AKR32OriginalPhysicalDecoderLinearity	LeanCode/Internal/PhysicalAnalysis/AKR32OriginalPhysicalDecoderLinearity.lean	1f992296fd7f1eafd5f3adf34377803cbb19aab0585bf6618173db0775f84a38
AKR33OriginalRetainedPhysicalLinearMaps	LeanCode/Internal/PhysicalAnalysis/AKR33OriginalRetainedPhysicalLinearMaps.lean	0c9dcb7fb52073a628bf1f7b4794586f2171db80f94cde9f290851bbea2d51c9
AKR34ExactTupleObservationAdditivity	LeanCode/Internal/PhysicalAnalysis/AKR34ExactTupleObservationAdditivity.lean	6578c90cbc238c90bc4d43c779ba6471fd8ee3bb304323f62b2d5c82c1cadddd
AKR35ExactTupleObservationRealLinearity	LeanCode/Internal/PhysicalAnalysis/AKR35ExactTupleObservationRealLinearity.lean	9af558493a6421db00d0fdd6ab019d9c1bcb4fb1a0fa9e2a03deed828a2a6485
AKR36TotalOriginalSmoothCoreLinearMap	LeanCode/Internal/PhysicalAnalysis/AKR36TotalOriginalSmoothCoreLinearMap.lean	00b44104b84b5665c77d9d329d9f3881081750193bed966717de80b014616cf0
AKR37LiteralTotalCoreOriginalGraphClosure	LeanCode/Internal/PhysicalAnalysis/AKR37LiteralTotalCoreOriginalGraphClosure.lean	6911b71b7c9f2a0079900584da0c215bac9f5012c3db90a5947321cee0778819
AKV1GeneralOriginalWeightedPair	LeanCode/Internal/PhysicalAnalysis/AKV1GeneralOriginalWeightedPair.lean	ebc35ee198b4c17980615e6f026bdd4b97683d702eddfe1db74f46e37a7515a0
AKV2GeneralOriginalUnknownInput	LeanCode/Internal/PhysicalAnalysis/AKV2GeneralOriginalUnknownInput.lean	03d26078e4d1fd6495e6a6223002f08afa44166f5e373586e500085996ae13e5
AKV3GeneralOriginalUnknownRows	LeanCode/Internal/PhysicalAnalysis/AKV3GeneralOriginalUnknownRows.lean	4940ba20d6f6753136542d85dcdfe0068aecdef60183827e6a701aa79b47b7c1
AKV4GeneralOriginalHomogeneousFidelity	LeanCode/Internal/PhysicalAnalysis/AKV4GeneralOriginalHomogeneousFidelity.lean	e25e4bec6f91cc1acf6011f25750cb120e40261e3fef5f9d4559b87f691a060c
AKV5ActualSourceCurveContract	LeanCode/Internal/PhysicalAnalysis/AKV5ActualSourceCurveContract.lean	20fd02ccc36a292cad9476f1e8b62ab1d8ea1583045e1a0c8570387272ed2128
AKV6GeneralActualConjugatedSource	LeanCode/Internal/PhysicalAnalysis/AKV6GeneralActualConjugatedSource.lean	96a4ec114b11988961aad61405560f4fa9f88972e65b65332fdd37d7c66e9e3c
AKV7GeneralActualWeightedSystem	LeanCode/Internal/PhysicalAnalysis/AKV7GeneralActualWeightedSystem.lean	c83f2057ecbdda5ce2763b40a1c63470abc611ef4522bbfdb5bc11f0d0e25ebe
AKV8GeneralHighFirstRow	LeanCode/Internal/PhysicalAnalysis/AKV8GeneralHighFirstRow.lean	c96a18f7ad123193c49911c0a0dca55febb2935b16bed55d8eea23b1562507dc
AKV9GeneralHighFluxRow	LeanCode/Internal/PhysicalAnalysis/AKV9GeneralHighFluxRow.lean	6622d0dcf0cd14ec4b23e7f73ab9ecb80384ea84f46add5071242750b30a2a13
AKV10GeneralLowRawRow	LeanCode/Internal/PhysicalAnalysis/AKV10GeneralLowRawRow.lean	019a032b9d464ec2b8a53aea3537817bf7c7819c75d8b9c760825f9f26325270
AKV11ContinuousOriginalPhysicalRHS	LeanCode/Internal/PhysicalAnalysis/AKV11ContinuousOriginalPhysicalRHS.lean	0f0cc8ce7cca182aed906d278a835f4bb649fde27d42c344f1a477e393a8d319
AKV12GeneralPhysicalPairSections	LeanCode/Internal/PhysicalAnalysis/AKV12GeneralPhysicalPairSections.lean	1796066b1bb8a5bc0f67a4026f8884ab7f0cd01a4b540aec099b73081de012d7
AKV13GenuineGeneralSharedDerivatives	LeanCode/Internal/PhysicalAnalysis/AKV13GenuineGeneralSharedDerivatives.lean	376dcf276f3ed63594030f69d256de500ca8dc1a97e6f6939591b6931a08e891
AKV14GenuineGeneralWeightedBasePDE	LeanCode/Internal/PhysicalAnalysis/AKV14GenuineGeneralWeightedBasePDE.lean	6b68faa87a39a18db5ed9a8d08dcaa080a336210e35e4cf032236e2a8077d783
AKV15GenuineGeneralAllGradePDE	LeanCode/Internal/PhysicalAnalysis/AKV15GenuineGeneralAllGradePDE.lean	a74f772c69743e49606e925b7bf8ceea6a33491b784a62de8882c985c13f4463
AKV16GeneralActualSourceRadialBootstrap	LeanCode/Internal/PhysicalAnalysis/AKV16GeneralActualSourceRadialBootstrap.lean	2ea8aa8e96c0e445f5350d0efe1236fc1ab73f643c98a0dcaa4a1b65f32355f5
AKV17OriginalEquationRadialRegularity	LeanCode/Internal/PhysicalAnalysis/AKV17OriginalEquationRadialRegularity.lean	f9dc729e331abda9ae68f0ee37369aecc4809690681fabfd398bffece797b3aa
AKN1HigherFlatWeightedJets	LeanCode/Internal/PhysicalAnalysis/AKN1HigherFlatWeightedJets.lean	2fb44c0873447866a05b2dba11ce8c6293121785fb9f23b2df46b6cabe165acb
AKN2HigherPolarRemainder	LeanCode/Internal/PhysicalAnalysis/AKN2HigherPolarRemainder.lean	b97db08fd4ad787868134a693f104461198ec8f71a683beeecd4e0ddde003ad8
AKN3RemainderDerivativeBounds	LeanCode/Internal/PhysicalAnalysis/AKN3RemainderDerivativeBounds.lean	f67636852f88d2e6cd848816c6b183644b2b58fe99b3892410f0bed83ad23584
AKN4PaidWeightedRemainder	LeanCode/Internal/PhysicalAnalysis/AKN4PaidWeightedRemainder.lean	1a15c72197c04d3979fcdf8985d39588ad2b373c4b1b6300ce565b5fe50a4e83
AKN5RemainderCircleEnergy	LeanCode/Internal/PhysicalAnalysis/AKN5RemainderCircleEnergy.lean	118ea0e5452295d48d86063f381581da993cf6d84dafd7c60d87d1e73d23ee4e
AKN6ActualWeightedCircleDecay	LeanCode/Internal/PhysicalAnalysis/AKN6ActualWeightedCircleDecay.lean	4625e11d19f39f0940333ad0b1fef1a6735891056a3d8b8ec8b7e2225c20cff2
AKN7FullCircleDecay	LeanCode/Internal/PhysicalAnalysis/AKN7FullCircleDecay.lean	be43388aa7bd27cd30fa0c34f621fda492ef615388234296ef886d11b2533435
AKN8ActualTiltedBulkEnergy	LeanCode/Internal/PhysicalAnalysis/AKN8ActualTiltedBulkEnergy.lean	b409ca2f394fa061474c8e463d608f4830d52bb0e9018380c907cf10277a6eee
AKN9ActualWeightedBulkRows	LeanCode/Internal/PhysicalAnalysis/AKN9ActualWeightedBulkRows.lean	c81efb7693ffa9843b575f26901cf596d7b4525b924d2bad00ad43a3c6080efc
AKN10WeightedRowRealization	LeanCode/Internal/PhysicalAnalysis/AKN10WeightedRowRealization.lean	7ca4e1b9af31891669ba910b267efd65468946a4b8718f752d979b05bb891963
AKN11RadialScaleTransport	LeanCode/Internal/PhysicalAnalysis/AKN11RadialScaleTransport.lean	8c4bd0df7b2fc236e41822559e6bfb2af8a7e837feca6787b2edcd451856e1a6
AKN12SameCompletedSourceRows	LeanCode/Internal/PhysicalAnalysis/AKN12SameCompletedSourceRows.lean	4167bb4c17ff1499cc583f23172c3487c9ba1bc7dc443c50cd7aa46081c8286d
AKN13OriginalTiltedPrimitiveBounds	LeanCode/Internal/PhysicalAnalysis/AKN13OriginalTiltedPrimitiveBounds.lean	b388f4e0db8575047c09a10ec67b57dcb89d1fa4d03d7cadb6d991164a84628c
AKN14TiltedOriginalCoefficientAlgebra	LeanCode/Internal/PhysicalAnalysis/AKN14TiltedOriginalCoefficientAlgebra.lean	45ae066b27ae4802f05538b8b35b05a2c2477553f73406dd68681609ccfc56b1
AKN15ActualTiltedKappaProducts	LeanCode/Internal/PhysicalAnalysis/AKN15ActualTiltedKappaProducts.lean	313ad5a5ca1d909b710c73968b4c5c99142d32d4d8d602c51e8c17e696acf2de
AKN16OriginalFlatSourcePrimitives	LeanCode/Internal/PhysicalAnalysis/AKN16OriginalFlatSourcePrimitives.lean	7a096407e4a2f545c4877966bcb2e5b7f7e4865669653406349f1ecd300380ee
AKN17ActualSourceProductBounds	LeanCode/Internal/PhysicalAnalysis/AKN17ActualSourceProductBounds.lean	a1b8b827e2c7452d0e61a488e95e271826442fffcc88b7164ed3989cda9e8c8f
AKN18FullTiltedG3	LeanCode/Internal/PhysicalAnalysis/AKN18FullTiltedG3.lean	cb4dc4166b0a4fca2b40cf17f25946b9ea3e1fe9e0eecd19974faa952243e115
AKN19SameFullG3AngularBound	LeanCode/Internal/PhysicalAnalysis/AKN19SameFullG3AngularBound.lean	168121f413fab98e063e5f9fcbf2998e7ea75be0d7840e46482aa519e94b4199
AKN20OriginalWeakGraphDecode	LeanCode/Internal/PhysicalAnalysis/AKN20OriginalWeakGraphDecode.lean	a9504a28721ec5181f149afa8c284600d6fa0b7382228aafe5bae772eb108406
AKN21OriginalSourceGraphRealization	LeanCode/Internal/PhysicalAnalysis/AKN21OriginalSourceGraphRealization.lean	18ec0ea4bc1ac33be763e12cfde189070296d6faa3453bd79907f4615787f2ee
AKV18CartesianWeightedRadialSections	LeanCode/Internal/PhysicalAnalysis/AKV18CartesianWeightedRadialSections.lean	dce7b10bd9e1a129ae1d5b4e995275efeca583d23ceb569ba1233a1e2a1f70cd
AKV19ActualCartesianWeightedRadialSmoothness	LeanCode/Internal/PhysicalAnalysis/AKV19ActualCartesianWeightedRadialSmoothness.lean	cd610dcabbbc35f2d9a47c685f02b41a7ed123805360a0b4ba0cbd79d919a44f
AKV20GeneralActualFullSevenCurve	LeanCode/Internal/PhysicalAnalysis/AKV20GeneralActualFullSevenCurve.lean	38c9c69b67196e26dbb1f25297d285e11bf0a2fec293b4a1b6fee128f217b2e1
AKV21WeightedAngularHilbertContractions	LeanCode/Internal/PhysicalAnalysis/AKV21WeightedAngularHilbertContractions.lean	3c1ba08ff7deb499fb2b59f82099f2bbe902a4d082ef7c8d273ad5e588591e87
AKV22ActualOriginalRowRadialCurves	LeanCode/Internal/PhysicalAnalysis/AKV22ActualOriginalRowRadialCurves.lean	eac32c72d01b924b3df4c75c4028f3dd85b44658050993b6bef554d11b7bdb08
AKV23ActualKappaWeightedRadialSmoothness	LeanCode/Internal/PhysicalAnalysis/AKV23ActualKappaWeightedRadialSmoothness.lean	4bca5de9fad6a42f22c78e519197d9f11f76e9083a6cacce831473d26697bb89
AKV24ExactPolarRowRadialCurves	LeanCode/Internal/PhysicalAnalysis/AKV24ExactPolarRowRadialCurves.lean	0d3be1c2ddcd99f73153667202c12201fd01be56fdd23e8515180a2b9aee8848
AKV25OriginalRowCurveAlgebra	LeanCode/Internal/PhysicalAnalysis/AKV25OriginalRowCurveAlgebra.lean	c6be943fd8e1a6f197bc063e122686458c46b90bf0e36e2b40ef59a0f00da5d2
AKV26GenuineKappaSourceCurveProducts	LeanCode/Internal/PhysicalAnalysis/AKV26GenuineKappaSourceCurveProducts.lean	6b13a02a87029c1b9ecb7e3e4193c16693005c6b8a9f568f67bec63e3c9ff0d6
AKV27ActualDividedCartesianRowCurves	LeanCode/Internal/PhysicalAnalysis/AKV27ActualDividedCartesianRowCurves.lean	5c5eefa6a48b50126559f9081a9e828dfc301086a5802b52e676e81a16233132
AKN22ActualOriginalRadialSourceGraphs	LeanCode/Internal/PhysicalAnalysis/AKN22ActualOriginalRadialSourceGraphs.lean	ef890538c4280c681f19d4d81297e202c6e19b4a403f9ec36b672916a4db5a24
AKN23OriginalGraphBulkRows	LeanCode/Internal/PhysicalAnalysis/AKN23OriginalGraphBulkRows.lean	4a6655ad23b0e8ffbd457b429df3753129c4e837cf08d2e9520fc88ab888a97e
AKN24UniformPrimitiveSourceBounds	LeanCode/Internal/PhysicalAnalysis/AKN24UniformPrimitiveSourceBounds.lean	70e7c18f8c38bdf6748d14ecf33240f63d4bbf553623524cb3e280dcdf7c993f
AKN25FullOriginalSourceNormComponents	LeanCode/Internal/PhysicalAnalysis/AKN25FullOriginalSourceNormComponents.lean	84578f5ac8a0ec80c6d790e54d696e2b7aba768b453c7662e922fd89b8cdf912
SCS40PhysicalG3Coefficients	LeanCode/Internal/NonlinearAnalysis/SCS40PhysicalG3Coefficients.lean	f98ea2f7d757d93589da35f05d6c6b67e079c4a2772fb0a42b523ba1d24956fa
SCS41OriginalPolarPoint	LeanCode/Internal/NonlinearAnalysis/SCS41OriginalPolarPoint.lean	ce2819ffe35dc700b154d629f51c276a9fe5455b5a2ebff046c35d6f74bafe92
AKN26OriginalCircleMeanConstraints	LeanCode/Internal/PhysicalAnalysis/AKN26OriginalCircleMeanConstraints.lean	4889e743c3fe004894459a414dedf791c916cb8afa21f2b5cd53029469a15df7
AKN27StoredOriginalMeanConstraints	LeanCode/Internal/PhysicalAnalysis/AKN27StoredOriginalMeanConstraints.lean	ab2e9e3aeb5ba98748bc878b287739611e7da2f7ed9e162ae76c8569c4feef6a
AJF36ActualApplicationTameConvolution	LeanCode/Internal/PhysicalAnalysis/AJF36ActualApplicationTameConvolution.lean	97ae301125c2dc1e2a38cc155eda39f68b28f79a4af4af24c60544a55c1f7713
AJD25PureCoordinateProductEstimates	LeanCode/Internal/PhysicalAnalysis/AJD25PureCoordinateProductEstimates.lean	3b546d35589cb7bdffca8491f6ece5f18d4dcc03d332de658a3cf86577c943ce
AJD26UniformCoordinateCalculus	LeanCode/Internal/PhysicalAnalysis/AJD26UniformCoordinateCalculus.lean	b97b435f2b3d4994060d9b6700ab7984f00ae077928839ab5946c9c29eedbd8a
AJD27OriginalCoupledBudgetContexts	LeanCode/Internal/PhysicalAnalysis/AJD27OriginalCoupledBudgetContexts.lean	2b909e9ebce4c571a838d42dfdd96add681791d30bd84e145f1f5ad7ac840aa6
AJD30UniformOperatorOperations	LeanCode/Internal/PhysicalAnalysis/AJD30UniformOperatorOperations.lean	18181e7278765d15f176425d6c2722555aa038cae1f09d15a7dce61f446ce747
AJD33UniformOperatorComposition	LeanCode/Internal/PhysicalAnalysis/AJD33UniformOperatorComposition.lean	be96e0333b26b7a798b2b308d30f446929de5f675f2cfe749ceedc105d9d2adc
AJF30AugmentedCoordinateBudget	LeanCode/Internal/PhysicalAnalysis/AJF30AugmentedCoordinateBudget.lean	6027158b61fe4183feb19778b9759222a747f08e5074b58021c080dde6c8dc67
AJF46FiniteSharedGeneratorTame	LeanCode/Internal/PhysicalAnalysis/AJF46FiniteSharedGeneratorTame.lean	a6d8e8b61ee87e0a7bd122e29d5e2938a341d4af37958a5d6369ced4649b7021
AJF44StrongInsertedGradeZero	LeanCode/Internal/PhysicalAnalysis/AJF44StrongInsertedGradeZero.lean	ada2282b688c6a1d2c45f92289c84f61f960342890f4e7eb98272cb7a839dafb
AJF47FiniteSharedResponseTame	LeanCode/Internal/PhysicalAnalysis/AJF47FiniteSharedResponseTame.lean	6d2f3eff65daabc8b5241b98680471c353dd60bd8ebee3a5e675540c860cf38c
AJB26GenuineLowWeightedGraphClosure	LeanCode/Internal/PhysicalAnalysis/AJB26GenuineLowWeightedGraphClosure.lean	fdfaebc1543eb5bfc47c3f433f7ccc01dc0584ac1820f4ccdb8cdf23ee80be94
AJF10SameCoupledWeightedClosure	LeanCode/Internal/PhysicalAnalysis/AJF10SameCoupledWeightedClosure.lean	765fa01b60860f23fdef94c5523cd84a4bd296a6ce2715024761a3e96a1aeaf6
AJF49GeneralSharedResponseTame	LeanCode/Internal/PhysicalAnalysis/AJF49GeneralSharedResponseTame.lean	585012861d7a5c78103a80dbb1b2921a30fba55fb2526e5750bf82007bc6060f
AJF19ActualJetAxisRestriction	LeanCode/Internal/PhysicalAnalysis/AJF19ActualJetAxisRestriction.lean	7a6f7b519d974564b9434f175905be7a542473712f6c84133800bc89fd8fdb4c
AJA12ActualHighInverseDerivative	LeanCode/Internal/PhysicalAnalysis/AJA12ActualHighInverseDerivative.lean	9f043c596cc5b455f0efd9293f9d369cfb984c262427ee877a5e0347aca442f5
AJA20ActualOrderedHighInverse	LeanCode/Internal/PhysicalAnalysis/AJA20ActualOrderedHighInverse.lean	1250a5e9fc56c17b49f150e87cf3704a035135acdebce7e9744fe7e368e10695
AJA22SharpHighInverseOneHigh	LeanCode/Internal/PhysicalAnalysis/AJA22SharpHighInverseOneHigh.lean	74e3402f767e833f1ecc82a71dd39aeacb250220ec85d481e2445614fc879c00
AJF20ActualSolverAxisBounds	LeanCode/Internal/PhysicalAnalysis/AJF20ActualSolverAxisBounds.lean	9deddf62f6d6cbe92f50e00cca354b0c8dc966d1f24651238eda8760f45aa544
AJF32ActualLiftedFunctionalCoordinateBounds	LeanCode/Internal/PhysicalAnalysis/AJF32ActualLiftedFunctionalCoordinateBounds.lean	31e8070b914167b89cbc4e5af24dfa55017987639dbe9e0dd638b8f7ece5061b
AJF33UniformRealOperatorOperations	LeanCode/Internal/PhysicalAnalysis/AJF33UniformRealOperatorOperations.lean	e00567db64232db5fc77a3c701943223db0f9ba752a1417f2921152d48edd70d
AJF22ActualIncomingSolverOneHigh	LeanCode/Internal/PhysicalAnalysis/AJF22ActualIncomingSolverOneHigh.lean	579f8c87865a74796d94f554ec758ecf03b25372e569fa9a2c651c90566c25be
AJD29SameDiagonalCoordinateBounds	LeanCode/Internal/PhysicalAnalysis/AJD29SameDiagonalCoordinateBounds.lean	b7f9195f2bc367e08ca6cfa17b836a29c73a7445a466b70384e60b453b9b04ce
AJF37ActualIncomingCoordinateBound	LeanCode/Internal/PhysicalAnalysis/AJF37ActualIncomingCoordinateBound.lean	aa6a8dc026d798f6f2f6a93fb992098bb781df9eef85cd883db3ff87b1a77abd
AJF31FullKnownFunctionalCoordinateBounds	LeanCode/Internal/PhysicalAnalysis/AJF31FullKnownFunctionalCoordinateBounds.lean	72dec3204d111c090651c72959effbdb45dc3257a28070da95bd01e83c3333b4
AJF38KnownZeroFunctionalCoordinateBound	LeanCode/Internal/PhysicalAnalysis/AJF38KnownZeroFunctionalCoordinateBound.lean	7657f86bc24b7e0666e5aaa5a474d1c99905d679caf1baa3d6204dda85c8ef2e
AJF39FullKnownEnergyCoordinateBound	LeanCode/Internal/PhysicalAnalysis/AJF39FullKnownEnergyCoordinateBound.lean	90a573666396081165bae562ddc6cee27e53a4a63950e50dd1b4fd402d319331
AJD28ActualCoefficientCoordinateBounds	LeanCode/Internal/PhysicalAnalysis/AJD28ActualCoefficientCoordinateBounds.lean	4443d5b96699983342696e5e5ed8510a96bc5154e46486b8bfd1e1a0d6061636
AJF42FullKnownPhysicalCoordinateBound	LeanCode/Internal/PhysicalAnalysis/AJF42FullKnownPhysicalCoordinateBound.lean	138f6603b0b14647896739d37aa8750e5e88470867650bc4cafd8a92d4bd123f
AJF43SharedKnownHighCoordinateBound	LeanCode/Internal/PhysicalAnalysis/AJF43SharedKnownHighCoordinateBound.lean	d99652a1ec5204f670f71b6db78518721340b0add094f07307ceff327b3b47c7
AJF34FullKnownLowCoordinateBounds	LeanCode/Internal/PhysicalAnalysis/AJF34FullKnownLowCoordinateBounds.lean	3c14b15c91b0b7096c83ec5410e246305d6d8c7a9ff1a78b24f46db62ac867ec
AJF45SharedKnownLowCoordinateBound	LeanCode/Internal/PhysicalAnalysis/AJF45SharedKnownLowCoordinateBound.lean	2c5e468d09ed69e050aa726a5524ab284f67ee33a1631c6bbf84f17d4fd7f567
AJD31CrossPacketUniformNorms	LeanCode/Internal/PhysicalAnalysis/AJD31CrossPacketUniformNorms.lean	3ca0e22438100699b8871166e3efa5a85033c88d6f71ce712c5cac2ff2efe8d0
AJD40UniformPhysicalPairingCalculus	LeanCode/Internal/PhysicalAnalysis/AJD40UniformPhysicalPairingCalculus.lean	5815b3c6eae02e33941e5983a7b58adf768138ba18c99e4b64f9f8cc354f2a1b
AJD32ActualKnownFunctionalCoordinateBounds	LeanCode/Internal/PhysicalAnalysis/AJD32ActualKnownFunctionalCoordinateBounds.lean	510b4a598a6254b6ad1994c7887eb06a2c70741330159f6535478b97e0d30335
AJD34SameCrossEnergyCoordinateBounds	LeanCode/Internal/PhysicalAnalysis/AJD34SameCrossEnergyCoordinateBounds.lean	a02f5213a8312a4875a85b4a0501779a82544591f7f49cc460d2e58811728d08
AJD36UniformClosedGraphAndPair	LeanCode/Internal/PhysicalAnalysis/AJD36UniformClosedGraphAndPair.lean	f1d637b93f88a6490933b361097cc6c6dccfa7b78b208f38790a91ad146b5b7c
AJD35SameCompleteCrossResponseBounds	LeanCode/Internal/PhysicalAnalysis/AJD35SameCompleteCrossResponseBounds.lean	972487953f4aa187283419c1eb4e96abe4d1e40fa9de281233860f34a5e54d92
AJD37ActualBoundaryDeviationCoordinateBounds	LeanCode/Internal/PhysicalAnalysis/AJD37ActualBoundaryDeviationCoordinateBounds.lean	25825fab6f894e2a365e578516e770b3d069615ed359e9fb28080e366e32d196
AJD38ActualBoundaryCrossCoordinateBounds	LeanCode/Internal/PhysicalAnalysis/AJD38ActualBoundaryCrossCoordinateBounds.lean	5b41b06e8f8259d2e6b1b43b09a3c6ad83d3174941391f39966954045facacfe
AJD39ActualBulkCrossCoordinateBounds	LeanCode/Internal/PhysicalAnalysis/AJD39ActualBulkCrossCoordinateBounds.lean	9011698c98074bf4145916b5edbbffee9416c0294bdcc2e68d6974309704f722
AJD41UniformFiniteOperatorAssembly	LeanCode/Internal/PhysicalAnalysis/AJD41UniformFiniteOperatorAssembly.lean	807a3f22cd45617e5bbdbb4b7b8a49509236faf0679d2e55f05e64a9fdd30335
AJD42CompleteCrossDataCoordinateBounds	LeanCode/Internal/PhysicalAnalysis/AJD42CompleteCrossDataCoordinateBounds.lean	46033daca88849f9558b4a60309884885f2bf882d593d3b92b95c8aafb115c79
AJD43SameOffDiagonalCoordinateBounds	LeanCode/Internal/PhysicalAnalysis/AJD43SameOffDiagonalCoordinateBounds.lean	a31987fb64250bfd840e424b0ee5cdd457087b08fc32550fc558eee28a856a2d
AJD44SameCoupledResidualCoordinateBounds	LeanCode/Internal/PhysicalAnalysis/AJD44SameCoupledResidualCoordinateBounds.lean	4fea01a9e1b6c25256af5b528b877b3af929dad3673bedd1787be9a3494be176
AJD23OneVariableInverseBounds	LeanCode/Internal/PhysicalAnalysis/AJD23OneVariableInverseBounds.lean	e9ac5a295da86435ea2979886f8f5e4c363515e3f2d49b80722bef5fee03d63b
AJD45UniformSameInverseCoordinateBounds	LeanCode/Internal/PhysicalAnalysis/AJD45UniformSameInverseCoordinateBounds.lean	f73c09952c7fff7cc5edb05d63a4f9d877df98669cb3113225cc42ca43370ad0
AJD46SameCoupledInverseCoordinateBounds	LeanCode/Internal/PhysicalAnalysis/AJD46SameCoupledInverseCoordinateBounds.lean	a73e3b6fb1ea22e108fbde3c80d6b4f4e5d273954fd6374d315f5aae1edfff7a
AJF50ActualSharedResponseCoordinateBounds	LeanCode/Internal/PhysicalAnalysis/AJF50ActualSharedResponseCoordinateBounds.lean	90c9647148e63322664f4fc80f94f4a911758d12021ab768b6411641f3fcdebc
AJF51SameOriginalSharedInverseTame	LeanCode/Internal/PhysicalAnalysis/AJF51SameOriginalSharedInverseTame.lean	58b373c512c3877ab251ab608942baa9c517d3305c47f2fc665afa9e188d71d6
AKL1LiteralExhaustionWeightedNorms	LeanCode/Internal/PhysicalAnalysis/AKL1LiteralExhaustionWeightedNorms.lean	736016bbe490317a034f4893e997d68b4f2fd6e2a1f97aa82eb74ac4d7c5b94c
AKN28ActualOriginalSourceDatum	LeanCode/Internal/PhysicalAnalysis/AKN28ActualOriginalSourceDatum.lean	f18849173c43444e23db0715dc7aa5b55b226526b6ec87ae2fbd049f626cd6e2
AKN29ActualWeightedSourceNorm	LeanCode/Internal/PhysicalAnalysis/AKN29ActualWeightedSourceNorm.lean	568f73ea9567a424a0c032c1eb1ed738c0b363ff35a62004a250b74ac2766271
AKN30ExactEXSourceAllocationBound	LeanCode/Internal/PhysicalAnalysis/AKN30ExactEXSourceAllocationBound.lean	ca33bacaaae163aa793f3977a9e58590e534ea3825e634efd0218afc6bf9d74b
AKN31SamePrimitiveSourceGrades	LeanCode/Internal/PhysicalAnalysis/AKN31SamePrimitiveSourceGrades.lean	68f019adc2398b39ae39fdfc83972601234c688b82e69da1e1eb4e1e5ff79cab
AKN32SameFullG3Grades	LeanCode/Internal/PhysicalAnalysis/AKN32SameFullG3Grades.lean	a0ffc7ca443bee471089aefdece36a054c327b9c0bfd0ca399b39662a9476f42
AKV28ActualFullG3RadialCurves	LeanCode/Internal/PhysicalAnalysis/AKV28ActualFullG3RadialCurves.lean	c25fafbf810fd333c78f596a65925413f2c0e75365e745bd83aa07a12c8be51a
AKV29ExactCartesianPrimitiveSourceRows	LeanCode/Internal/PhysicalAnalysis/AKV29ExactCartesianPrimitiveSourceRows.lean	a43c20a866f07e68a1df65a25c70bc76e278402722bfb21f16986de9bcdf0c26
AKV30ActualPrimitiveSourceRadialSmoothness	LeanCode/Internal/PhysicalAnalysis/AKV30ActualPrimitiveSourceRadialSmoothness.lean	7ced0869d049342486bab66e6eaccd0d5f669cc1a8dedb5f04296cc48567634b
AKV31ActualCartesianKnownSevenCurves	LeanCode/Internal/PhysicalAnalysis/AKV31ActualCartesianKnownSevenCurves.lean	2b197b02cafb8d9aed88ccd2572d6e8c7165a3efa082bdada3fd067f7074a688
AKV32ActualFullCartesianSourceCurves	LeanCode/Internal/PhysicalAnalysis/AKV32ActualFullCartesianSourceCurves.lean	e59f0db378313af8f030642ae8832e62412eb6e9b3e9ed5ad9bf82ed1eaadaa5
AKV33SameSourcesArbitraryIncomingCurves	LeanCode/Internal/PhysicalAnalysis/AKV33SameSourcesArbitraryIncomingCurves.lean	535e07146c7121332e101426e4cafcd67b774a5fef342783a22958a44210200b
AKV34ActualCartesianEquationRadialRegularity	LeanCode/Internal/PhysicalAnalysis/AKV34ActualCartesianEquationRadialRegularity.lean	797e1ad2b1a06d65fdb7896bf62a6fe43b4f424ee3a5f01245c536a43640d76c
AKM1RealHilbertWeakExtraction	LeanCode/Internal/PhysicalAnalysis/AKM1RealHilbertWeakExtraction.lean	81d369e7b63f772fbd59edf73a4e4f68061ded700feaacf33dd62aaa02e07f05
AKM2CountableHilbertWeakExtraction	LeanCode/Internal/PhysicalAnalysis/AKM2CountableHilbertWeakExtraction.lean	5b5c1a811e4548bc54de564c71c50838c9c6d3d03b9a8159492ea61aec959519
AKM3WeakComparisonAndUniformBounds	LeanCode/Internal/PhysicalAnalysis/AKM3WeakComparisonAndUniformBounds.lean	a9f3bac869ef24de3d297b8a7c1ba443d75f1d51733a6988c94db5a5256f6c9a
AKM4SequenceClosedSpanExtraction	LeanCode/Internal/PhysicalAnalysis/AKM4SequenceClosedSpanExtraction.lean	69eecd575c407aebdf40336697f14f2c39939d154474d0f51772d9e38e5297e8
AKM5OriginalFiveBlockWeakExtraction	LeanCode/Internal/PhysicalAnalysis/AKM5OriginalFiveBlockWeakExtraction.lean	210d31b0b983d5aa4011af8274242a499ea6a76e0186557073fe04a0e71a3657
AKM6SameOriginalResponseLinear	LeanCode/Internal/PhysicalAnalysis/AKM6SameOriginalResponseLinear.lean	6e782f3360e4e27dca98f9faafc309d155526fa863d68a6273051055746fbff3
AKM7OriginalEquationGraphProjection	LeanCode/Internal/PhysicalAnalysis/AKM7OriginalEquationGraphProjection.lean	41502f612b032b32d1607a429e815a0b7a1ad240e90e6e029dd1c8275add0aec
AKM8ActualOriginalGraphWeakExtraction	LeanCode/Internal/PhysicalAnalysis/AKM8ActualOriginalGraphWeakExtraction.lean	655e80989cd64ff6d0ac6fea251f19c964362a1a04ec7bc3eb82a210aea25d43
AKM9OriginalWeakLimitCoordinatesAndBounds	LeanCode/Internal/PhysicalAnalysis/AKM9OriginalWeakLimitCoordinatesAndBounds.lean	2da2266ec0733d65f327d3259dff08f00a61551a8edfc8d293e8dbb004fabfe3
AKV35ActualObservedGraphRadialRegularity	LeanCode/Internal/PhysicalAnalysis/AKV35ActualObservedGraphRadialRegularity.lean	af63c626a6c7c551bc6d1fb4c06669c7981d6f509a29a5b9855844d600b3734d
AKV42ActualCartesianFullSevenSmoothness	LeanCode/Internal/PhysicalAnalysis/AKV42ActualCartesianFullSevenSmoothness.lean	e47653ccb0fc73fcf152c2cd6064cbf345e5339bed8b7b89619b17750f825327
AKV43SameObservedFullSevenSmoothness	LeanCode/Internal/PhysicalAnalysis/AKV43SameObservedFullSevenSmoothness.lean	a3feff5cd1ab5646149266e368b668479b331e8a1613aa9975a56cd6caab2a70
AKV36InversePhaseRadialJets	LeanCode/Internal/PhysicalAnalysis/AKV36InversePhaseRadialJets.lean	bdb18e26322232569a41a4a2ed72b18f9abd62361c9fbffe202df0ea94ee8667
AKV37ReservedInversePhaseDiagonal	LeanCode/Internal/PhysicalAnalysis/AKV37ReservedInversePhaseDiagonal.lean	73ad90117d6a45cb5b232fbb9257962f1260f17be32d5f3494cc5b6f8a4ecb70
AKV38ExactInversePhaseRadialRecovery	LeanCode/Internal/PhysicalAnalysis/AKV38ExactInversePhaseRadialRecovery.lean	d27a87ac81a97216c448cdca0245c3f584b58be1e093ce0aa39cc4204e367d6c
AKAC1SmoothActualLowPhysicalRows	LeanCode/Internal/PhysicalAnalysis/AKAC1SmoothActualLowPhysicalRows.lean	2847663ffada58f739266b359f10931fb6d76f8ea2a75765db8bac0f8410e09c
AKAC2ActualSevenAndCovariantCurves	LeanCode/Internal/PhysicalAnalysis/AKAC2ActualSevenAndCovariantCurves.lean	e5f629559a996fd07582eb899d5011a0314802b2cb7ee20f03fc6cf8b2b7470f
AKL2SameOriginalUniformRetainedEstimate	LeanCode/Internal/PhysicalAnalysis/AKL2SameOriginalUniformRetainedEstimate.lean	ae4e04356b792d404b7cf6ad435cafcab3b6d6a8d3befb97ef15065ac3f11597
AKL3IndependentZeroBoundaryData	LeanCode/Internal/PhysicalAnalysis/AKL3IndependentZeroBoundaryData.lean	8bbb6fee22811ec8269fa9f3281671fd2618218339d3bd7ce5c4a53e36904dd4
AKL4ExactOriginalExhaustionSolve	LeanCode/Internal/PhysicalAnalysis/AKL4ExactOriginalExhaustionSolve.lean	22f80092c6320e8dd9cabb919e15d1621094b4014e40c960c25b135e0597b94b
AKN33OriginalDatumInsertedTransport	LeanCode/Internal/PhysicalAnalysis/AKN33OriginalDatumInsertedTransport.lean	efdad589dd574f34ec0a4d92e3b2af002014c03a18982ae137d88e92866bc291
AKN34ExactOriginalSourceFamily	LeanCode/Internal/PhysicalAnalysis/AKN34ExactOriginalSourceFamily.lean	cc4780f5feac75e61081ce6fa34180e968f40d163254648882abfc15102681f0
AKN35OriginalPrimitiveRestriction	LeanCode/Internal/PhysicalAnalysis/AKN35OriginalPrimitiveRestriction.lean	e8810d70827c129366e6350f6645c6669b4c54b11d151f77febab2b797f06520
AKN36ActualPrimitiveSourceRestriction	LeanCode/Internal/PhysicalAnalysis/AKN36ActualPrimitiveSourceRestriction.lean	c1c349a825dcf677fbcd36ab1d6c01b8930fae90fe0a1007499ec76a13431376
AKN37ActualFullG3Restriction	LeanCode/Internal/PhysicalAnalysis/AKN37ActualFullG3Restriction.lean	34a3e2bbe79d113566bc6c678fb8ec739b4d5d044e6f55cddfe1345b08ce586c
AKN38ExactOriginalSourceRestrictionFamily	LeanCode/Internal/PhysicalAnalysis/AKN38ExactOriginalSourceRestrictionFamily.lean	e35c2cb7cd6ab6f4aed69d19672927bd43db77b34084161ca0057b64835f84eb
AKG27ActualOriginalEquationRestriction	LeanCode/Internal/PhysicalAnalysis/AKG27ActualOriginalEquationRestriction.lean	f2a8feff8314c02683726560f5f69d2568254054d08e229d7deee4d6e5386d0a
AKG28SameOriginalResponseRestriction	LeanCode/Internal/PhysicalAnalysis/AKG28SameOriginalResponseRestriction.lean	d1b3bae72ad0b9d871dcaf8d0f3283fea5a00ffa1352206429b366853eed76ee
AKM10OriginalRestrictionWeakLimits	LeanCode/Internal/PhysicalAnalysis/AKM10OriginalRestrictionWeakLimits.lean	d4d724543009b9ae999379fc165864385d3b5dbdbab0210855b3d771a6e9d814
AKM11ActualInsertedGradeWeakClosure	LeanCode/Internal/PhysicalAnalysis/AKM11ActualInsertedGradeWeakClosure.lean	2592a157d4ef5da52980130107d9857a60a948d23bab525b319df5a1f097ae4d
AKM12CompatibleOriginalEquationFamily	LeanCode/Internal/PhysicalAnalysis/AKM12CompatibleOriginalEquationFamily.lean	000aa9c43fc6acc16f37ab174c5be967da1a009d4d3c08a3ea38527ec0d19a7d
AKM13DoubleCountableWeakExtraction	LeanCode/Internal/PhysicalAnalysis/AKM13DoubleCountableWeakExtraction.lean	39398be904671c1b34c4d42690097616cb878550c8144546576684b15c24bad7
AKM14SameAllGradeWeakLimits	LeanCode/Internal/PhysicalAnalysis/AKM14SameAllGradeWeakLimits.lean	50f9ec4203fb7eee29ec163d13f4a7f76d5038e4f55970b51275ad6fe6bbd7e2
AKM15SameGradedRestrictionCompatibility	LeanCode/Internal/PhysicalAnalysis/AKM15SameGradedRestrictionCompatibility.lean	921c36aad967783b4b89b7486de9b4ad822da1c13cf7e3f1ff8c73d3cb482177
AKL5UniformAnnularSequence	LeanCode/Internal/PhysicalAnalysis/AKL5UniformAnnularSequence.lean	04a969c976af17b0d00ef00524eb89dd4f59bd0526d959801fa0ef4dfb7764af
AKP1ActualRestrictedEquationAndCompactness	LeanCode/Internal/PhysicalAnalysis/AKP1ActualRestrictedEquationAndCompactness.lean	44c45a2af8d568a80297e95f47bafbe1ce4e27813e0331eb56704e0b3d733373
AKP2SameFixedStateExhaustionSolves	LeanCode/Internal/PhysicalAnalysis/AKP2SameFixedStateExhaustionSolves.lean	595490325cd34521824849a25ce58f82c41e8864621ed1423237576af19c9fbd
AKP3ActualCofinalRestrictionSequence	LeanCode/Internal/PhysicalAnalysis/AKP3ActualCofinalRestrictionSequence.lean	ed52442ee4271b140f6d5887321120bf5538eee36649aa225b5b780021685378
AKP4CofinalSequenceOriginalEquationsAndBounds	LeanCode/Internal/PhysicalAnalysis/AKP4CofinalSequenceOriginalEquationsAndBounds.lean	874a468daa9cc1630b6708228ded4426bd5c59310510d6731ae89ec552c9cc06
AKP5ActualOriginalAnnularWeakLimit	LeanCode/Internal/PhysicalAnalysis/AKP5ActualOriginalAnnularWeakLimit.lean	a5226e6d99bbe9b7824db05e2aa94e5fccd808a8cf08065ee274aa1e98724413
AKP6ActualCofinalInsertedWitnesses	LeanCode/Internal/PhysicalAnalysis/AKP6ActualCofinalInsertedWitnesses.lean	4560e2aa30bf4f54aea96d01d020fc9a60c233e6af5bbb1594f29d1185ef3254
AKP7ActualAllGradeAnnularWitnesses	LeanCode/Internal/PhysicalAnalysis/AKP7ActualAllGradeAnnularWitnesses.lean	ddce1d8fe852e0c87d1056ac930c2068b843f686bfae2390f85e71601d3d680a
AKP8SameCofinalAllGradeLimits	LeanCode/Internal/PhysicalAnalysis/AKP8SameCofinalAllGradeLimits.lean	eb3d1787375d3d03be1f699e66ae040fdfb33e6e33ad34bc31145a972c2ad7b8
AKP9OriginalAdmissibleCofinalRadii	LeanCode/Internal/PhysicalAnalysis/AKP9OriginalAdmissibleCofinalRadii.lean	4d37c67dd517ccab5f03c17634b7a3949211f5603b7100c30dbaa07bc7e155d3
AKP10ActualCompatibleAllGradeSolutionFamily	LeanCode/Internal/PhysicalAnalysis/AKP10ActualCompatibleAllGradeSolutionFamily.lean	1993b1b9a061ec7c4cb0c4d554112dcec299181c4adbc8bf902c04b15218e441
AKT9OneOriginalSourceAndInverseBall	LeanCode/Internal/PhysicalAnalysis/AKT9OneOriginalSourceAndInverseBall.lean	e844fc07c68397cb6a8af6729009ad2ffcd8f6ea45405f9baa3c49f793f1d991
AKT10ActualCartesianSourceAnnularEstimate	LeanCode/Internal/PhysicalAnalysis/AKT10ActualCartesianSourceAnnularEstimate.lean	c691ba82b93c556b548d827af3d70c5ded2b46240cd49c2a33283d246ea3ab34
AKT11ActualCartesianCofinalData	LeanCode/Internal/PhysicalAnalysis/AKT11ActualCartesianCofinalData.lean	92cac63d671d55122052a8361923d808332a65f0fe7ff771ec87cfc856bca67d
AKT12ActualCartesianAllGradeAnnularWitnesses	LeanCode/Internal/PhysicalAnalysis/AKT12ActualCartesianAllGradeAnnularWitnesses.lean	6d7ee40dc3855a33e511612a7454e464f2a19123d6d519dd60831e6a990d0514
AKT16ActualCofinalInsertedConsumer	LeanCode/Internal/PhysicalAnalysis/AKT16ActualCofinalInsertedConsumer.lean	87cd197fc68d2bf2c7423f1b50c8b0bcd61aa2a058bdd89392a99cee56dfabe2
AKT17CofinalNormTransport	LeanCode/Internal/PhysicalAnalysis/AKT17CofinalNormTransport.lean	f4363a88dabd54149a36c6bce998448837fccf3ec25609588c64c3104a3cc354
AKT13ActualCartesianCompatibleSolution	LeanCode/Internal/PhysicalAnalysis/AKT13ActualCartesianCompatibleSolution.lean	1f611d2cbf8fb6da7dad3df7fead6d6cfbcef9d53c9a5ed8f4b91bd703aeeea3
AKO1ActualIncomingSquareIntegrals	LeanCode/Internal/PhysicalAnalysis/AKO1ActualIncomingSquareIntegrals.lean	98980fa8ae6728c14a6497627a9653a7fa63fabdf9c41eb2efb2a4f0a8b100e1
AKO2ActualLowIncomingLogBound	LeanCode/Internal/PhysicalAnalysis/AKO2ActualLowIncomingLogBound.lean	d946f0f6a11e366683a8a2be8af5f03ea3dcaad5aec4ec9f45713cc90969ea6a
AKO3ActualHighIncomingRepresentatives	LeanCode/Internal/PhysicalAnalysis/AKO3ActualHighIncomingRepresentatives.lean	37b594677c70950a4702849a2730cec650c7d2898d2dd2cd5b802d14b13a86d0
AKO4ActualHighIncomingLogBound	LeanCode/Internal/PhysicalAnalysis/AKO4ActualHighIncomingLogBound.lean	c801183d63c111037d6b173748cb2cbd3516c9115bdfff533d6d68cdf0a40565
AKO5SameHighMovingIncomingTrace	LeanCode/Internal/PhysicalAnalysis/AKO5SameHighMovingIncomingTrace.lean	8e15f879423cd95773c7dfee37a2d576183566a04fbf6eebbf81bfe1f1f372be
AKO6SameLowMovingIncomingTrace	LeanCode/Internal/PhysicalAnalysis/AKO6SameLowMovingIncomingTrace.lean	a9f07af2ae15ce2628416a8f59fb91ded47e4766eb89a2761e07c4062b69e3bf
AKO8GoodLogarithmicRadius	LeanCode/Internal/PhysicalAnalysis/AKO8GoodLogarithmicRadius.lean	86f6f9b1513e82331a05e58c0b28832e2cda9cbe80f1b34070e435d79a037abd
AKO9CommonVanishingIncomingRadii	LeanCode/Internal/PhysicalAnalysis/AKO9CommonVanishingIncomingRadii.lean	73e0cc7d517e41df4eb0107be60e6ac470e45df737a4940a771e4f51d2242430
AKO10CofinalCollarLogIntegral	LeanCode/Internal/PhysicalAnalysis/AKO10CofinalCollarLogIntegral.lean	8d5034442fd50bd4a3f5ad294f27483af240db03cdc4882cd25727445d3ede7e
AKO7FullMovingIncomingLogBound	LeanCode/Internal/PhysicalAnalysis/AKO7FullMovingIncomingLogBound.lean	462dfc00630f3f49a2a8039ab567042ef3947b8f6eac62644b211417ac577e26
AKO12SameIncomingDensityLocality	LeanCode/Internal/PhysicalAnalysis/AKO12SameIncomingDensityLocality.lean	9bfe9d882d93ec8b902afcae5fb2a002e847acc61a3d5a764ab2f7a83ec49570
AKO13CanonicalIncomingDensityGluing	LeanCode/Internal/PhysicalAnalysis/AKO13CanonicalIncomingDensityGluing.lean	5937b430a905fedc2628ae17a96926f80b557c699ccaca8e4cb0bba180f3cb57
AKO11ActualRetainedFamilyCommonRadii	LeanCode/Internal/PhysicalAnalysis/AKO11ActualRetainedFamilyCommonRadii.lean	6422273df0dd253c05a62a1b33c5b026d641e2faec3e537ae6ae39e28ca467c5
AKO14ActualCompatibleIncomingFamily	LeanCode/Internal/PhysicalAnalysis/AKO14ActualCompatibleIncomingFamily.lean	e93a64241b1c3f8d295fcc5c0f3c92c8aabc56775fb933a5c786ba573428aef8
AKO15ActualCompatibleFamilyVanishingTraces	LeanCode/Internal/PhysicalAnalysis/AKO15ActualCompatibleFamilyVanishingTraces.lean	297d69e2e74b3d66753d69befc702010da4d0a925eb04d9c3a86fec993c678c6
AKP11FullFamilyNativeCompatibility	LeanCode/Internal/PhysicalAnalysis/AKP11FullFamilyNativeCompatibility.lean	0d15bc161f6c4600316ec1d9b0e5cc01fdbb3770c4132550575b9b3cb71cd727
AKP12FullOriginalFamilyVanishingIncoming	LeanCode/Internal/PhysicalAnalysis/AKP12FullOriginalFamilyVanishingIncoming.lean	eed6a9bac00deafc0514fe27d18428fd2a0876c0431e78be62b2d66c5eaea06c
AKT1CofinalClosedSectionGluing	LeanCode/Internal/PhysicalAnalysis/AKT1CofinalClosedSectionGluing.lean	6a4ea64e1be1ee46a9711095b8ff01baa132f7537f388e3975d129d9273c12bf
AKT2SamePhaseWeightedLocalFamily	LeanCode/Internal/PhysicalAnalysis/AKT2SamePhaseWeightedLocalFamily.lean	656142e56d6e90e05457b9bcd025c6af51d3a42b92d57fb63c367c0710bf5532
AKT3SamePuncturedWeightedHilbertField	LeanCode/Internal/PhysicalAnalysis/AKT3SamePuncturedWeightedHilbertField.lean	de3c2dc51847669b3452584b5e5031a28f17536c03c8cdac3f1129a66d3275b1
AKT4SamePhysicalLocalFamily	LeanCode/Internal/PhysicalAnalysis/AKT4SamePhysicalLocalFamily.lean	c9635b0c9d2bf2b9cf24389041a73976a2a90dd5794a7522c1b383de2c4abd05
AKT5SamePuncturedPhysicalHilbertField	LeanCode/Internal/PhysicalAnalysis/AKT5SamePuncturedPhysicalHilbertField.lean	1cfe5a3f7727df4b386483c36a31ba5784fcc43803a4c70421ea7c42b865bef1
AKT6SamePuncturedGradesAndPhase	LeanCode/Internal/PhysicalAnalysis/AKT6SamePuncturedGradesAndPhase.lean	a2f3beefc66d16c2643ff1dcabd7a48da013db624afd39d7be8703aab19b36c6
AKT7ActualPhysicalFourierSummability	LeanCode/Internal/PhysicalAnalysis/AKT7ActualPhysicalFourierSummability.lean	b134c315f03a312244b6fc14040ad9e6d87bc1f8c23defc9444911634cd58359
AKT8ActualPuncturedPhysicalPressureAndScalar	LeanCode/Internal/PhysicalAnalysis/AKT8ActualPuncturedPhysicalPressureAndScalar.lean	f5a8ea12da07422830bd5d08c58e4bb6cce0228f0d6c737333fce9b8c3ff9aee
AKT14ActualFullFamilyPhysicalRealization	LeanCode/Internal/PhysicalAnalysis/AKT14ActualFullFamilyPhysicalRealization.lean	d6e61df08b7a406d9f548a04ab017aecaf5685a6b36b8f5a076740c843a6caf8
AKT18ActualCartesianSourcePhysicalConsumer	LeanCode/Internal/PhysicalAnalysis/AKT18ActualCartesianSourcePhysicalConsumer.lean	600a8825127e3c752e57aa8623fdcfa0d191e31e64aa3f2576a8940c8c19e2be
AKX1SameOriginalGraphCovariants	LeanCode/Internal/PhysicalAnalysis/AKX1SameOriginalGraphCovariants.lean	2ed4a478737598fafbe816ec2a97a423a26956a8759cb74f63f4fbb18e7396f7
AKX2UniformOriginalGraphReconstruction	LeanCode/Internal/PhysicalAnalysis/AKX2UniformOriginalGraphReconstruction.lean	dd12efe98bb735876d077ad42d6154dc6bffeabe29b8348c8434ee373fda2ebb
AKX3SamePhysicalReconstructionLocality	LeanCode/Internal/PhysicalAnalysis/AKX3SamePhysicalReconstructionLocality.lean	1fe8f2540f9257c175dfeccfbd365fc79db3aa40b273fa082be4a785a14b2958
AKS1ExactHomogeneousIncomingNorm	LeanCode/Internal/PhysicalAnalysis/AKS1ExactHomogeneousIncomingNorm.lean	ffa5a90e8cbd78a359d6fac8dd229dd4d617e10f3da312265d9811df61213eb7
AKS2ActualHomogeneousSolutionBound	LeanCode/Internal/PhysicalAnalysis/AKS2ActualHomogeneousSolutionBound.lean	de535a1fe2bbc7304168816b1afbb8cc03caffce92fccc2293d58b91b4df756f
AKS3ActualHomogeneousGraphBound	LeanCode/Internal/PhysicalAnalysis/AKS3ActualHomogeneousGraphBound.lean	69ffee5efccfb0862dd9856ddc9aad0dd382c8954dd3f61026644c2633565965
AKS8HomogeneousGraphLocality	LeanCode/Internal/PhysicalAnalysis/AKS8HomogeneousGraphLocality.lean	a44d370b1b6ee268baef828536b11ef53e68e0bd4f8f0248c83927e7056521ed
AKS4OwnIncomingRestrictionEstimate	LeanCode/Internal/PhysicalAnalysis/AKS4OwnIncomingRestrictionEstimate.lean	9941584ddb968594905ed07e4e9e73efd7f12b8a41324bc268476d6773c808e5
AKS5ActualWeightedHomogeneousUniqueness	LeanCode/Internal/PhysicalAnalysis/AKS5ActualWeightedHomogeneousUniqueness.lean	43378d84c0a9bb1d22313b6c63fc039e14da65f60d1834a2f306cbb2b72ba1c6
AKS6ActualOriginalEquationDifference	LeanCode/Internal/PhysicalAnalysis/AKS6ActualOriginalEquationDifference.lean	ac8503df5cf13abc6acd75767b67710fdac6f34fe60836984c666571711956a0
AKS7ExactWeightedFamilyUniqueness	LeanCode/Internal/PhysicalAnalysis/AKS7ExactWeightedFamilyUniqueness.lean	dfc4a7ada318967c879e3d4c3e18a8e03a0b3229f536f5e51738e03495441ca8
AKW1CofinalEnergyWithOneOuterTrace	LeanCode/Internal/PhysicalAnalysis/AKW1CofinalEnergyWithOneOuterTrace.lean	0b2264bccada678de045f3eed2ca3fed578e6121e316e743a84649b5ffded6f0
AKX5ActualPhysicalBulkEnergy	LeanCode/Internal/PhysicalAnalysis/AKX5ActualPhysicalBulkEnergy.lean	acd7aaa6d776e1d5c7df1f7877e080c2534ed782693987088d7a6af0307c6b92
AKX6GlobalCompatiblePhysicalBulk	LeanCode/Internal/PhysicalAnalysis/AKX6GlobalCompatiblePhysicalBulk.lean	cedba8d60a0aef58fcadd753c918a4d2cbf03c38102a945a205d80abb905d2b0
AKX7ActualCovariantFamilies	LeanCode/Internal/PhysicalAnalysis/AKX7ActualCovariantFamilies.lean	c23d6c5cfe30abff5f0219762e28d48679d4bbd24ee82c92b0f5c58eb792795e
AKX8UniformPhysicalFamilyBudget	LeanCode/Internal/PhysicalAnalysis/AKX8UniformPhysicalFamilyBudget.lean	f333b154b43e84369f74c1634f7ede38ba7396bc17577baecd0aac458d083fdd
AKX9ActualOriginalGlobalBulk	LeanCode/Internal/PhysicalAnalysis/AKX9ActualOriginalGlobalBulk.lean	c15039da79ccd09d495148126a7841e086ada03becb200d0319b2cc0124e4352
AKX10ActualCartesianPhysicalBudget	LeanCode/Internal/PhysicalAnalysis/AKX10ActualCartesianPhysicalBudget.lean	fe6d2a3b99829f48ea99975c479e5dca0eccaeb587c072c61f9967681a177460
AKX4ActualOriginalReconstructionLaws	LeanCode/Internal/PhysicalAnalysis/AKX4ActualOriginalReconstructionLaws.lean	dfd4dcca883214a2ad944aab589779c4e4a4f9b1d4b125be882b32f60b408ba3
AKX11ActualSourceGlobalPhysicalFamily	LeanCode/Internal/PhysicalAnalysis/AKX11ActualSourceGlobalPhysicalFamily.lean	2a834851e26f6cc1a4586e3c1dee9450aa8e5c50140c1d954bd5e27d5c36af2a
AKZ1ActualInverseTransposeFamily	LeanCode/Internal/PhysicalAnalysis/AKZ1ActualInverseTransposeFamily.lean	6f77c37ca85f34eb62a8b53317f7878060da88858b8cfc67f830b3e7ac1d8e34
AKZ2ActualMatrixCoefficientMoments	LeanCode/Internal/PhysicalAnalysis/AKZ2ActualMatrixCoefficientMoments.lean	f6da4cd8ec365459e52f5e6bd60bac31fd47ec3a49b9d9a8381259c044e0b797
AKZ3OriginalMatrixRadialKernel	LeanCode/Internal/PhysicalAnalysis/AKZ3OriginalMatrixRadialKernel.lean	dc43f0e2d6d4e2a98d628cf95321c7bffd1f00e4481a05c6b08d90a38114da77
AKZ4LiteralMatrixFourierCoefficients	LeanCode/Internal/PhysicalAnalysis/AKZ4LiteralMatrixFourierCoefficients.lean	7d386daa1893975d758cd339ac751b0d76cf2ba7b95f1d647de45b2093ebc340
AKZ5ActualMatrixBulkAction	LeanCode/Internal/PhysicalAnalysis/AKZ5ActualMatrixBulkAction.lean	ef5fa034a854fe1a87a15c938772cadea9ca1cd08ad3363d898b445d2df31fa3
AKAC3ActualMatrixConjugatedRegularity	LeanCode/Internal/PhysicalAnalysis/AKAC3ActualMatrixConjugatedRegularity.lean	6af6a3f854672fe7b52eabf80a74a5defc0be8247f979af10af8c172efd30f1d
AKAC4SamePhysicalHilbertCurves	LeanCode/Internal/PhysicalAnalysis/AKAC4SamePhysicalHilbertCurves.lean	dcaa30b7f0a5d9da5cfb760a780557e0e90a49cc0ccf8087558a5028a320843a
AKZ6SamePhysicalVectorRecovery	LeanCode/Internal/PhysicalAnalysis/AKZ6SamePhysicalVectorRecovery.lean	6ab98c4eb107a58190710985c1b627b6ff3380cebddc3e44fbcd59c00f52a1c7
AKZ7SamePhysicalScalarOverRadius	LeanCode/Internal/PhysicalAnalysis/AKZ7SamePhysicalScalarOverRadius.lean	be57823666a034c9556961b43f57fb50b007052393b885d2563d5ca4c3bd89d6
AKZ8OriginalScalarWeightedEnergy	LeanCode/Internal/PhysicalAnalysis/AKZ8OriginalScalarWeightedEnergy.lean	11036903e9d32d137f2e062968c107fc12370524f23668d7db5d259998d1f96e
AKZ10GlobalSameScalarOverRadius	LeanCode/Internal/PhysicalAnalysis/AKZ10GlobalSameScalarOverRadius.lean	36e294d2114eacaa24c6324752deb97b43eb637386752c4c4a70672c9f5e133c
AKZ9CompatiblePhysicalVectorEnergy	LeanCode/Internal/PhysicalAnalysis/AKZ9CompatiblePhysicalVectorEnergy.lean	acc624e84f5857f4ff217237123eaba81eea7e0c1bd6fdeb86024dc7190564bd
AKZ11ActualSourceScalarEnergyBudget	LeanCode/Internal/PhysicalAnalysis/AKZ11ActualSourceScalarEnergyBudget.lean	33101d99c1675ee1af19bbfd23413ab63550856a2ac672511ddf74aab46bb3e5
AKZ12ActualSourcePhysicalEnergies	LeanCode/Internal/PhysicalAnalysis/AKZ12ActualSourcePhysicalEnergies.lean	38a2059f87db7e6fd8039760e0dae79b05f6ab030edfc9638086fc717b8d24e7
AKZ13ActualCartesianPhysicalEnergyConsumer	LeanCode/Internal/PhysicalAnalysis/AKZ13ActualCartesianPhysicalEnergyConsumer.lean	9721eeb0c8be0664d1e276ae53aca9b0b89e6380c1f56ace8806a6e42bc49359
AKZ14ExactOriginalScalarPhysicalConsumer	LeanCode/Internal/PhysicalAnalysis/AKZ14ExactOriginalScalarPhysicalConsumer.lean	c625e188d9d6c7b3d038ab97c2169fa97f250c8afadaebda8268b86ee5189e02
AKZ15LiteralPhysicalVectorConvolution	LeanCode/Internal/PhysicalAnalysis/AKZ15LiteralPhysicalVectorConvolution.lean	3b1852a8678ece1061ee146c8e790992cdad7855250e1a46de98bdaccac37ff3
AKAC5SameActualVectorCurves	LeanCode/Internal/PhysicalAnalysis/AKAC5SameActualVectorCurves.lean	725e69cc7e7ae3ea8fcbe63dc50163997dbbca903fc107bf21c4ddfde17e8e1f
AKV39SameUnweightedRadialRegularity	LeanCode/Internal/PhysicalAnalysis/AKV39SameUnweightedRadialRegularity.lean	da40c6d66d8e5e26c7b6c6044d454d8b334dedd9d9f6a930c399d2602fddfcfb
AKV40SamePhysicalFourierSmoothness	LeanCode/Internal/PhysicalAnalysis/AKV40SamePhysicalFourierSmoothness.lean	1d2f9f6437b7fd2deda10e1820a04725c189e3418481b77c19e9c0e9140c259a
AKAC6ActualScalarFourierSections	LeanCode/Internal/PhysicalAnalysis/AKAC6ActualScalarFourierSections.lean	4ac566d870b391cf1fb6f4a36be70ea90b1f9f997dcc2d42a4cf5ba10adaef94
AKAC7ActualVectorFourierReconstruction	LeanCode/Internal/PhysicalAnalysis/AKAC7ActualVectorFourierReconstruction.lean	213c9c4d8f2d34204b85c08d7791954ec91b20705c4903f304aa7ad90a5d2448
AKAC8ExactPhysicalRestriction	LeanCode/Internal/PhysicalAnalysis/AKAC8ExactPhysicalRestriction.lean	597141bd2cf80c102596a221e42a04d53f60c491077f196b58e25cf81c8aa3c4
AKAC9PeriodicSameVectorField	LeanCode/Internal/PhysicalAnalysis/AKAC9PeriodicSameVectorField.lean	c4f2f6a94967efb2d6a27f680cc77f004f65e36f87b59d232558fe8e13b88d29
AKAC10OriginalScalarCorrectionNorm	LeanCode/Internal/PhysicalAnalysis/AKAC10OriginalScalarCorrectionNorm.lean	cdd869987944aa8a818b15f894ec437cf6625ab1c20cca7cd7a4c77cb2ca9c44
AKAC11CommonRhoTangentialCorrection	LeanCode/Internal/PhysicalAnalysis/AKAC11CommonRhoTangentialCorrection.lean	b3837ef325f09d27c45336278e4facfb78b6c9cc057759620d14fb0e8cf78ba1
AKAC12ActualScalarCorrectionCurves	LeanCode/Internal/PhysicalAnalysis/AKAC12ActualScalarCorrectionCurves.lean	1f6751b21d6d090747683385b0503dc8b1b006eef907bb025f5baec4101c1ba0
AKAC13ExactPolarCartesianCovariants	LeanCode/Internal/PhysicalAnalysis/AKAC13ExactPolarCartesianCovariants.lean	c55cf66ed5101d0a383e511e1b2b2c499f9150db467fe03478e3b2afbd268b2c
AKAC14OriginalCovariantRotationRow	LeanCode/Internal/PhysicalAnalysis/AKAC14OriginalCovariantRotationRow.lean	74c1ae2045752ee6cc376edf28b459638ac7c10dd954b1bdb54ad2ed640ff07f
AKAC15AngularRotationSmoothCurves	LeanCode/Internal/PhysicalAnalysis/AKAC15AngularRotationSmoothCurves.lean	4de6c2eab6c809c708cf4b5a62d316aa5160b4cca56a26b6492bd43683850ae5
AKAC16CorrectedPhysicalVectorAction	LeanCode/Internal/PhysicalAnalysis/AKAC16CorrectedPhysicalVectorAction.lean	8d676339755b97912db7ca078f5c95b557f434e55de1e3b5c3b758bde8492716
AKAC17CorrectedPhysicalRestriction	LeanCode/Internal/PhysicalAnalysis/AKAC17CorrectedPhysicalRestriction.lean	6e2d5994574c7318373810ec265fcb75f0b7d9de58f5fe05baf146365527491b
AKAC18ExactPeriodicFourierUniqueness	LeanCode/Internal/PhysicalAnalysis/AKAC18ExactPeriodicFourierUniqueness.lean	a84e440b145c60421cf6a76bbf920237a1cfff0f81d809d29af18fdc1a32c89b
AKAC19FullPhysicalFieldLinearity	LeanCode/Internal/PhysicalAnalysis/AKAC19FullPhysicalFieldLinearity.lean	7115db148509bd4fdf45c60b4737748efc8920b3b60c85448570aabc110f7b7d
AKAC20FullPhysicalProjectionAndScalar	LeanCode/Internal/PhysicalAnalysis/AKAC20FullPhysicalProjectionAndScalar.lean	7f013e685ab8ef7cc64310b315cc36f094f54972455e46f99e229aabd43fe603
AKAC21ActualAngularMultiplication	LeanCode/Internal/PhysicalAnalysis/AKAC21ActualAngularMultiplication.lean	9e65e7e0b4c5a07a4c483ac5b8c7bd10c7a3bf5e63565cc26535b0389bc1dbe7
AKAC22ExactRotatedPhysicalVector	LeanCode/Internal/PhysicalAnalysis/AKAC22ExactRotatedPhysicalVector.lean	848e09531de308ef81f20fff83ac1355eb7c3e727df78037577b4ab0fad2f91c
AKAC23LiteralMatrixFourierSynthesis	LeanCode/Internal/PhysicalAnalysis/AKAC23LiteralMatrixFourierSynthesis.lean	2b897f933d44c80c48aae841d56814f517f57a6c28140962882975e41cee324b
AKAC24LiteralMatrixProductConvolution	LeanCode/Internal/PhysicalAnalysis/AKAC24LiteralMatrixProductConvolution.lean	62ed29d01fed33923238f00a5a79f1eff92a2fb21fc1631f36bbad67f24cbcfc
AKAC25SameMatrixPointwiseAction	LeanCode/Internal/PhysicalAnalysis/AKAC25SameMatrixPointwiseAction.lean	d76391ff7c5c4c981465cc46f905ca9a60d194e03c6a1bcefeb4a1eef3188246
AKAC26ExactOriginalPhysicalRecovery	LeanCode/Internal/PhysicalAnalysis/AKAC26ExactOriginalPhysicalRecovery.lean	751238bb22678e9f8c8dcae17583f7b3b89197b5ee49638cf0a7dcadf17702e1
AKAC27CorrectedCompatiblePhysicalEnergy	LeanCode/Internal/PhysicalAnalysis/AKAC27CorrectedCompatiblePhysicalEnergy.lean	d6094daae6806f58fa4b82bfa919c9e63b92cf852a4fd858ee4e78bad2f40f57
AKAC28ActualCorrectedSourceEnergy	LeanCode/Internal/PhysicalAnalysis/AKAC28ActualCorrectedSourceEnergy.lean	73ecc8726e8770df4f63c5da34273f8bba0b9c0898cdba69ef832fcd4504b114
AKAC29ActualObservedPhysicalCurves	LeanCode/Internal/PhysicalAnalysis/AKAC29ActualObservedPhysicalCurves.lean	e991a5a3172cf291747f17dd4fdb5e005e0a8317dad314a49aa718890eea846c
AKAC30SameActualPhysicalRecoveryConsumer	LeanCode/Internal/PhysicalAnalysis/AKAC30SameActualPhysicalRecoveryConsumer.lean	be58e3ab6b834097d143f0f6fa130a9d592c23f4c9983a4981c9674534385129
AKAE1GenuineCartesianPolarDescent	LeanCode/Internal/PhysicalAnalysis/AKAE1GenuineCartesianPolarDescent.lean	841a226b2b9fe17b6ccdc7ef47165a2b2d00b841986c959c332544d04dea3d08
AKAE2SameSpatialCartesianField	LeanCode/Internal/PhysicalAnalysis/AKAE2SameSpatialCartesianField.lean	5a61cbe3e97b700ccdad7a76f5dd681c75b19b68e376b5f562a80767a8b2ecdd
AKAE3ExactCartesianPolarDerivatives	LeanCode/Internal/PhysicalAnalysis/AKAE3ExactCartesianPolarDerivatives.lean	a90948244f7e21dffaf2d6be7fd187504b660595189743ec993cff554c63db18
AKAE4SameCompatiblePhysicalGluing	LeanCode/Internal/PhysicalAnalysis/AKAE4SameCompatiblePhysicalGluing.lean	99cd423342f57252334f6daf1b3de37fdd43aa45e4ca42de44eb941f6ddd60fd
AKAE5SameCellProjectionCurves	LeanCode/Internal/PhysicalAnalysis/AKAE5SameCellProjectionCurves.lean	152747424f65e6fd84cec22005f27494b6229c8ae9a5c0a305d477c355096a65
AKAE6ExactPhysicalCellFields	LeanCode/Internal/PhysicalAnalysis/AKAE6ExactPhysicalCellFields.lean	3adbb584ccb02ec6d8784acfa7245b12912a291b4bf6813f2e10a21f9d89c8dc
AKAE7SameGlobalCartesianCells	LeanCode/Internal/PhysicalAnalysis/AKAE7SameGlobalCartesianCells.lean	7528a8897b0e7f5a6865efbac664b59ce819de71799e4cb669bac58676a18fb9
AKAE8ActualCorrectedFamilyCurves	LeanCode/Internal/PhysicalAnalysis/AKAE8ActualCorrectedFamilyCurves.lean	97052a9b646da12049a81180a425f4826f7c7f6ecab23b1bfe673df3aecd30b3
AKAE9ActualGlobalCorrectedFields	LeanCode/Internal/PhysicalAnalysis/AKAE9ActualGlobalCorrectedFields.lean	10ea55e80d7330e5efa4aa66b3f8041d5786708d872ebf455afb56bfd952d19c
AKAE10ActualSourceCartesianRealization	LeanCode/Internal/PhysicalAnalysis/AKAE10ActualSourceCartesianRealization.lean	fa95685fae5035f35de315b91902eb670d0b4b46de1dcea75f16b375a7245886
AKAE11SameGlobalCartesianDerivatives	LeanCode/Internal/PhysicalAnalysis/AKAE11SameGlobalCartesianDerivatives.lean	6bcf5d82c5afb4434e192529a4c059201833f7528367d7f55d1ae14e3e3ec09a
AKAB1RadialShellCauchy	LeanCode/Internal/PhysicalAnalysis/AKAB1RadialShellCauchy.lean	bd914690ea6caba56fb7b6fa2f31be005248090dae491f221329ee8fa30ed064
AKAB2OriginalWeightedPointwiseBound	LeanCode/Internal/PhysicalAnalysis/AKAB2OriginalWeightedPointwiseBound.lean	d2da23d99c88f744fc294973750569fe21601296ae398f36cae249fe881c2fb0
AKAB3WeightedAxisShellError	LeanCode/Internal/PhysicalAnalysis/AKAB3WeightedAxisShellError.lean	898e1440966c91ee43661b3702825359d103c6451dc9774af89d41b55e77e25a
AKAB4UniformWeightedShellError	LeanCode/Internal/PhysicalAnalysis/AKAB4UniformWeightedShellError.lean	f9beb7c3cfd6770d85197b67670d12f971adf89ae865ebdd40065d2acb4481fa
AKAB5ActualCollarWeightedShell	LeanCode/Internal/PhysicalAnalysis/AKAB5ActualCollarWeightedShell.lean	08abebd9b3ad0f65ac37157888a4c758f1b98dbd066e58ab446550b81b62e167
AKAB12PhysicalCoefficientOverRadius	LeanCode/Internal/PhysicalAnalysis/AKAB12PhysicalCoefficientOverRadius.lean	bc2b35b03ac06872a023d89f238590e09bc4c6c805f418aa1f8b5cf47da7ad8c
AKAB13GlobalPhysicalHilbertIntegrability	LeanCode/Internal/PhysicalAnalysis/AKAB13GlobalPhysicalHilbertIntegrability.lean	2557dc5ccd255490fe16b183329191acbb2c68b5bfe022cfe016cb53b86b683f
AKAB14PhysicalHilbertL1Consumer	LeanCode/Internal/PhysicalAnalysis/AKAB14PhysicalHilbertL1Consumer.lean	a802d5010fbf159d0d367ac300be96827d446e5113414b02850117e2f8d993cc
AKAB15ExactPolarDiskMeasure	LeanCode/Internal/PhysicalAnalysis/AKAB15ExactPolarDiskMeasure.lean	c21426e766b6e88c7226974f3ddebe3b991d3fc6f255a4bbc5c8501bfb38b8db
AKAB16AngularL1FromActualCoefficients	LeanCode/Internal/PhysicalAnalysis/AKAB16AngularL1FromActualCoefficients.lean	868413efb0441fc6ac7c454ff93aeb1ecbb502ef6d144628c55028c06ea56f61
AKAB17ActualPolarProductIntegrability	LeanCode/Internal/PhysicalAnalysis/AKAB17ActualPolarProductIntegrability.lean	df624d976888174a8b0911b8d161724246b26bb087d191c0033dffb12992b212
AKAB18CartesianWeightedL1Consumer	LeanCode/Internal/PhysicalAnalysis/AKAB18CartesianWeightedL1Consumer.lean	42c7057c918deaa329b4d73cfbde14af9bcd893425ceb31073acc64c6ad76a36
AKAB19OriginalEnergyCartesianConsumer	LeanCode/Internal/PhysicalAnalysis/AKAB19OriginalEnergyCartesianConsumer.lean	f69dcec5eb9271f52e40687f62653e0b3ac3d23d5aa68daf4a4675363f512c01
AKAB6ActualAxisCutoff	LeanCode/Internal/PhysicalAnalysis/AKAB6ActualAxisCutoff.lean	3f8b261802f3eb5550ae30a34b87610fe4372a131af032269b5bd14edb2953de
AKAB7AxisCutoffLocality	LeanCode/Internal/PhysicalAnalysis/AKAB7AxisCutoffLocality.lean	4262c2a8ad8386866fefa6b4a10d0d5ac487acdaa4fa406dde3643617d965d66
AKAB8PuncturedCutoffTest	LeanCode/Internal/PhysicalAnalysis/AKAB8PuncturedCutoffTest.lean	90189ff2e194f5ad0901505cbbedd68316fb1757181a6010d2ca270a61a778cf
AKAB9CutoffPairingConvergence	LeanCode/Internal/PhysicalAnalysis/AKAB9CutoffPairingConvergence.lean	cc6ed9bedb8f61525e791b65026f03be6d7b7221c2221bbdda9e9192c2ad0bbc
AKAB10WeakCutoffTestConvergence	LeanCode/Internal/PhysicalAnalysis/AKAB10WeakCutoffTestConvergence.lean	89b5917a68458eda7157680a8cfbc98f1f23f40ec0cecf49bd78c913bcf912f0
AKAB11FirstOrderAxisRemoval	LeanCode/Internal/PhysicalAnalysis/AKAB11FirstOrderAxisRemoval.lean	63d7e111d8d688f12df3c57e2c6ede2a73ff7c6e4f8f6bf06c1595400e95818e
AKAB20OriginalEnergyAxisRemoval	LeanCode/Internal/PhysicalAnalysis/AKAB20OriginalEnergyAxisRemoval.lean	27d6ca2945af85277bd4ceb2e6eeefb77d9e29556b303a908ac9625368313a58
AKAD1ClassicalCompactDivergence	LeanCode/Internal/PhysicalAnalysis/AKAD1ClassicalCompactDivergence.lean	d1c96e93df59b5fc1043d092f26df0f28c6a472f082fa94ea55a47254881b1a9
AKAD2PuncturedClassicalWeakEquation	LeanCode/Internal/PhysicalAnalysis/AKAD2PuncturedClassicalWeakEquation.lean	62e0c58de328d889b0f4edf79da6a5b6cff73990830718392f0c3e70faac4ce4
AKAD3OriginalClassicalEnergyAxisConsumer	LeanCode/Internal/PhysicalAnalysis/AKAD3OriginalClassicalEnergyAxisConsumer.lean	fc3efb592c5da2a6a0484b3927f781adfa5edc3907747db98ec19bc1ef5d51f1
AKAD4BoundedPhysicalFluxIntegrability	LeanCode/Internal/PhysicalAnalysis/AKAD4BoundedPhysicalFluxIntegrability.lean	21d9d1d70d87184fd96ae00dcac2f943a1b08a461a17b8b358119658ee3a4963
AKAD5ActualBoundedFluxClassicalConsumer	LeanCode/Internal/PhysicalAnalysis/AKAD5ActualBoundedFluxClassicalConsumer.lean	d29337996b4a8e2a57686c84a1f6d771829624122913697d3f7e0a03b486a1ea
AKAD6JointPhysicalPairIntegrability	LeanCode/Internal/PhysicalAnalysis/AKAD6JointPhysicalPairIntegrability.lean	d07726a0434a6ec87159bc197d163c9afb8452e496f1946aa2dbf99082d9f68c
AKAH1SameCartesianMeasurability	LeanCode/Internal/PhysicalAnalysis/AKAH1SameCartesianMeasurability.lean	4bb358a1e97a19bf601d77a8009135e73de139924c1e5819ef6621d8e1bd0bec
AKAH2SamePhysicalCellEnergyIntegrability	LeanCode/Internal/PhysicalAnalysis/AKAH2SamePhysicalCellEnergyIntegrability.lean	f4b4a887c02bd5afcc488899e3e62446807de7065cf9a8456e9231a06e47742d
AKAH3ActualCorrectedCartesianIntegrability	LeanCode/Internal/PhysicalAnalysis/AKAH3ActualCorrectedCartesianIntegrability.lean	fc7ff385b7b758a69f6f0c13c943cafaa09352cba12fdadca92dee9edfebe65a
AKAH4ActualScalarAndJointIntegrability	LeanCode/Internal/PhysicalAnalysis/AKAH4ActualScalarAndJointIntegrability.lean	62cd580855e4b4c221387e68092b9e94a92c9be01ea78e38174e08d0a41a4e10
AKAH5ActualSourcePhysicalIntegrability	LeanCode/Internal/PhysicalAnalysis/AKAH5ActualSourcePhysicalIntegrability.lean	516e19d4fb41be469f2cc2c1347d9f55c73397ac3735d8aff212daad7d807e41
AKAM1FullMatrixFluxIntegrability	LeanCode/Internal/PhysicalAnalysis/AKAM1FullMatrixFluxIntegrability.lean	2def440f8d2d8418e034b77f5aabccf91252a58d93c4b10c9ef8fd8874e1cc73
AKAM2ActualSignedDeterminantFlux	LeanCode/Internal/PhysicalAnalysis/AKAM2ActualSignedDeterminantFlux.lean	962b909aaf693ab84b285ce0f2c9882dbe0d975ae8eea6c55d4eac277290859a
AKAM3SameSourceNativeFluxes	LeanCode/Internal/PhysicalAnalysis/AKAM3SameSourceNativeFluxes.lean	85163467348659cd1d3f423bab19f8704ce7eebda0595fb9d05a01194acb2557
AKAM4ActualSourceNormalizedFluxes	LeanCode/Internal/PhysicalAnalysis/AKAM4ActualSourceNormalizedFluxes.lean	e7e2e09ab5b994546341aafe8933bba0fa7853ec6f7f84210349e73d64aa3104
AKAM5SameOriginalFluxFidelity	LeanCode/Internal/PhysicalAnalysis/AKAM5SameOriginalFluxFidelity.lean	01e6bc924b45fb12ace22d5d77525c6f18b4270fc2b5d921738d6fabcfe96dfd
AKAF1LiteralAngularFourierDerivatives	LeanCode/Internal/PhysicalAnalysis/AKAF1LiteralAngularFourierDerivatives.lean	fc81577b645a086a6f3ae5ff44395c34c562adc5f00a95c7fbcdeef3779302da
AKAF2SamePhysicalAngularDerivative	LeanCode/Internal/PhysicalAnalysis/AKAF2SamePhysicalAngularDerivative.lean	a2e7f53ed769f36c2746cf8179fd0f98b73c99f38a983def3943c09f2bfabcb3
AKAF3SameCovariantGenuineAngularLaw	LeanCode/Internal/PhysicalAnalysis/AKAF3SameCovariantGenuineAngularLaw.lean	7b4d63e355bf3d0c83df8eae6904045e356856fda93dfe5250f2d6e70b5e4b99
AKAF4ActualSourceCovariantAngularConsumer	LeanCode/Internal/PhysicalAnalysis/AKAF4ActualSourceCovariantAngularConsumer.lean	c528f2ff49ee45cfa4011a9a9df04ea1787787d49f6475f5d315e116a0b410c0
AKAF5SameSevenGenuineAngularLaws	LeanCode/Internal/PhysicalAnalysis/AKAF5SameSevenGenuineAngularLaws.lean	913807a354889a18ccd5f6403f11328998cb5f5db06f9595b686dbcdf0cd68e0
AKAF6SamePhysicalSliceKernelAction	LeanCode/Internal/PhysicalAnalysis/AKAF6SamePhysicalSliceKernelAction.lean	d6e376d359136bf4d1a883cc379552f4f088fea5c2319e5a02a0937b7ee0ceec
AKAF7SamePhysicalFieldEquality	LeanCode/Internal/PhysicalAnalysis/AKAF7SamePhysicalFieldEquality.lean	4e56d78fd859971b536efe59b23b01cf245f5ae783983ac0f997bb56be000141
AKAF8SameOriginalForceCoefficients	LeanCode/Internal/PhysicalAnalysis/AKAF8SameOriginalForceCoefficients.lean	02207eec4af0ca5041bd325c1c428263ac64528c2a46584ba74d95465aba2568
AKAF9PhysicalCurveLinearCalculus	LeanCode/Internal/PhysicalAnalysis/AKAF9PhysicalCurveLinearCalculus.lean	970a13a78111b03ddd9c3570c7a2e9c9622ed9a775de1dbc1e34eb5d9ba0bf34
AKAF10SamePointwiseFirstForce	LeanCode/Internal/PhysicalAnalysis/AKAF10SamePointwiseFirstForce.lean	77481d72a88151952668592dda1e1148a4a524fda5440b66fdc4f143ab3a7eb5
AKAF11SamePointwiseThirdForce	LeanCode/Internal/PhysicalAnalysis/AKAF11SamePointwiseThirdForce.lean	2863af58d24cf202ba473f2392ec04659073293574f3de11e8291eefd2113b60
AKAF12ActualSourcePointwiseForceConsumer	LeanCode/Internal/PhysicalAnalysis/AKAF12ActualSourcePointwiseForceConsumer.lean	eca89c65d57061462a195e3101938974bfa1caedcc7fe49c41ff8898afa891d2
AKAJ1ActualForceFourierSynthesis	LeanCode/Internal/PhysicalAnalysis/AKAJ1ActualForceFourierSynthesis.lean	3c11db59bba85db1c029bc8be7147568a17e8b6047abd32d9306d16cd7207be1
AKAJ2ActualForceProductConvolution	LeanCode/Internal/PhysicalAnalysis/AKAJ2ActualForceProductConvolution.lean	451c45b20d4218090dabfef02263eb2f189cbe00b7f74e0a64f7bdad6be91f02
AKAJ3SamePhysicalForceMatrixAction	LeanCode/Internal/PhysicalAnalysis/AKAJ3SamePhysicalForceMatrixAction.lean	9413294640687b3fb09e5be4fdc892f36e5a236b0e0e96e444144f1061d01632
AKAJ4ExactCartesianPhysicalForce	LeanCode/Internal/PhysicalAnalysis/AKAJ4ExactCartesianPhysicalForce.lean	2ac5a033367a5f23d8ecd9eb35890f900a6bf3bc8a528470edcc676b97c529c6
AKAO1SameActualThirdFluxDerivative	LeanCode/Internal/PhysicalAnalysis/AKAO1SameActualThirdFluxDerivative.lean	82ef5908e28c0902024fa6f37f575a381c9d8f11a57270aee056b3f89bf24695
AKAO2SameFirstPhysicalRow	LeanCode/Internal/PhysicalAnalysis/AKAO2SameFirstPhysicalRow.lean	fd045af2dbd059b3a5fac9e1c9eb2deac7b517e24e1d16f335da994c6ca9d4e0
AKAO3ActualPolarCoefficientSynthesis	LeanCode/Internal/PhysicalAnalysis/AKAO3ActualPolarCoefficientSynthesis.lean	6f189a1c15410ef547fab89225a7f476a2ef7fbf62236ed2600a0c8cd9b2b446
AKAO4LiteralPolarMatrixProduct	LeanCode/Internal/PhysicalAnalysis/AKAO4LiteralPolarMatrixProduct.lean	c8dd0af49085000468e3887634cfece905ef1c0e753a4792a4a437a07cf276fe
AKAO5SmoothPhysicalActionAlgebra	LeanCode/Internal/PhysicalAnalysis/AKAO5SmoothPhysicalActionAlgebra.lean	7142c488ef91d1a43299195db6617ca52ddf9f040425502b721f41c95c19b4c9
AKAO6SamePolarCofactorProduct	LeanCode/Internal/PhysicalAnalysis/AKAO6SamePolarCofactorProduct.lean	79204ad06c7e6568a2d6648d41793ce7f4cab33029e8ed3753ac412a7c68b79d
AKAO7SameSignedPolarCofactor	LeanCode/Internal/PhysicalAnalysis/AKAO7SameSignedPolarCofactor.lean	104fb6fa74d115f650b9aff062907b399bc77beb06de7458d47b9bd87068d403
AKAO8SamePolarCofactorComponent	LeanCode/Internal/PhysicalAnalysis/AKAO8SamePolarCofactorComponent.lean	ec075220107b654080997cab216f809fc4787cd59761e50fd60804b3c6af289e
AKAO9SameOffDiagonalCofactor	LeanCode/Internal/PhysicalAnalysis/AKAO9SameOffDiagonalCofactor.lean	fa54c4fe5ea83a404c1595fa27c3b5d59e9a14e21c38e74d121fa3e13be88203
AKAO10LiteralSameBThree	LeanCode/Internal/PhysicalAnalysis/AKAO10LiteralSameBThree.lean	5a077de323396e220a18defb7f0846e1a51b5a729459115b20f7de15768edcee
AKAO11SameRetainedForceDeviation	LeanCode/Internal/PhysicalAnalysis/AKAO11SameRetainedForceDeviation.lean	8749fb54dc4da87e010d49a11c759f8b5f4ce4e42b5bb1057d2ec840364cfb98
AKAO12LiteralSameRetainedForce	LeanCode/Internal/PhysicalAnalysis/AKAO12LiteralSameRetainedForce.lean	d589ffce2254c8f1f2326819cbc730d6b2184b83750ebe967205e138bedfbc00
AKAO13LiteralSameJAndC	LeanCode/Internal/PhysicalAnalysis/AKAO13LiteralSameJAndC.lean	ca6307e56c50e8137381da26e2c13b5c439942fb734c8aa0a3a8fec938ae86e4
AKAO14SameOriginalPhysicalRVTrace	LeanCode/Internal/PhysicalAnalysis/AKAO14SameOriginalPhysicalRVTrace.lean	75ae8de49d254d110effad9bbed13af3ae28224c197330fad52c7ed2a058cf73
AKAO15PolarCoefficientJetBounds	LeanCode/Internal/PhysicalAnalysis/AKAO15PolarCoefficientJetBounds.lean	84278c45fb12fed3ecc2ff8e67055c3027b2e7c4e4a36df0e9f4cb1ccee329da
AKAO16LiteralPolarRadialJet	LeanCode/Internal/PhysicalAnalysis/AKAO16LiteralPolarRadialJet.lean	a2ebb7eee9ab94a42600daf2bc7ddfb142696eabade572e3f3e528236a849077
AKAO17OriginalCofactorJetSeries	LeanCode/Internal/PhysicalAnalysis/AKAO17OriginalCofactorJetSeries.lean	b99e7807f6cfaac93cf3c2414f3163f2f7d0f8b9fa8a26c26a4e650ea5b8898d
AKAO18LiteralPolarAngularJets	LeanCode/Internal/PhysicalAnalysis/AKAO18LiteralPolarAngularJets.lean	d8d7e7a12b531ee7608af9948bed81001549d62f0040f7f0e3a01dfc92b99afd
AKAO19OriginalCofactorJetProducts	LeanCode/Internal/PhysicalAnalysis/AKAO19OriginalCofactorJetProducts.lean	c2f99826579ddf02c5e43cbe931bc98d282fb7292432100875d44fc61fc5d8b6
AKAO20SameCofactorJetComponentAction	LeanCode/Internal/PhysicalAnalysis/AKAO20SameCofactorJetComponentAction.lean	9ff4952bba78168714911b0fc471be5c67f88260cd565f7276a9d95fb04afc85
AKAO21SameCofactorJetRowAction	LeanCode/Internal/PhysicalAnalysis/AKAO21SameCofactorJetRowAction.lean	243fabe96d40b91f90942fe38595b58ec13a7476749f843d680ef3e81740afda
AKAO22SameDiagonalCofactor	LeanCode/Internal/PhysicalAnalysis/AKAO22SameDiagonalCofactor.lean	33e5a3dbd73167fcb94bc894b37c90da566d82e9c4e4a8faecc0f952658a9eb8
AKAO23SameMeanFreeKernelAction	LeanCode/Internal/PhysicalAnalysis/AKAO23SameMeanFreeKernelAction.lean	5c84a3283a6318b029ecb437797358164a5532999b14898df6b366575690d768
AKAO24SameRadialScalarAction	LeanCode/Internal/PhysicalAnalysis/AKAO24SameRadialScalarAction.lean	7d919609019e11d799a909109d36b2da446dfcc7cccb7b29b6aa6b7141bc65ad
AKAO25SameOriginalCofactorDerivatives	LeanCode/Internal/PhysicalAnalysis/AKAO25SameOriginalCofactorDerivatives.lean	660b60fb410fa960b769c87b36931652b329bcd935fa9d3a5e83867791eecbad
AKAO26SameOriginalForceZero	LeanCode/Internal/PhysicalAnalysis/AKAO26SameOriginalForceZero.lean	d5eeb50aec3b8931310dd7b65636cbddfdd460aae2e27b3baddda101cb835a36
AKAO27LiteralSameKV	LeanCode/Internal/PhysicalAnalysis/AKAO27LiteralSameKV.lean	f49a2badf8f5c8da110dbe670108c9f5a78f24aa2248fa59b3d606c88f740756
AKAO28LiteralSameRV	LeanCode/Internal/PhysicalAnalysis/AKAO28LiteralSameRV.lean	08cadcfb8f369337148229fbf235dafa968573488520bd606148cc07f7246aaa
AKAO29LiteralPhysicalRowConsumer	LeanCode/Internal/PhysicalAnalysis/AKAO29LiteralPhysicalRowConsumer.lean	a01d5a6861ed97e8edbc07c2c386382a82df391ad4d8b7669be80f7beafeb2f2
AKAO30SameCorrectedPAction	LeanCode/Internal/PhysicalAnalysis/AKAO30SameCorrectedPAction.lean	a7e3f32a145b53e56d319cbdd5a221d9574ea2a737b7c52a031f491ec9a5f06e
AKAO31SameCorrectedPAngularDerivative	LeanCode/Internal/PhysicalAnalysis/AKAO31SameCorrectedPAngularDerivative.lean	bf75718cfa9ff3e0612990fd2eabc7c0cc8d3829eb93f7b8e69b6dc0463d49d8
AKAO32LiteralSameCorrectedP	LeanCode/Internal/PhysicalAnalysis/AKAO32LiteralSameCorrectedP.lean	a1b07f9884bfb4bacb921aa06bab2cc648f2fdb8d0b3861c96512e598f677bb4
SCS42LiteralCorrection	LeanCode/Internal/NonlinearAnalysis/SCS42LiteralCorrection.lean	fd68c5338b03eb3a9b74e95c58188b4d5853d6068dcff7e062e0cc9d00b8a2f9
SCS43LiteralG3	LeanCode/Internal/NonlinearAnalysis/SCS43LiteralG3.lean	edbcd2af45f7de06ba9323a56c835e87522c06deaf10f62a5a31caff42a1088c
SCS44OriginalSourceConsumer	LeanCode/Internal/NonlinearAnalysis/SCS44OriginalSourceConsumer.lean	14d61f56c702e267070658a51ebc5f6424f3510ad97d5eafd32e90a566cf0e3c
AKAV1LiteralOriginalG3Periodic	LeanCode/Internal/PhysicalAnalysis/AKAV1LiteralOriginalG3Periodic.lean	8bb571b5167262c4d3cadcf865b51c24c03fb420f80a286459295de3f7e9d92c
AKAV2SameThirdOriginalCoefficients	LeanCode/Internal/PhysicalAnalysis/AKAV2SameThirdOriginalCoefficients.lean	779f6a0b49d8ed63552cad3e7db3bbbec177ce6f873dfb7e0c070efe1bf66eb5
AKAV3SameLiteralG3PhysicalField	LeanCode/Internal/PhysicalAnalysis/AKAV3SameLiteralG3PhysicalField.lean	1e41b52305d7d0f10968bf7fadd5227ea9ce83a0affbb6344dd19f06aed7d5f1
AKAV4OriginalCoefficientJointContinuity	LeanCode/Internal/PhysicalAnalysis/AKAV4OriginalCoefficientJointContinuity.lean	25ab8065d66058c635677f40f041c62db3ebb924a9744b7c279d1d7ab4ecf3ec
AKAV5LiteralG3CollarContinuity	LeanCode/Internal/PhysicalAnalysis/AKAV5LiteralG3CollarContinuity.lean	96280c61ad5d460e90685813632c2806ab81c0db7b1316989e93b26fc9e8fc7b
AKAV6SameLiteralG3PointwiseConsumer	LeanCode/Internal/PhysicalAnalysis/AKAV6SameLiteralG3PointwiseConsumer.lean	e7dfd52a7861ac97a727b4a470e5c037eff978404fef3926b1be851cc1c9a4c2
AKAW1FullCellAngularEnergy	LeanCode/Internal/PhysicalAnalysis/AKAW1FullCellAngularEnergy.lean	1421f01d95f76f037be1ff0d8968026b511e42c00d243f0366205dd8baf01903
AKAW2CountableAngularEnergy	LeanCode/Internal/PhysicalAnalysis/AKAW2CountableAngularEnergy.lean	d34a38850077129d98c3f50bf83192f2984aa13db0f67790007de9c722d2dc5c
AKAW3JointCellRepresentative	LeanCode/Internal/PhysicalAnalysis/AKAW3JointCellRepresentative.lean	e7fa33719eb3306156dc06fd15bd055ba53c08857664f618f95f8c06f1f2279c
AKAY9BoundedCellDiagonalField	LeanCode/Internal/PhysicalAnalysis/AKAY9BoundedCellDiagonalField.lean	069f20788992c0a212e0f53c0d50b6995ed16f79255e7179df34151a3b358a15
AKAY10ActualPhaseRemainderFields	LeanCode/Internal/PhysicalAnalysis/AKAY10ActualPhaseRemainderFields.lean	4c3b9ce98f639439e9e7280f41d72df4b9563af3750e44aef72223fb710ad592
AKAY11ActualCutoffWeakProducts	LeanCode/Internal/PhysicalAnalysis/AKAY11ActualCutoffWeakProducts.lean	8a1364b658a1d56ee830ca0a71e9a50b5f57ad0a335538ac9a57b4e4690676ac
AKAY12PhaseWeakConjugation	LeanCode/Internal/PhysicalAnalysis/AKAY12PhaseWeakConjugation.lean	b38ae2cd02e53b5f8316b4d6c69ef9cdda6e505101912942183a9b3747a1028a
AKAY13ActualDivDivResolventEquation	LeanCode/Internal/PhysicalAnalysis/AKAY13ActualDivDivResolventEquation.lean	f301fb03c222ee060eee0ef4ee67a9ccef659cc096c12f6da8a168a0fc92628c
AKAY14SameFieldDivDivH1	LeanCode/Internal/PhysicalAnalysis/AKAY14SameFieldDivDivH1.lean	8c536648141f2ec41130cc9f02698be3e7306a0144a143280ea7da3abce9aeb1
AKAY15OriginalCompactWeakRows	LeanCode/Internal/PhysicalAnalysis/AKAY15OriginalCompactWeakRows.lean	609328f3c704cb961d7d59f4a25a6e11d82a3e7009e78c91b1d7d2feb002cefb
AKAY16ScaledActualPhaseDerivatives	LeanCode/Internal/PhysicalAnalysis/AKAY16ScaledActualPhaseDerivatives.lean	0a3eda621b5bbb40c02325695b02fd6c6650fbdfed64f1d95aa876c220646409
AKAY17ScaledPhaseMomentBounds	LeanCode/Internal/PhysicalAnalysis/AKAY17ScaledPhaseMomentBounds.lean	f4eff216f4c597d13c6e327d188d22869deaeff8538109f1a08f1531305bbdf9
AKAY18ScaledPhaseRemainderFields	LeanCode/Internal/PhysicalAnalysis/AKAY18ScaledPhaseRemainderFields.lean	71c5aedc5c8d887bbcde0ed03859de5110653eab9addecbb92e0fbaa8de12600
AKAY19ScaledWeakConjugation	LeanCode/Internal/PhysicalAnalysis/AKAY19ScaledWeakConjugation.lean	b217b61a54875b6ad404faa2efc58f2042a18eedcd21233f1c0b29de125142e8
AKAY21GenuineRadialProjection	LeanCode/Internal/PhysicalAnalysis/AKAY21GenuineRadialProjection.lean	68844f9ba679f410196edc831d51c4fec72c7b03868cabe41e341ab1a37227c7
AKAY22ProjectedRawForceTests	LeanCode/Internal/PhysicalAnalysis/AKAY22ProjectedRawForceTests.lean	7ad701e69436dcb44f0f58099c326ca149b7e8a31a56f9bdfb8db385bcbc264d
AKAY31RawRadialProjectionTests	LeanCode/Internal/PhysicalAnalysis/AKAY31RawRadialProjectionTests.lean	ef4051760573d273dc6d534a639b785f05741a643493d162da3abe6acfd7006f
AKAY32RoughFixedMapAlgebra	LeanCode/Internal/PhysicalAnalysis/AKAY32RoughFixedMapAlgebra.lean	8ab448386eca185517b81730ff0c3a15443d873147ce7e8bb80b3b58aa0876f4
AKAY33RoughAngularMapAlgebra	LeanCode/Internal/PhysicalAnalysis/AKAY33RoughAngularMapAlgebra.lean	3bc1d6f5a4d1803b01c9f139528298be5cd0b3453b2a44eca7815a2cbcfdefe8
AKAY34GenuineRadialReflectionIdentity	LeanCode/Internal/PhysicalAnalysis/AKAY34GenuineRadialReflectionIdentity.lean	e768b52db65db5fff16141dc9cef2ddabe20aa5efce52cb85728430f005ee49e
AKAY35ActualRoughEquivariantAverage	LeanCode/Internal/PhysicalAnalysis/AKAY35ActualRoughEquivariantAverage.lean	ee25bfc0e46ac4f8e484e7f229daf2bb89f925cedd7503c11473c86018e4668b
AKAY36RoughAngularTransposeDimensions	LeanCode/Internal/PhysicalAnalysis/AKAY36RoughAngularTransposeDimensions.lean	b3ea069bacbd702c6323fdfd4d8b0b065309d4d9f16829ac4e141c2e20d97003
AKAY37EquivariantAverageTranspose	LeanCode/Internal/PhysicalAnalysis/AKAY37EquivariantAverageTranspose.lean	4097ea3c49924305e9714bc877d3c8db2e54cb2371020445cc66acc34d8cbc63
AKAY38GenuineRadialProjectionTranspose	LeanCode/Internal/PhysicalAnalysis/AKAY38GenuineRadialProjectionTranspose.lean	f9c239be348760feed75cd3899054780510242995a56561b94d7a046d7548cef
AKAY39ExactRawQradWeakTranspose	LeanCode/Internal/PhysicalAnalysis/AKAY39ExactRawQradWeakTranspose.lean	227297f9bc0738d476b79cf97e1ccded82dd0a9044419c02e57afac42fd41672
AKAY40WeightedAngularFundamental	LeanCode/Internal/PhysicalAnalysis/AKAY40WeightedAngularFundamental.lean	e84baa383b20a7176c70dd326ebc15208d5b2fe7c5d742984f8692eade98de6f
AKBG1CovariantPrimitiveTestLaws	LeanCode/Internal/PhysicalAnalysis/AKBG1CovariantPrimitiveTestLaws.lean	e871fc182b8fe4136bdf37a8e6c309b6f55733df05b3e81a067b84151bc0f8f9
AKBG2CovariantPrimitiveGradientTest	LeanCode/Internal/PhysicalAnalysis/AKBG2CovariantPrimitiveGradientTest.lean	74daa6fe7302132372ffc7883bc3aa2ada33368fe9716163408a79a27ad0d6b2
AKBG3BoundedCovariantPrimitive	LeanCode/Internal/PhysicalAnalysis/AKBG3BoundedCovariantPrimitive.lean	50b37247b3287d39ca384010394776b24a0fce690bd5ddddca97e91e6d8eba23
AKBG4CovariantPrimitiveRotationTest	LeanCode/Internal/PhysicalAnalysis/AKBG4CovariantPrimitiveRotationTest.lean	23a148eca4347d6908c4edac9c21496b8e6b8124ef3bf9fcacda647a3df46b84
AKBG5CoordinateCompactPairings	LeanCode/Internal/PhysicalAnalysis/AKBG5CoordinateCompactPairings.lean	a08873c1b89a24d45f54367352c05dd6470d1ce544aa0f0774cab0c9b6e1fda6
AKBG6CompactPrimitiveElimination	LeanCode/Internal/PhysicalAnalysis/AKBG6CompactPrimitiveElimination.lean	ec6324b2b09299802b884cfce09c43307fa14547f03db81a22ff94e46fdb3c39
AKBG7ActualCovariantMeanIdentity	LeanCode/Internal/PhysicalAnalysis/AKBG7ActualCovariantMeanIdentity.lean	d716b70e08602dd1d56a1a69fa1836154e82fe2ca4256509c8797c95c8e808cd
AKBG8PrimitiveForceScalarTerm	LeanCode/Internal/PhysicalAnalysis/AKBG8PrimitiveForceScalarTerm.lean	5f03c70268bc16c5947181a86f4b2db15ab271d6614db6ba785697bf414184ae
AKBG9PrimitiveForceVectorTerm	LeanCode/Internal/PhysicalAnalysis/AKBG9PrimitiveForceVectorTerm.lean	38ddf9fc7012bcb333dcb9423c63e85ddbc87acaa8ace31fe75589a069980952
AKBG10SameWeakGradientRecovery	LeanCode/Internal/PhysicalAnalysis/AKBG10SameWeakGradientRecovery.lean	cd0cc39e16a8689bc62490cfb9e812349c4e75e3a97dea3f8c0fe725df2a4008
AKBG11ScalarThirdElimination	LeanCode/Internal/PhysicalAnalysis/AKBG11ScalarThirdElimination.lean	96a486c0f64a4e4f104e388ceb37d18638f8863f6a784cb76361317590da7812
AKBG12RotationDerivativeCommutators	LeanCode/Internal/PhysicalAnalysis/AKBG12RotationDerivativeCommutators.lean	9dc0e6255bc4ccf354a0498c0ef9a1692092ab1a167d9fc8c9e1f1b9fafb54bb
AKBG13WeakPlanarCurlRecovery	LeanCode/Internal/PhysicalAnalysis/AKBG13WeakPlanarCurlRecovery.lean	7b291aeae2c1159b5e2fba31cf85578e85737c16011463c389658052549db257
AKBG14WeakPlanarLaplacian	LeanCode/Internal/PhysicalAnalysis/AKBG14WeakPlanarLaplacian.lean	45ba776b28b75d98affbc7384617eb9be5610767fbf6208b88925e873e66fdf4
AKBG15WeakAverageForce	LeanCode/Internal/PhysicalAnalysis/AKBG15WeakAverageForce.lean	411d64504426a4f5c7a0f17f491d75d44cf5929b16ac04f4f8835983b5360dfc
AKBG16MeanDivergenceTransport	LeanCode/Internal/PhysicalAnalysis/AKBG16MeanDivergenceTransport.lean	cd3d6e0f3991759bbe5443402434238649fe16ca3cb09b9ceec95d0a90c949ef
AKBG17WeakDeterminantElimination	LeanCode/Internal/PhysicalAnalysis/AKBG17WeakDeterminantElimination.lean	d5620867a6c0096ee00f9add96a073eb22396d863be9dc208a1dd117419773ef
AKBG18RoughRotationalResonance	LeanCode/Internal/PhysicalAnalysis/AKBG18RoughRotationalResonance.lean	d5dacfc8da2eb2ee39625ef0a30005c67ad2354f7b727532c1619f66c6644302
AKBG19TangentialWeakForceAlgebra	LeanCode/Internal/PhysicalAnalysis/AKBG19TangentialWeakForceAlgebra.lean	4f5fbab8df38e15499e0e5955e9b4062560b6ca236d20cc44c5622ae707f91a6
AKBG20GenuineProjectedVectorCancellation	LeanCode/Internal/PhysicalAnalysis/AKBG20GenuineProjectedVectorCancellation.lean	b8419fb47697d38ffd647723de500d3bf8687df0baa1b22f126b0fa1811aa2b1
AKBG21ProjectedWeakForceConsumer	LeanCode/Internal/PhysicalAnalysis/AKBG21ProjectedWeakForceConsumer.lean	6ec722452d7ef4279b3bbab1a9aee0e308981ff3bd92c860ed73244b412d97fd
AKBG22ScalarAngularCommutation	LeanCode/Internal/PhysicalAnalysis/AKBG22ScalarAngularCommutation.lean	8ce4060c3079ca1575e5fe6a9d0c8c43ffe4f16531ce33552ee986420306cb02
AKBG23SameScalarPrimitiveGauges	LeanCode/Internal/PhysicalAnalysis/AKBG23SameScalarPrimitiveGauges.lean	5850f33a5aafadb89d903a24459803087c23e111443c0710d3ceee0e9deebe77
AKBG24RawOrbitScalarMean	LeanCode/Internal/PhysicalAnalysis/AKBG24RawOrbitScalarMean.lean	be6af1c39f6bb2ad20b067c2a98af8e743d5f0fd0edac6d846b62a0c810a73d8
AKBG25SameFullCircleForceConsumer	LeanCode/Internal/PhysicalAnalysis/AKBG25SameFullCircleForceConsumer.lean	61a9c8f012d4cd4deb59b90b36e6f403416e416253f4e3432b608f108265df11
AKBL1SameFixedScalarGauge	LeanCode/Internal/PhysicalAnalysis/AKBL1SameFixedScalarGauge.lean	6c01a43f3cca738329275951bd253ccbd7a60a46d7a04a03dfdbc9601d73a1e2
AKBL2MeanReflectionTests	LeanCode/Internal/PhysicalAnalysis/AKBL2MeanReflectionTests.lean	0e3056190a50009ee483e1649b5dc841a441b9c80772f32f80893f928e5381f9
AKBL3SameFixedCurlGauge	LeanCode/Internal/PhysicalAnalysis/AKBL3SameFixedCurlGauge.lean	e40f3272eb9f6e13518d24d0dec92d15ccc327b5ed5eada85aad21eeda878ee3
AKAQ1SpatialFourierDecay	LeanCode/Internal/PhysicalAnalysis/AKAQ1SpatialFourierDecay.lean	a22c04f0cda9e892d23670bfa6090a2c6c026a0f6c685bd6d54ec805318aaa86
AKAQ2FourierFibreCauchySchwarz	LeanCode/Internal/PhysicalAnalysis/AKAQ2FourierFibreCauchySchwarz.lean	be5b310bfd007e30d34ddcf9282c07d6c0f2aa30e47ccbaab3bbf480aa751a20
AKAQ3SameGradeFourierPayment	LeanCode/Internal/PhysicalAnalysis/AKAQ3SameGradeFourierPayment.lean	6d82d64b28529ea7c15824d3633fc7d27829772ca3edf3307a9a5a6f0daeb7cb
AKAQ4ActualFourierTaylorSymbols	LeanCode/Internal/PhysicalAnalysis/AKAQ4ActualFourierTaylorSymbols.lean	156e553f9e8f6389b4d5165f4b6fd44caa26873bf9988624ac849d519dc558a6
AKAQ5ExactRetractionCell	LeanCode/Internal/PhysicalAnalysis/AKAQ5ExactRetractionCell.lean	c9db2f8e6095bf64eb94a3da46f0602c72ce765229337b8a36ca449ec70f035d
AKAQ7CompletionFourierBound	LeanCode/Internal/PhysicalAnalysis/AKAQ7CompletionFourierBound.lean	c7d62f2904aa635ff247ef567e7d9f390f2e2012297a23a0b5cfa763352d3e05
AKAQ6WeightedDerivativeTrace	LeanCode/Internal/PhysicalAnalysis/AKAQ6WeightedDerivativeTrace.lean	312b22b1d11f34268027c6617a58c26b44346ac9d50965df7ac444d1c5bb763b
AKAQ8OriginalTaylorRemainder	LeanCode/Internal/PhysicalAnalysis/AKAQ8OriginalTaylorRemainder.lean	6da695b8845651ea5b5e9d0ed29768cc177e78bc932a6a01086ccd1da5b3095f
AKAQ9OriginalFlatTraceFidelity	LeanCode/Internal/PhysicalAnalysis/AKAQ9OriginalFlatTraceFidelity.lean	3636a4c5f454c410850af31ab929c30c0358d37e2d91dd3f746222017aae95c9
AKAQ10ActualA4FourierDecay	LeanCode/Internal/PhysicalAnalysis/AKAQ10ActualA4FourierDecay.lean	c68185b3a2891601ef7207bbc3cffed7c51a9d0af51a5d12a063e14550eee17f
AKAQ11OriginalA4FlatDecay	LeanCode/Internal/PhysicalAnalysis/AKAQ11OriginalA4FlatDecay.lean	bfb5cdba050f7611035d1cc3462c2eedbee06c3193162562e94f50aeb1e4ad44
AKAQ12LiteralOriginalKernelConsumer	LeanCode/Internal/PhysicalAnalysis/AKAQ12LiteralOriginalKernelConsumer.lean	f5b5f31d7cb4be08cd6f4582ab245cd87db77e2ba8a3e22ecf4ff911fd9356c8
AKAR1OriginalLambdaPhaseRatio	LeanCode/Internal/PhysicalAnalysis/AKAR1OriginalLambdaPhaseRatio.lean	16af3671d5c60bf4b481b5396db17f1b910448977099ca9c4dcfe3f11518b66d
AKAR2OriginalLambdaCircleAction	LeanCode/Internal/PhysicalAnalysis/AKAR2OriginalLambdaCircleAction.lean	bef658664e63b9d0366b0ba035a1164a38a7755bf5c74caa007fbacbed0a3af0
AKAR4LiteralLambdaCircleCoordinates	LeanCode/Internal/PhysicalAnalysis/AKAR4LiteralLambdaCircleCoordinates.lean	49ef95b2ee9a8c89decea5b827bae444f7674634f3a9632b029f1dcd14327807
AKAR6FixedPolarCircleActions	LeanCode/Internal/PhysicalAnalysis/AKAR6FixedPolarCircleActions.lean	630eb396deb11af55f3bdb387e44a07b68d972c5c7ac9566fe5bcfbd015068ba
AKAR3AngularCoefficientKernel	LeanCode/Internal/PhysicalAnalysis/AKAR3AngularCoefficientKernel.lean	9a26d3614f5eeb5246369f093a5c462e9f26dc97bdd0837322b7f9d8b4661ba5
AKAR5ActualAxisCoefficientPrimitives	LeanCode/Internal/PhysicalAnalysis/AKAR5ActualAxisCoefficientPrimitives.lean	a37f904d29280d3222013923b43762b77f19339957d607ec579a8b9826b331c6
AKAR7UniformActualMatrixActions	LeanCode/Internal/PhysicalAnalysis/AKAR7UniformActualMatrixActions.lean	e5bc008a2db905accc1f4a6d4b6bc31bdf6b8c1173b8475001eebef71b1d3f2e
AKAR8LiteralCofactorCovector	LeanCode/Internal/PhysicalAnalysis/AKAR8LiteralCofactorCovector.lean	45e7254b579f237f26c0d0c3d61a5c87fab33835569df4607d8dd4f19f3d80ab
AKAR9ActualSixCircleCoefficients	LeanCode/Internal/PhysicalAnalysis/AKAR9ActualSixCircleCoefficients.lean	1329e8a2441571754ca7128f97f89b08f29078d63551e331daffad66947aaf49
AKAR10SixCoefficientNorms	LeanCode/Internal/PhysicalAnalysis/AKAR10SixCoefficientNorms.lean	68a6d09adcb0f6bf154a3760171fd30ef8501e95dc0840f31822167b7d38d893
AKAR11OriginalCircleBessel	LeanCode/Internal/PhysicalAnalysis/AKAR11OriginalCircleBessel.lean	02f111ffdd10f0b2930da1076f650fa7d0558d7a5fedb6ae5e0d8a6ea99ba07b
AKAR12OriginalA4CircleTrace	LeanCode/Internal/PhysicalAnalysis/AKAR12OriginalA4CircleTrace.lean	bc8238be61e1c4490fb31a7bbdeb7d4e4a5c8d210e123ca61a575243a9bc27fe
AKAR13LiteralOriginalCircleCoefficients	LeanCode/Internal/PhysicalAnalysis/AKAR13LiteralOriginalCircleCoefficients.lean	813829d94d6b90256fdf6751c0b30cd4861c853c8bba2936e84eb6e99249eac8
AKAR17ActualMatrixCircleProduct	LeanCode/Internal/PhysicalAnalysis/AKAR17ActualMatrixCircleProduct.lean	ac7c351cd3aacacf0f59da6fffce03c4d85241d52022742e9cba7b2407e22ad0
AKQ1QuadraticPlanarInverse	LeanCode/Internal/PhysicalAnalysis/AKQ1QuadraticPlanarInverse.lean	5e3c46e2de66d2b132619680ef300abb05efdf1d35a9c9faaebf976d510c586a
AKQ2FaithfulQuadraticClosedJets	LeanCode/Internal/PhysicalAnalysis/AKQ2FaithfulQuadraticClosedJets.lean	78fdac937241b7e4aea3f65a3909f10c1df5c749ccfa50cc7c8ba135d42a751a
AKQ3ActualQuadraticPlanarEquation	LeanCode/Internal/PhysicalAnalysis/AKQ3ActualQuadraticPlanarEquation.lean	b5dc372f9dc4081443060b40aca089e7d25554e329ec72402fb4f060de18a5d9
AKQ4CubicGradientAndForcedPlanarRow	LeanCode/Internal/PhysicalAnalysis/AKQ4CubicGradientAndForcedPlanarRow.lean	cf3db08730c37c788117822f97c6dfc28842afa96989ecc090d26c660af09aa0
AKQ5CubicComplementAndDivergence	LeanCode/Internal/PhysicalAnalysis/AKQ5CubicComplementAndDivergence.lean	934a2d8a981bec07467711bca2b6a1359ee96f129d65ff812f8e2159b2ff2b76
AKQ6ReferenceCubicMatrixInverse	LeanCode/Internal/PhysicalAnalysis/AKQ6ReferenceCubicMatrixInverse.lean	e4585ceb050c6dd11f9bac00c5a699aef7281e31edab343348b3777f7672ef39
AKQ7ActualConstantMatrixCubicRow	LeanCode/Internal/PhysicalAnalysis/AKQ7ActualConstantMatrixCubicRow.lean	26b44f0c19fee2aad9913b346ea5fe864626ea5df8d480076f200138e6fc8186
AKQ8TiltedAxisFrameAlgebra	LeanCode/Internal/PhysicalAnalysis/AKQ8TiltedAxisFrameAlgebra.lean	7b2fbd7ef7404ff58666e40401b4d3322bb2b8806fbb6c489e7501be208e5b12
AKQ9ActualOriginalAxisFrame	LeanCode/Internal/PhysicalAnalysis/AKQ9ActualOriginalAxisFrame.lean	c7e436c8ca204537af34ac1b936627faa8c69a5985036d8f0ecaa3dd0200f3fe
AKQ10NormalizedChartAxisColumns	LeanCode/Internal/PhysicalAnalysis/AKQ10NormalizedChartAxisColumns.lean	dac37bbfeac9ec1acee8fef02ffaafd92f52da5149f015d74465400342328328
AKQ11LiteralCurrentAxisSpecialization	LeanCode/Internal/PhysicalAnalysis/AKQ11LiteralCurrentAxisSpecialization.lean	fdf06c244082a6d04147c50047dec7690f47ef4acc30da7187e3d2cae75870a5
AKQ12SameWidthAxisCoefficientBound	LeanCode/Internal/PhysicalAnalysis/AKQ12SameWidthAxisCoefficientBound.lean	78c5e8761c8593856acf2ae3b3e9922d29f9589e17a11aef254e7dbd4007762a
AKQ13SameWidthAxisCoefficientFidelity	LeanCode/Internal/PhysicalAnalysis/AKQ13SameWidthAxisCoefficientFidelity.lean	756d9954dcb7b44a94dffdb9700ff63a65d68da1609179c4a453baa3d836e2cb
AKQ14ActualAxisInverseGramFamily	LeanCode/Internal/PhysicalAnalysis/AKQ14ActualAxisInverseGramFamily.lean	949dd339ebc52b5c7167a140db272d0d12af85db51c837ede866e4de7957636a
AKQ15ActualAxisInverseGramFidelity	LeanCode/Internal/PhysicalAnalysis/AKQ15ActualAxisInverseGramFidelity.lean	7be8187f9be660b839ddbe90e6fb87766f10c73632b95badc99d29cf6b75c4d2
AKQ16CubicMatrixEntryRecipe	LeanCode/Internal/PhysicalAnalysis/AKQ16CubicMatrixEntryRecipe.lean	fd1491a0545fbe9f2090ef46f8de781cf46aa0bb970ae2984758ad23b379b788
AKQ17CubicMatrixCoefficientFamily	LeanCode/Internal/PhysicalAnalysis/AKQ17CubicMatrixCoefficientFamily.lean	ab47a39464b133962b66f9c5f7dccae1f1129353fc741dc93706c6342d1a5e80
AKQ18ActualCubicMatrixLowMargin	LeanCode/Internal/PhysicalAnalysis/AKQ18ActualCubicMatrixLowMargin.lean	d0e3db99c747e1a3d7091683c53919a9f276201c7300a1530549c86719aafbfd
AKQ19ActualCubicMatrixCircleIdentity	LeanCode/Internal/PhysicalAnalysis/AKQ19ActualCubicMatrixCircleIdentity.lean	e78685b8dbe84e8b887fffb9861102cc1105ab0e8dcd777103245e5bbe3758f2
AKQ20SameCurrentCubicNeumannInverse	LeanCode/Internal/PhysicalAnalysis/AKQ20SameCurrentCubicNeumannInverse.lean	a43fa0b4760fe251c978d29a217246934ce5ded9438b13015775072137b1acd5
AKQ21ActualCubicInverseTwoSided	LeanCode/Internal/PhysicalAnalysis/AKQ21ActualCubicInverseTwoSided.lean	39bbfb26523b835f18ee54ffbab69016bee2f280c75d8dc3c08311448c89f4ba
AKQ22ActualChartCubicInverseConsumer	LeanCode/Internal/PhysicalAnalysis/AKQ22ActualChartCubicInverseConsumer.lean	7e80df52e54c85de7dc3ca598b23c6bd29460cd3483ff3ab230f3a7fad9b7f0e
AKU1QuadraticScalarJets	LeanCode/Internal/PhysicalAnalysis/AKU1QuadraticScalarJets.lean	3a32e370cea517bbf8c5112ebf0224701267a685baf76bbc18124b4f5c9731f2
AKU2ScalarSourceJetLift	LeanCode/Internal/PhysicalAnalysis/AKU2ScalarSourceJetLift.lean	f044f24cf16e558fc0ffe0d656c36bf07a0eed4a67830155f18e9cd0f1e892b3
AKU3CurrentLeadingSourceSystem	LeanCode/Internal/PhysicalAnalysis/AKU3CurrentLeadingSourceSystem.lean	63ec45392ffabfeac9927d83d4f38ff7ec81b0f99c9830bfb187bd2baf6aa6b2
AKU4FixedJetLocalization	LeanCode/Internal/PhysicalAnalysis/AKU4FixedJetLocalization.lean	3eac13a9270df919e0fe676794d5d074a8c0039d2d1828ec0902b785945506f9
AKU6ActualSecondTaylorJets	LeanCode/Internal/PhysicalAnalysis/AKU6ActualSecondTaylorJets.lean	3b6746964d908e7a89adb53e8c475c2006a76c1313ba73f042531fe2a33ed872
AKU7AxisCoordinateLaplacian	LeanCode/Internal/PhysicalAnalysis/AKU7AxisCoordinateLaplacian.lean	3236580eddd5e7e292aacaecea1882e2759ecba45a37c949b2136e1d6ae45c21
AKU8OriginalFlatSourceHessian	LeanCode/Internal/PhysicalAnalysis/AKU8OriginalFlatSourceHessian.lean	c6cf1bc332675ba3965687626c3659f8a5097ebcf107a5c291d67d0bbb89e14d
AKU9FixedAxisPolynomialCore	LeanCode/Internal/PhysicalAnalysis/AKU9FixedAxisPolynomialCore.lean	0c3c5bd143b440f6934f58499409d060a342c88adf53dd28dc0fd6cb45e50405
AKU12SameWidthAxisMultiplierEnvelope	LeanCode/Internal/PhysicalAnalysis/AKU12SameWidthAxisMultiplierEnvelope.lean	091212fbfb3b619db9a2e724c912dae049f1ba2ffcdc961858134e85e2b506de
PA6Translation	LeanCode/AnalyticAlgebras/PA6Translation.lean	8b88e96484caa2e4ef59df6367327ccca278a4d1765844dd96e3ac5e40dede65
PA7EnvelopeConvolution	LeanCode/AnalyticAlgebras/PA7EnvelopeConvolution.lean	e1a8427271f7d2c47737d6663424dea7ff7b33cad10e483c8f8591d50268f1c2
AKU14AxisOneHighWeight	LeanCode/Internal/PhysicalAnalysis/AKU14AxisOneHighWeight.lean	816b84dafc63f7d6b6d7e627a6f49a2c1922980f4a685208142918ef1aebedc9
AKU15AxisConvolutionMajorant	LeanCode/Internal/PhysicalAnalysis/AKU15AxisConvolutionMajorant.lean	e3b2b940ce042608e36a348b989dd5c4b1b4508301e157a5a520fe8259e9871f
AKU16AxisConvolutionPointwise	LeanCode/Internal/PhysicalAnalysis/AKU16AxisConvolutionPointwise.lean	3a1bedfec1f84ce0f857d115c44b8d17d7a1cad18eb8993e1a5efc0633287337
AKU17SameWidthAxisAction	LeanCode/Internal/PhysicalAnalysis/AKU17SameWidthAxisAction.lean	61ece9a59090ebd742d40dd592e09eeefbd72651e4e88c7f9a36843cde92cf0c
AKU18ActualAxisFourierAction	LeanCode/Internal/PhysicalAnalysis/AKU18ActualAxisFourierAction.lean	48b5b492b46507f8b9693c844b254c2038d3ac801c5f04a4b245cecc744d64c6
AKU19AxisFiniteValueMaps	LeanCode/Internal/PhysicalAnalysis/AKU19AxisFiniteValueMaps.lean	f6de47272a93f557af0d9974105bc8abe63727692952fe9bdaf721111a583cf2
AKU21ActualAxisLiftMatrixFamilies	LeanCode/Internal/PhysicalAnalysis/AKU21ActualAxisLiftMatrixFamilies.lean	22dede19b6e15dddfc0fbc78ce03245cd4f296ba2191c0071a94d02c733d309e
AKU22ActualAxisLiftMatrixFidelity	LeanCode/Internal/PhysicalAnalysis/AKU22ActualAxisLiftMatrixFidelity.lean	6965234072d1ff8c918dd8146db5e3f2a727a1b3b2b13623073e551d30b28a0e
AKU10OriginalScalarPolynomialCore	LeanCode/Internal/PhysicalAnalysis/AKU10OriginalScalarPolynomialCore.lean	544150bc4933e21b691dd55155e2bfc92badbb0b3857b7ddb7fd9875877097a3
AKU11ActualToroidalQuadraticCore	LeanCode/Internal/PhysicalAnalysis/AKU11ActualToroidalQuadraticCore.lean	b82761c4b61008a691556484e9beb307a3b95b22e00b6db5603a8dc9af09155d
AKU20ActualPlanarSourceAxisData	LeanCode/Internal/PhysicalAnalysis/AKU20ActualPlanarSourceAxisData.lean	1038da5425498c5210ba320d5ffdeaa005d2575f4258516b7218ca624f988198
AKU23FullAxisCovectorAlgebra	LeanCode/Internal/PhysicalAnalysis/AKU23FullAxisCovectorAlgebra.lean	5dac11592237a79b391012f1bc3a2ddb9fcdf2109736596fa2dcb8b93e91736c
AKU24ActualCubicLiftAxisAssembly	LeanCode/Internal/PhysicalAnalysis/AKU24ActualCubicLiftAxisAssembly.lean	dca86f8366dd6719d27f092d4a0bcf2fdcbcb5a9a85e92210db81303ba8e3e6b
AKU26AxisPolynomialFourierAlgebra	LeanCode/Internal/PhysicalAnalysis/AKU26AxisPolynomialFourierAlgebra.lean	c9b77ab668e4d81f8880d70a576c4a264b5a5a782c42b7f9f1bfd60ec3a7404f
AKU29LiteralEtaZeroForwardRows	LeanCode/Internal/PhysicalAnalysis/AKU29LiteralEtaZeroForwardRows.lean	e85e437090896b46b6dee22654d0c2705d710af192e172d7350cadab31005ba6
AKU31LiteralCartesianForwardForce	LeanCode/Internal/PhysicalAnalysis/AKU31LiteralCartesianForwardForce.lean	54b65577f9a8c3e0f99923238e99df78acc1ab0c0b14282bd8debd9bec01cdba
AKU25VectorAxisProfileCore	LeanCode/Internal/PhysicalAnalysis/AKU25VectorAxisProfileCore.lean	1a3a52c047337edccec6187a5b1f29b245b26df57f78abf559fd2e95f228f9da
AKU27OriginalPolynomialLiftCore	LeanCode/Internal/PhysicalAnalysis/AKU27OriginalPolynomialLiftCore.lean	4292e412de6807a600fd4372fcf561036ef92eab33a3a3d924b1f67e763e538b
AKU5PolynomialAngularSectors	LeanCode/Internal/PhysicalAnalysis/AKU5PolynomialAngularSectors.lean	af0aba40e8e79921878331e01ada3fc1ae0f32325d2ae70f7aaa64631442de35
AKU30OriginalLiftAxisJetsAndSupport	LeanCode/Internal/PhysicalAnalysis/AKU30OriginalLiftAxisJetsAndSupport.lean	2d67c0b487ef3be67939da7161e6736e05d5a6c3e80180b84142f993672c1ab5
AKU28ActualLiftLeadingFourierIdentity	LeanCode/Internal/PhysicalAnalysis/AKU28ActualLiftLeadingFourierIdentity.lean	abb4589abd310b71a56ea055bb318d1c525fb092d411f7be29d996666ce087e9
AKU34AxisPhysicalCoreFidelity	LeanCode/Internal/PhysicalAnalysis/AKU34AxisPhysicalCoreFidelity.lean	1a578e49e4f3b55091ccd515c71ba67f4005fa750eee0b2b302755b495f11bc0
AKU32ExactCoordinateAxisCalculus	LeanCode/Internal/PhysicalAnalysis/AKU32ExactCoordinateAxisCalculus.lean	6aa61a0996bbc6bfb7978a1480f95827fde452758c97ee4b8bbe6522aabd153c
AKU33OriginalCoordinateProductFactors	LeanCode/Internal/PhysicalAnalysis/AKU33OriginalCoordinateProductFactors.lean	540899edcccc917177e12a92f1c5dd5daf77ff60555e475b2408744be69715da
AKU35OriginalPolynomialCoordinateDecomposition	LeanCode/Internal/PhysicalAnalysis/AKU35OriginalPolynomialCoordinateDecomposition.lean	1285b4f6a88515b695cd89b01f2ce9a9e2e5699c3512207f988e4275f945c521
AKU36ActualRadialCorrectionAxisJets	LeanCode/Internal/PhysicalAnalysis/AKU36ActualRadialCorrectionAxisJets.lean	239a839523d75938c68e8b85364bf61213006ffc90564a687c5d1960a003734a
AKU37QuadraticLiftRadialCorrection	LeanCode/Internal/PhysicalAnalysis/AKU37QuadraticLiftRadialCorrection.lean	e017a3a4f5b3b38f5842bbcb3cbd7be1e4232c0a42b4fa42f34b16f71ce9cc40
AKAR14ActualHomogeneousFirstRow	LeanCode/Internal/PhysicalAnalysis/AKAR14ActualHomogeneousFirstRow.lean	134c365149175e1228dd5b16db08d441fd723eec16c1d29840f4242790954871
AKAR15OriginalRotationProductRule	LeanCode/Internal/PhysicalAnalysis/AKAR15OriginalRotationProductRule.lean	9278a5622f7e869477353a22f5f4a474a82467ba7052f7874081c67d35b6387d
AKAR16LiteralMeanFreeScalar	LeanCode/Internal/PhysicalAnalysis/AKAR16LiteralMeanFreeScalar.lean	4bd371735d4fd10985d73eb8658952724f931c9398f3e462c94ebea14a3de65f
AKAR18ActualSmoothCircleConsumer	LeanCode/Internal/PhysicalAnalysis/AKAR18ActualSmoothCircleConsumer.lean	3a73156a3afdfd49b31ef295e4ab5f8861575dba780ff18c156b3179ee890acd
AKAR20OriginalCoreCircleTrace	LeanCode/Internal/PhysicalAnalysis/AKAR20OriginalCoreCircleTrace.lean	e50210e5a2e7192acd83f6bdd1e6df9e2d694a616a3fa7539750792ef6ebc8b6
AKAR21OriginalAngularPrimitive	LeanCode/Internal/PhysicalAnalysis/AKAR21OriginalAngularPrimitive.lean	d78bae1c7426e991ee9b94047342df9871be10cc7ef193a49d324fac722bab97
AKAR19CircleRepresentationAlgebra	LeanCode/Internal/PhysicalAnalysis/AKAR19CircleRepresentationAlgebra.lean	7a60963aab94ae42e3b4caae1107d097ef950a856f2c25c44ad9f561a40ad499
AKAR22LiteralAngularCommutators	LeanCode/Internal/PhysicalAnalysis/AKAR22LiteralAngularCommutators.lean	27edc0cdfbe6100b8207d9bf5f5c7171851cfe50df3747cbe71a445936582dca
AKAR24PolarOperatorProductRules	LeanCode/Internal/PhysicalAnalysis/AKAR24PolarOperatorProductRules.lean	54aa839084b95d1e23c385144da834a736f530d9eb576a1e335fc4e586b6396e
AKAR26SixActualAngularDerivatives	LeanCode/Internal/PhysicalAnalysis/AKAR26SixActualAngularDerivatives.lean	8f63e2a19b9cc0ad424c7ac71251422c8bbcfcfb8339a787a102e9c1a669ea81
AKAR30PhysicalFluxRepresentation	LeanCode/Internal/PhysicalAnalysis/AKAR30PhysicalFluxRepresentation.lean	a332a9489a3f5079b80c03f9041e2da84944e2c7a7664754f65f28b55e4e5b32
AKAR23ActualTotalFrameRotation	LeanCode/Internal/PhysicalAnalysis/AKAR23ActualTotalFrameRotation.lean	fddef2ebd3b510da74b8618536f2dd19b9fdfb491c51b2c10ee78444fe7e1863
AKAR25PhysicalTangentialFrame	LeanCode/Internal/PhysicalAnalysis/AKAR25PhysicalTangentialFrame.lean	bc074d61c44f7cf54d0d58b8b7dc0cc2f0415637f797e8aa4b65180312f43102
AKAR27LiteralCAndD	LeanCode/Internal/PhysicalAnalysis/AKAR27LiteralCAndD.lean	d86dff1656f0e2572463ae01c268151b5c9854abb62b70f57d148687f9b26730
AKAR28ActualKernelXiIdentity	LeanCode/Internal/PhysicalAnalysis/AKAR28ActualKernelXiIdentity.lean	7a913a6312828b87898f2c60dd4069c0e43572ff66d02e16123d9fcffba2c3b4
AKAR31ActualOriginalFluxDerivative	LeanCode/Internal/PhysicalAnalysis/AKAR31ActualOriginalFluxDerivative.lean	c00ef041aef052a7c0fcbd782809e1dfb255953b7f4c19d24836bd4cd9371a34
AKAR29OriginalScalarDecay	LeanCode/Internal/PhysicalAnalysis/AKAR29OriginalScalarDecay.lean	06dc2cf3326a22e9e2e16f78262b58597574d306d820cb1c76602b0ab74e8d16
AKAR32OriginalFluxDecay	LeanCode/Internal/PhysicalAnalysis/AKAR32OriginalFluxDecay.lean	9cdae2d7f40c83ea67bed7cf5d426e9a7e125a46335aecd12cc34e6babb4a2cf
AKAR33ExactRetainedDecayConsumer	LeanCode/Internal/PhysicalAnalysis/AKAR33ExactRetainedDecayConsumer.lean	745e06a015897e6d340ded3679a1694a4fe0977b905de1894887074e1f55e0aa
AKBA1ScalarOriginalWeightedRestriction	LeanCode/Internal/PhysicalAnalysis/AKBA1ScalarOriginalWeightedRestriction.lean	3889ae696b81f5ddfc878f48bce3a783cf275fdf943658a6bf958f85f74f4b36
AKBA2ExactOriginalPhysicalRestriction	LeanCode/Internal/PhysicalAnalysis/AKBA2ExactOriginalPhysicalRestriction.lean	643924d7408c26217290879f095c2f482260b54c04771d6859143cf39735545b
AKBA3ExactWeightedPhysicalCarrier	LeanCode/Internal/PhysicalAnalysis/AKBA3ExactWeightedPhysicalCarrier.lean	e54bd0a282ae44937e2a825e9ed476f638b5e0dc3e80e2c0011463488f77e03b
AKBA5ExactRadiusDivision	LeanCode/Internal/PhysicalAnalysis/AKBA5ExactRadiusDivision.lean	22e1f14117d052a0d7b11a6e4f66f21dbe90e4bdf480f5613d6ab4efa0273820
AKBA6LiteralPolarRowsAndColumns	LeanCode/Internal/PhysicalAnalysis/AKBA6LiteralPolarRowsAndColumns.lean	0325d1ad3b50ae991cab4d59252125774318ebd7989022b78b9531e7cb86fb6c
AKBA4SameOriginalVectorRestriction	LeanCode/Internal/PhysicalAnalysis/AKBA4SameOriginalVectorRestriction.lean	7f1a9d6dddff4dae615200589430b58f9c64f1147087b8dd3d2254fdffe16e01
AKBA7ActualRawFluxCurves	LeanCode/Internal/PhysicalAnalysis/AKBA7ActualRawFluxCurves.lean	8b279ab939fd5194ea901a331bd160013eab065f323ada899a6cde6f21bcddab
AKBA8SameOriginalKernelTuple	LeanCode/Internal/PhysicalAnalysis/AKBA8SameOriginalKernelTuple.lean	1ae8af9bb5f662467d49bd0b46a06e5af296164b972bc121d1a67a980e228044
AKBA9LiteralKernelTupleFields	LeanCode/Internal/PhysicalAnalysis/AKBA9LiteralKernelTupleFields.lean	05c881b3f450752c02d4686333f151d7a94a4651468c62043be832d73a7badf4
AKBA10ActualOriginalGraphEntry	LeanCode/Internal/PhysicalAnalysis/AKBA10ActualOriginalGraphEntry.lean	c1395d8929c5b2b929346c1156337bb224b405b9fbacda49ea5bf1cf29294005
AKBA11ExactOriginalRetainedCoefficients	LeanCode/Internal/PhysicalAnalysis/AKBA11ExactOriginalRetainedCoefficients.lean	e2f4ebf7ea6c621f45fb979580637bbf236dc2d23bbf5cfdf5ac5cdf3bd64fa1
AKBA12ActualCopiedSourcesVanish	LeanCode/Internal/PhysicalAnalysis/AKBA12ActualCopiedSourcesVanish.lean	8e5447308d492ae9252d63f5f51668af052f2ba78fa332a76ad26f889753b323
AKBA13SamePhysicalGraphTraces	LeanCode/Internal/PhysicalAnalysis/AKBA13SamePhysicalGraphTraces.lean	cfbf2d847b23667cfc6dd4b51b5d40fc2f59d484d9f130ce7fa7424e2cfc3548
AKBC1OriginalCovariantCurves	LeanCode/Internal/PhysicalAnalysis/AKBC1OriginalCovariantCurves.lean	b11922f26e78cc302bd277180fa9e9198bacda96e147a51fbc87b1c1b7a9d3b1
AKBC2SamePolarCovariant	LeanCode/Internal/PhysicalAnalysis/AKBC2SamePolarCovariant.lean	3d40630f3430ac63f928446bb2b2dd9938159b9aa6178ec644dd280027d2b5d1
AKBC3ActualSmoothNegativeTraces	LeanCode/Internal/PhysicalAnalysis/AKBC3ActualSmoothNegativeTraces.lean	f476e339d824853c7249a2c1e8eb6d5fe62437d71c80bc86be15dca902712810
AKBC4ExactAngularPrimitives	LeanCode/Internal/PhysicalAnalysis/AKBC4ExactAngularPrimitives.lean	7ef0526ddab95a438922850d466c547f514e6a57f80f30d1fce19effaa82eec3
AKBC5ActualEncodedTraceCoordinates	LeanCode/Internal/PhysicalAnalysis/AKBC5ActualEncodedTraceCoordinates.lean	47e3ac51ae78101b811177fe57ea7cf8df9c1c2cc5672833b80dd4eca65a1261
AKBC6OriginalCovariantChart	LeanCode/Internal/PhysicalAnalysis/AKBC6OriginalCovariantChart.lean	5af89a7a7f73ff4febc8f94261170043d5f2677258fd008508f40779b3a71c6f
AKBC7OriginalGaugeTailRecovery	LeanCode/Internal/PhysicalAnalysis/AKBC7OriginalGaugeTailRecovery.lean	1f1af8ffd8a5718eaee51bb2ca122be54b38e92a35062f8689445a1a0f740a3d
AKBL4SameNativeCovariantGauge	LeanCode/Internal/PhysicalAnalysis/AKBL4SameNativeCovariantGauge.lean	eda78aa39b440db581ec9aeb8356f37439cce1bd8825579a2ea30ade5ec141cb
AKBL5FixedQuotientScalarRows	LeanCode/Internal/PhysicalAnalysis/AKBL5FixedQuotientScalarRows.lean	32ae9a341bc9f0ad81a98bf32300d1fd3a79a66d9864c9a113d4f64536527508
AKBL6SameOriginalWeakEllipticRows	LeanCode/Internal/PhysicalAnalysis/AKBL6SameOriginalWeakEllipticRows.lean	58181c271bfde914bee318e3edfdfc8b81641e094c30cfc5420af87a72c879e8
AKAY23GenuineRadialRowBounds	LeanCode/Internal/PhysicalAnalysis/AKAY23GenuineRadialRowBounds.lean	80deaefacd5dcd0afcf8e85c01ea6cabae7a5478183edca410cee06eb1ea6fb9
AKAY24GenuineSmallRows	LeanCode/Internal/PhysicalAnalysis/AKAY24GenuineSmallRows.lean	ada981a2db69c4ae765b883ec016e26942c7fe4951f2171ae12989c9c2ce2737
AKAY25OriginalB10GenuineSmallRows	LeanCode/Internal/PhysicalAnalysis/AKAY25OriginalB10GenuineSmallRows.lean	9741588dc0917df0e0a25f30f5cf6c9fc3a3881152aebc96d3e498107e46f450
AKAY26GenuineEmbeddedRows	LeanCode/Internal/PhysicalAnalysis/AKAY26GenuineEmbeddedRows.lean	b296d0476d85a28ca6855a04429712a4ed453d3e4d8c8b2196e5438a97ca75b1
AKAY27GenuinePrincipalTensor	LeanCode/Internal/PhysicalAnalysis/AKAY27GenuinePrincipalTensor.lean	6b7854f7bbe0d2f6510f14862181dd80fa0ccbb04e5339d43fccbfd96223ae2c
AKAY28GenuineLocalizedResolvent	LeanCode/Internal/PhysicalAnalysis/AKAY28GenuineLocalizedResolvent.lean	026125c549656e49efbe73017eb1304c1f1805f9a8631f5f89f67cbec2b95a0c
AKAY29GenuineB10PrincipalContraction	LeanCode/Internal/PhysicalAnalysis/AKAY29GenuineB10PrincipalContraction.lean	50986879d28b703406191c0de6feb5ec0ea584065a0d4d677a555315c4adbc4e
AKAY30GenuinePrincipalWeakConsumer	LeanCode/Internal/PhysicalAnalysis/AKAY30GenuinePrincipalWeakConsumer.lean	17b339437f61a6a49028e3d627044d664bc45d70d645c88155d2f6acbdb6c443
AKBP1CorrectedWeakPrincipalSplit	LeanCode/Internal/PhysicalAnalysis/AKBP1CorrectedWeakPrincipalSplit.lean	881b52897eb34e85f753049a13f3d23e63b9ebd60a76775ba9e117a812037c12
AKBP2SameOriginalCorrectedERRows	LeanCode/Internal/PhysicalAnalysis/AKBP2SameOriginalCorrectedERRows.lean	ee1d8c9594552a12d8650df3e03aa42bc16bcef5039d91ce3c64ef74f7b83b2c
AKBP3PrincipalCoordinatePairings	LeanCode/Internal/PhysicalAnalysis/AKBP3PrincipalCoordinatePairings.lean	0d25c22dcf1dac1eee5c845467cbea303beee39f851256ae8d1ad3ea681331f3
AKBP4LiteralPrincipalCoordinateConsumer	LeanCode/Internal/PhysicalAnalysis/AKBP4LiteralPrincipalCoordinateConsumer.lean	43f4321cdc36301a0a0626c32163c01cbd6638b70cc38e19c64cb973d0ba92d9
AKBL8SameInfiniteCellKernel	LeanCode/Internal/PhysicalAnalysis/AKBL8SameInfiniteCellKernel.lean	947204857f4ba88b2d66c223a453335af5fe54abd16cc082deb9bd914b494d62
AKBL9ExactMatrixPhaseAction	LeanCode/Internal/PhysicalAnalysis/AKBL9ExactMatrixPhaseAction.lean	4b9136c8e650a0704e15004cd72b7a47633bdbb8ffdbd85477ca1fcf0264ab5f
AKBL10ActualMatrixFourierProduct	LeanCode/Internal/PhysicalAnalysis/AKBL10ActualMatrixFourierProduct.lean	44af82b4d1b3d6e649b19cced153ac49e834c087928d35446475765598f2524e
AKBL11SameOriginalMatrixField	LeanCode/Internal/PhysicalAnalysis/AKBL11SameOriginalMatrixField.lean	27567187102a27bb0fb3053b329cff65966702ea96bb7497583380b9472787d1
AKAT1LiteralRadialForceContraction	LeanCode/Internal/PhysicalAnalysis/AKAT1LiteralRadialForceContraction.lean	108b7bbc3fdcd8d6c289ec682ad05de7fd40f8f56e842f72b08b50248ab8069f
AKAT2PolarCovariantDerivative	LeanCode/Internal/PhysicalAnalysis/AKAT2PolarCovariantDerivative.lean	f9a18fce1a58b73598a69a5e021c92f860d0ff8af8d236fcdf777b5b52f1ce37
AKAT4GenuineCartesianGradient	LeanCode/Internal/PhysicalAnalysis/AKAT4GenuineCartesianGradient.lean	21dc7cdaee31e82c824cbd467da8c04837515e854a4558b681e064d5ad80d7b4
AKAK1SamePhysicalRadialDerivative	LeanCode/Internal/PhysicalAnalysis/AKAK1SamePhysicalRadialDerivative.lean	651a6a7c6296d5d8100a61d03db50ac264890ff713fb7af2a005e0f60c89730d
AKAK2SameRadialEquationRecovery	LeanCode/Internal/PhysicalAnalysis/AKAK2SameRadialEquationRecovery.lean	26678614349eefac30f2e7c897380119b8724dc503ecaf43d1c9965c4ebc3915
AKAK3ActualPairPhysicalRadialPDE	LeanCode/Internal/PhysicalAnalysis/AKAK3ActualPairPhysicalRadialPDE.lean	6c00a45ac6be0ec19625fceadf85cfd0eea3f3fc3526ee3bf80597ae572ca0ba
AKAK4LiteralFullRadialCoefficients	LeanCode/Internal/PhysicalAnalysis/AKAK4LiteralFullRadialCoefficients.lean	4ec8bc949fbbbe97fa19f570dd24233bf45821f7d4c942e482bc2500d0551ccb
AKAK5ScalarRadialEquationSynthesis	LeanCode/Internal/PhysicalAnalysis/AKAK5ScalarRadialEquationSynthesis.lean	5f4f0f7d977c1cd9e89a791ebfd1a78888f622f4b3557a23de2aa80afd973b81
AKAK6ActualXiRadialEquation	LeanCode/Internal/PhysicalAnalysis/AKAK6ActualXiRadialEquation.lean	6c353f4f259e83d2950b834d03e313af4960dabbb52a9cc1cd68b9ed48b8224e
AKAK7SamePhysicalXiRadialPDE	LeanCode/Internal/PhysicalAnalysis/AKAK7SamePhysicalXiRadialPDE.lean	d897c8ea55b446259f8ed43d05285354691341b6ec30d31818159eb3b6eda990
AKAK12LiteralDeterminantFourierRHS	LeanCode/Internal/PhysicalAnalysis/AKAK12LiteralDeterminantFourierRHS.lean	29b51bd32412366f39022d38a3c8490b0d50aa39888156f0bb10b0aec55c3bb7
AKAK13ProjectedDeterminantRHS	LeanCode/Internal/PhysicalAnalysis/AKAK13ProjectedDeterminantRHS.lean	9f9734bd99f2abac35102bb1ef78b3142673f3541976be4011f782dd2953ad16
AKAK22SamePhysicalAxialDerivative	LeanCode/Internal/PhysicalAnalysis/AKAK22SamePhysicalAxialDerivative.lean	3e7d1be0add45c45645d59d7031163d28695a532e40935ff22d226b75416ca3b
AKAK8LiteralSevenUnknownCoordinates	LeanCode/Internal/PhysicalAnalysis/AKAK8LiteralSevenUnknownCoordinates.lean	e00c910b29eb25bc9c507708d6a08f88b87df80e8d54e2b9057ec6a9630da812
AKAK9SameScalarPhysicalCoordinates	LeanCode/Internal/PhysicalAnalysis/AKAK9SameScalarPhysicalCoordinates.lean	26eb735e3825d0f68a387e8b7987001f10be9255ff697133db429e00c7f34555
AKAK23SamePhysicalXiAxial	LeanCode/Internal/PhysicalAnalysis/AKAK23SamePhysicalXiAxial.lean	510092e9f614b5dbe20cbf70860544746bac109b1ff9dee6f6e4bba79fcd623f
AKAT3SamePhysicalXiAngular	LeanCode/Internal/PhysicalAnalysis/AKAT3SamePhysicalXiAngular.lean	776d461e91b5cabb50e62ca94909ee2171fdc6e44b3a94e1aa8fdd5ff8f6e28d
AKAT5SameCartesianCovariantRotation	LeanCode/Internal/PhysicalAnalysis/AKAT5SameCartesianCovariantRotation.lean	01795195ae92e6ac72cd256614fdff996cba4644bc8aab483a33eee5ae56e2f2
AKAT6SameCartesianXiGradient	LeanCode/Internal/PhysicalAnalysis/AKAT6SameCartesianXiGradient.lean	d4d3f80cb2afc9ecd720090ef320c816c1ff89a20a2be34617ceb695320aa484
AKAT7LiteralCartesianForceAlgebra	LeanCode/Internal/PhysicalAnalysis/AKAT7LiteralCartesianForceAlgebra.lean	93fe01cc8b2a0c29550adc3f15a947c3cd5ccaf315a7bc8d6a4b3a92aa353867
AKAT8SameLiteralCartesianForce	LeanCode/Internal/PhysicalAnalysis/AKAT8SameLiteralCartesianForce.lean	b18a03e91980b564cc6c9c9cd2a4c462afc845d3b625dff9e1e0ab00b37afbd9
AKAT9SameCartesianForceDerivatives	LeanCode/Internal/PhysicalAnalysis/AKAT9SameCartesianForceDerivatives.lean	5e7d49eec9b45dae9bc5e703124d6f3f6a3968c5fe3d315679f5ecafebae9605
AKAT10ExactRadialMeanProjection	LeanCode/Internal/PhysicalAnalysis/AKAT10ExactRadialMeanProjection.lean	3ef416cc76f189764a4770bfcf0d25ddf1670d0c641a803bad2f8bcfd392e589
AKAT11SameCartesianForceExpression	LeanCode/Internal/PhysicalAnalysis/AKAT11SameCartesianForceExpression.lean	ef13edb1afcfd919d831f168b4993c746bce0ac17f1954146e497b949f54fe88
AKAT12ProjectedForceCancellation	LeanCode/Internal/PhysicalAnalysis/AKAT12ProjectedForceCancellation.lean	7e0553a4faaf9e159ba788ff3f6b3d381249d3f2851d08932d14ef772c346b71
AKAT13SameProjectedCartesianForce	LeanCode/Internal/PhysicalAnalysis/AKAT13SameProjectedCartesianForce.lean	aea1dc976475c791218bcaf9999d6122dea1bb9485ff5daf1a60150cfa3528cd
AKAK11ActualThirdSourceCurves	LeanCode/Internal/PhysicalAnalysis/AKAK11ActualThirdSourceCurves.lean	594af2cf901c494490ae81659913bdd8ab26d2bfbd1bdad5bd32f7f46be21c51
AKAK14ActualDeterminantFields	LeanCode/Internal/PhysicalAnalysis/AKAK14ActualDeterminantFields.lean	bd37d6ed395643055f9e49e7c86051a96a959a29001cb28a0daac5b266fe4294
AKAK15ActualDeterminantCoefficients	LeanCode/Internal/PhysicalAnalysis/AKAK15ActualDeterminantCoefficients.lean	138d23ca92952aa2dfb3a708360eb49f1ba5f942f1e4eb677d3cbd475c86ae16
AKAK16ActualDeterminantSlopeRecovery	LeanCode/Internal/PhysicalAnalysis/AKAK16ActualDeterminantSlopeRecovery.lean	7064687b3d622c360f5128a8a7830e7806eb424933d5ef5891e8c2392151bbd6
AKAK10RadialEquationFourierUniqueness	LeanCode/Internal/PhysicalAnalysis/AKAK10RadialEquationFourierUniqueness.lean	9033255a6631eb0203f759c33b2a9edb3e76e8bb71f656007203332d8cb210a1
AKAK17SamePhysicalDeterminantRadialPDE	LeanCode/Internal/PhysicalAnalysis/AKAK17SamePhysicalDeterminantRadialPDE.lean	585824819f3a60af0e352e6e3a0ef5405cbdc0e7254dd0809f39f729231d8053
AKAK18SameXiEquationForActualRows	LeanCode/Internal/PhysicalAnalysis/AKAK18SameXiEquationForActualRows.lean	8d56f1d49769091aa2c0e8c892ef68a1a64dcc9f4fcd2fc9616b3d31562aa872
AKAK19OriginalEquationRadialPDE	LeanCode/Internal/PhysicalAnalysis/AKAK19OriginalEquationRadialPDE.lean	4e09e0eb024d5bae0dad9d18340d530ff96ed9ff6d0e570c973d8a47c0e31607
AKAK20ActualCartesianSourceRadialConsumer	LeanCode/Internal/PhysicalAnalysis/AKAK20ActualCartesianSourceRadialConsumer.lean	b8eb2d365ab2de5832eda7b2c08cf6d4720d0a51a14305764a08f881a2460d14
AKAT14ActualOriginalProjectedForce	LeanCode/Internal/PhysicalAnalysis/AKAT14ActualOriginalProjectedForce.lean	6aa806930f90c2ad329fd9ca519b37bef592babc4413503229a64671a5128ee2
AKAT15SameCartesianXiAxial	LeanCode/Internal/PhysicalAnalysis/AKAT15SameCartesianXiAxial.lean	c4b84371d3ef22f17ae003f06b4929145382880c40590ee049145b7253f502b7
AKAT16SameLiteralCartesianThird	LeanCode/Internal/PhysicalAnalysis/AKAT16SameLiteralCartesianThird.lean	d34a1ec71032f5c713f2f81f4c2fd26cb9aef6b7647ea0ae6fb3252c6bc820fb
AKAT17ActualOriginalThirdEquation	LeanCode/Internal/PhysicalAnalysis/AKAT17ActualOriginalThirdEquation.lean	182cb5b6bc6706bea6b5d59b621e94987d6600b46827f24a40b1fec3127c46b0
AKAT18OriginalCartesianSourceDecode	LeanCode/Internal/PhysicalAnalysis/AKAT18OriginalCartesianSourceDecode.lean	8d2090a0583e175da343a3e8313c2cbb0c1e224924006c053bb59d37a9094e72
AKAT19LiteralPrimitiveSourceCoefficients	LeanCode/Internal/PhysicalAnalysis/AKAT19LiteralPrimitiveSourceCoefficients.lean	4400002157243dc12731417c7af9e312ac2868fb7a53cc8c9686297a9e755a74
AKAT20SamePrimitiveSourceCoefficients	LeanCode/Internal/PhysicalAnalysis/AKAT20SamePrimitiveSourceCoefficients.lean	12b2d20f99095294d9c39fe3c48adabe9ad16a3dc150df1f611cf1a04eb39c71
AKAT21SameLiteralPrimitiveSources	LeanCode/Internal/PhysicalAnalysis/AKAT21SameLiteralPrimitiveSources.lean	e2d1314bb94d87c46be89b55961b55e449ce4032bd55c8449c2d3b0c0f423e29
AKAT22SameSevenKnownSources	LeanCode/Internal/PhysicalAnalysis/AKAT22SameSevenKnownSources.lean	67b7f7baa469022155abd8f87da33d7c50da6592ec4a169a0154f434d82e29c9
AKAT23ActualSevenCartesianSources	LeanCode/Internal/PhysicalAnalysis/AKAT23ActualSevenCartesianSources.lean	7623e2de5ee934d406d106695933acf688f6e603c9601be89e91e7bfa9b4d55b
AKAT24OriginalCartesianSourceProjection	LeanCode/Internal/PhysicalAnalysis/AKAT24OriginalCartesianSourceProjection.lean	85fc4d6cbdca360ebb55d251f067d9f9088021f71c915f6b690d12d4125c8b86
AKAT25OriginalCartesianForceConsumer	LeanCode/Internal/PhysicalAnalysis/AKAT25OriginalCartesianForceConsumer.lean	aef2ffa508fe82c9c8dedd2206a3d618d4816ee2ccfdfa90994716607e9444fe
AKBE1OriginalCellDerivative	LeanCode/Internal/PhysicalAnalysis/AKBE1OriginalCellDerivative.lean	87f29d11655f66e3700b75a395c0d969fccdadddf2b315b90b3877fed82e8c02
AKBE2ProjectedForceAxisRemoval	LeanCode/Internal/PhysicalAnalysis/AKBE2ProjectedForceAxisRemoval.lean	b697a14d4482751678e4db7e7c763924c750b29a8d14f516eb3d74ae609ba475
AKBE3AngularTransportDivergence	LeanCode/Internal/PhysicalAnalysis/AKBE3AngularTransportDivergence.lean	c6ce1ca3945470e48e24bc6271364c5fd3d915002dfe0ce29efdc689a03b2d96
AKBE4OriginalAngularWeakEquation	LeanCode/Internal/PhysicalAnalysis/AKBE4OriginalAngularWeakEquation.lean	253b71abdc8687c8e1ab70ba279bf3df0a55aeae9df7047038027afd0c93e2ed
AKBE5SameObservedPacketTransport	LeanCode/Internal/PhysicalAnalysis/AKBE5SameObservedPacketTransport.lean	b6b41889f90f28b1a71fe09677f1e3cb6e79ba2dd5fe9ec9e528e47f8d2dae6b
AKBE6IncomingIndependentPhysicalExpressions	LeanCode/Internal/PhysicalAnalysis/AKBE6IncomingIndependentPhysicalExpressions.lean	1122cca516eff8717e57132f63be9b80e8db405fedcbebd5e91f327921336160
AKBE7ActualObservedCartesianEquations	LeanCode/Internal/PhysicalAnalysis/AKBE7ActualObservedCartesianEquations.lean	a12c3a5b23d9ac7c65126cb25708852142ad46d8066e8394e76a66d2da955159
AKBE8LiteralRadialProjectionFidelity	LeanCode/Internal/PhysicalAnalysis/AKBE8LiteralRadialProjectionFidelity.lean	e1537f120615fb2a6c7e8a595e39c3adc265cbad3d4839da8c6db7a905a2c62b
AKBE9RadialReflectionPolarFormula	LeanCode/Internal/PhysicalAnalysis/AKBE9RadialReflectionPolarFormula.lean	81f89f9149d2e8bd8d56198d3e17f883aadebf92ebdbb616e5b6588b9a860b32
AKBE11ClosedRepresentativeAngularAverage	LeanCode/Internal/PhysicalAnalysis/AKBE11ClosedRepresentativeAngularAverage.lean	317759a3a7097412af2d9df0ff9a93cda923f9ecd87a11b99bfc5e78d0a6ad9e
AKBE12ClosedRepresentativeRadialProjection	LeanCode/Internal/PhysicalAnalysis/AKBE12ClosedRepresentativeRadialProjection.lean	db6d55deee0b227dc98030a6a31d1ad7f247635e5966e96a76503d564eb613e6
AKBE13ProjectedTestsAvoidAxis	LeanCode/Internal/PhysicalAnalysis/AKBE13ProjectedTestsAvoidAxis.lean	31238bd523a37128197eb893b98612efd257e89138099f5116f6a72ba329ea0f
AKBE14LiteralClosedRadialTranspose	LeanCode/Internal/PhysicalAnalysis/AKBE14LiteralClosedRadialTranspose.lean	083a3e58d114ab13fb94edc57ebccaed8daf38c54f5a657b4cf0259dabb67f8d
AKBE15RadialTestLocalization	LeanCode/Internal/PhysicalAnalysis/AKBE15RadialTestLocalization.lean	9cd9e950bcb84103affd08a2b003485d4c5e06c8e22edd26d6dd946d59ddb24b
AKBE16RadialProjectionLocality	LeanCode/Internal/PhysicalAnalysis/AKBE16RadialProjectionLocality.lean	670c88f2c0ef7377541bb201359892696f25743c769da3829c1110c4a10d59f6
AKBL15RoughClosedCharacterRepresentative	LeanCode/Internal/PhysicalAnalysis/AKBL15RoughClosedCharacterRepresentative.lean	ccc7e7a31a402676baa0c0bcdf6a7fb93c6ff9cf9f31cd363c6f496479384a23
AKBL16RoughClosedComplementRepresentative	LeanCode/Internal/PhysicalAnalysis/AKBL16RoughClosedComplementRepresentative.lean	f4a86ddf5a4d573a6e92588b6fa0bdf69ad853bb1b3ebb0ca87a6f5c833cb176
AKBL17PuncturedComplementLocality	LeanCode/Internal/PhysicalAnalysis/AKBL17PuncturedComplementLocality.lean	aa2daf18ab9059e331035f48f69dbec49f928d27275a873073a05870e65555c6
AKBL18SamePuncturedGaugeInverse	LeanCode/Internal/PhysicalAnalysis/AKBL18SamePuncturedGaugeInverse.lean	75c79f724136f1d7cd55dabd2a2f3e251f95c5518441ffcb01c3e2fde84b59c2
AKBL19ExactRadialComplementWeight	LeanCode/Internal/PhysicalAnalysis/AKBL19ExactRadialComplementWeight.lean	b7f56f59f0c42bb2d0be390815992477aea3c195fb2af0d4af963891e5cd5419
AKBL20ComplementFourierCommutation	LeanCode/Internal/PhysicalAnalysis/AKBL20ComplementFourierCommutation.lean	10a3550e0e151ab39b91ee5ee1d0e3421f35aec07c4728ed2d606a9d862459ba
AKBL21SameCircleJointLocalization	LeanCode/Internal/PhysicalAnalysis/AKBL21SameCircleJointLocalization.lean	e391dd07b7713d9693149351bc7baff2f0e12f62f9c4f46f7e104fbbf0db70ec
AKBL22PuncturedComplementFourier	LeanCode/Internal/PhysicalAnalysis/AKBL22PuncturedComplementFourier.lean	0e25f656af055afa6411b8c42c7625f59771f922e4d5a09549a6555c42867384
AKBL23SameWeightedComplementField	LeanCode/Internal/PhysicalAnalysis/AKBL23SameWeightedComplementField.lean	2f7532f8b3350eb73f9da7f20d400a78a2d718e5a1c0459778ef6022d8ecf8d3
AKBL24SameOrbitContinuousFields	LeanCode/Internal/PhysicalAnalysis/AKBL24SameOrbitContinuousFields.lean	3ecb1e1ec486e98c90c2c199cd80133aea56a8afdc276955fbfbe0435dcd0bf4
AKBL25SamePhysicalMatrixContinuity	LeanCode/Internal/PhysicalAnalysis/AKBL25SamePhysicalMatrixContinuity.lean	364c2f221a1c9a6d715e93ef5a7902b597c5cee364fdc3a19fd50fc9260a36ca
AKBL26SameWeightedOperatorFields	LeanCode/Internal/PhysicalAnalysis/AKBL26SameWeightedOperatorFields.lean	8db526a65c2ac16eead49ea8fb49a18e2894b55ee627e44cec79392013b7d152
AKBL27SameRawGaugeInverse	LeanCode/Internal/PhysicalAnalysis/AKBL27SameRawGaugeInverse.lean	8b748b7390cef20b0a2fa343c6297efcf5a09fd56295166adc925e6cdcd01015
AKBL28SameRoughCurrentRecovery	LeanCode/Internal/PhysicalAnalysis/AKBL28SameRoughCurrentRecovery.lean	f3431b211ff14f2a48c4824c29ee1d8a7e65087e6963759859eb3b8fe19bd4fb
AKBL29LiteralFixedGaugeMeans	LeanCode/Internal/PhysicalAnalysis/AKBL29LiteralFixedGaugeMeans.lean	ceb4a705740b32ef982347ccfb3bb57519a24b9e3269d1989ce4dbfdf8daf5f6
AKBL30PuncturedFixedGaugeMeans	LeanCode/Internal/PhysicalAnalysis/AKBL30PuncturedFixedGaugeMeans.lean	e9f690bbe37d4217cdc3264c3142f6e9639e9378737739692b2c95f8e15a52f8
AKBL31SameWeightedGaugeZero	LeanCode/Internal/PhysicalAnalysis/AKBL31SameWeightedGaugeZero.lean	aab88a66bcfc4fc3a95483367dd2df665d35dd0547bc348edbf02934dc3aec71
AKBL32SameRoughNativeGaugeConsumer	LeanCode/Internal/PhysicalAnalysis/AKBL32SameRoughNativeGaugeConsumer.lean	010a52f7ccc0b26e5872991796192bc434c46d397bf768d155ac47a738a5751e
AKBP5SameRadialConjugation	LeanCode/Internal/PhysicalAnalysis/AKBP5SameRadialConjugation.lean	cc258df3a7418dc8249a8bb5bf20f018982d4894d6dbc78261a8a9eab241974f
AKBF5FixedCellMomentAlgebra	LeanCode/Internal/PhysicalAnalysis/AKBF5FixedCellMomentAlgebra.lean	0ec5a0f9a1d62a27fe50eb0e22e9fa6b96e9ca62efec9e9dfac012dca91f0a5b
AKBF6OriginalFixedCellMoments	LeanCode/Internal/PhysicalAnalysis/AKBF6OriginalFixedCellMoments.lean	5b5b84cb03e71200d40d40bee49f89702954b0937b08b0b50a3a4e6b6f128d60
AKAY20SameFieldDilation	LeanCode/Internal/PhysicalAnalysis/AKAY20SameFieldDilation.lean	8bf00a2f75ed56177a91db92cae4fbefc78abe37c75c06e14beb79a9a01b7bc3
AKBF7SameDimensionDilation	LeanCode/Internal/PhysicalAnalysis/AKBF7SameDimensionDilation.lean	75b96051c42f37ecbd158c21f3eca82572fc4d64e19a52cdb9670cc73225dd44
AKBF8SameRadiusScalarMoments	LeanCode/Internal/PhysicalAnalysis/AKBF8SameRadiusScalarMoments.lean	7c089fbd39300c915912f3f1523f42d48be8d540e1ef2d63ef7cb8ad2a16b9cd
AKAW4FullCellPolarEnergy	LeanCode/Internal/PhysicalAnalysis/AKAW4FullCellPolarEnergy.lean	7077c9614a669a8b072147754e346e406dbb740dc9e365fc31c2a0b8b446e93c
AKAW5SameConjugatedCurve	LeanCode/Internal/PhysicalAnalysis/AKAW5SameConjugatedCurve.lean	ab39d5235f8cb0812b0290d6bff35021d0e73198917571fea201edbbecf6f392
AKAW6OriginalNativeConjugatedEnergy	LeanCode/Internal/PhysicalAnalysis/AKAW6OriginalNativeConjugatedEnergy.lean	c448962cd6cc21c4cb0f8a58a9d5c0577d6e7650a62ca005cb4f33864b68f21d
AKAW7SameWeightedCartesianCells	LeanCode/Internal/PhysicalAnalysis/AKAW7SameWeightedCartesianCells.lean	166653e220f9c57f2b38a40c9f07ebcd3b88c2dd99e551a2228d2ac3fe155652
AKAW8SameNativeCellCarrier	LeanCode/Internal/PhysicalAnalysis/AKAW8SameNativeCellCarrier.lean	2d7e51705ca81783be2aac8d7f6e88fad36aa2db5892bd0f75b0d5a49e308efa
AKAW9LowPacketInsertedTransport	LeanCode/Internal/PhysicalAnalysis/AKAW9LowPacketInsertedTransport.lean	d71c205d2f70ea73259561e5413ec73a17ce676dd22b3cf57479f28dd759ab69
AKAW10HighPacketInsertedTransport	LeanCode/Internal/PhysicalAnalysis/AKAW10HighPacketInsertedTransport.lean	3aa96e01d9590c72abf5f22e823c942079621cd58186ff65ae772521ac22ab1f
AKAW11FullSevenInsertedTransport	LeanCode/Internal/PhysicalAnalysis/AKAW11FullSevenInsertedTransport.lean	d7da2e0ee2ef323bf043e908eb0d9aa472c1e209eb8454c944192ba6e868413f
AKAW12InsertedCurveNativeEnergy	LeanCode/Internal/PhysicalAnalysis/AKAW12InsertedCurveNativeEnergy.lean	d8d0a16fbc10a3e5d762b1e16800d31218f5e3a8cb6ebb3470ae13608bf51006
AKAW13SameCorrectedCurveNorm	LeanCode/Internal/PhysicalAnalysis/AKAW13SameCorrectedCurveNorm.lean	f48a433addffa3f37b1e49ea1861040677f47eac8f3dc207675a849223ebf704
AKAW14CorrectedCollarEnergy	LeanCode/Internal/PhysicalAnalysis/AKAW14CorrectedCollarEnergy.lean	90a69ae89d3b26ff6cd4de1b8050ee45d7268ee68db8e1622a3cc141197963b0
AKAW15ActualInsertedCorrectedEnergy	LeanCode/Internal/PhysicalAnalysis/AKAW15ActualInsertedCorrectedEnergy.lean	daa949dbf102e662778a3ebb5df43352968b514af0798b53df5e5b085c144a50
AKAW16ActualAllGradeGlobalEnergy	LeanCode/Internal/PhysicalAnalysis/AKAW16ActualAllGradeGlobalEnergy.lean	e42262f45cf2466ede2825a89c1be7562f534c598847220d8713b9281f0fb4c3
AKAW17SameMomentComparison	LeanCode/Internal/PhysicalAnalysis/AKAW17SameMomentComparison.lean	aa91b9b32953a4394cd0d2bfbfadf81e5ab22a875fa68d7ef3f8756f594b001e
AKAW18NativeMomentsConsumer	LeanCode/Internal/PhysicalAnalysis/AKAW18NativeMomentsConsumer.lean	ba44c531d384b35bcda381fba2084e55a4932d3063646a22e45d9d631c565c7f
AKAW19ActualFamilyNativeMoments	LeanCode/Internal/PhysicalAnalysis/AKAW19ActualFamilyNativeMoments.lean	08cf7ab5b929596bf520d5b6fdf8d1694914f4e5603b22ae2a5e46178a8ff434
AKAW20ActualSourceNativeMoments	LeanCode/Internal/PhysicalAnalysis/AKAW20ActualSourceNativeMoments.lean	d9df696c60036dc592f02e8ae9cb10dd890cff5c8d2fa66de871bcb4102b4466
AKBF1NativeCovariantXiBounds	LeanCode/Internal/PhysicalAnalysis/AKBF1NativeCovariantXiBounds.lean	d657eba721d1c661634749d20794b818b270b17377ebbf7e1e474f0462d300ad
AKBF2ActualInsertedOutputEnergy	LeanCode/Internal/PhysicalAnalysis/AKBF2ActualInsertedOutputEnergy.lean	78262f845a52e2f367aa5c2973e1cea3b1415e4a6e8f3199b40844b8a817b146
AKBF3ActualGlobalOutputEnergy	LeanCode/Internal/PhysicalAnalysis/AKBF3ActualGlobalOutputEnergy.lean	4dc454d6d47eb28aa055a5a40dca1494f372f19e4c774392a8240dcf1f9f40fc
AKBF4SameCovariantXiNativeMoments	LeanCode/Internal/PhysicalAnalysis/AKBF4SameCovariantXiNativeMoments.lean	ef771b4c03ca3882df52728b80fc07c6215162a397f4b194af903fcda87be0cc
AKBF9OriginalNativeMomentData	LeanCode/Internal/PhysicalAnalysis/AKBF9OriginalNativeMomentData.lean	f552205caa1ae7a0897f7903fd2293c2d8ddc371b51c4223b05ae2f88eac61dc
AKBF10ActualSameNativeMomentData	LeanCode/Internal/PhysicalAnalysis/AKBF10ActualSameNativeMomentData.lean	a9bb5920a7f85bf8d5a0aa9e0286e1025c2390dc9c8448a611df4357857ec792
AKBF12SameScaledStartupFields	LeanCode/Internal/PhysicalAnalysis/AKBF12SameScaledStartupFields.lean	6705e749ac0bbc38158fa0e2e771990dcbf6933ff1fdccdda3f4f064fa59a55e
AKBF11ActualCoefficientOutputMoments	LeanCode/Internal/PhysicalAnalysis/AKBF11ActualCoefficientOutputMoments.lean	d6cb70f8850b2cae5fb7c8da1f5f4b72b825d37f2687d4f8a2501bcfcd5bebee
AKBF13ActualOriginalSourceStartupMoments	LeanCode/Internal/PhysicalAnalysis/AKBF13ActualOriginalSourceStartupMoments.lean	b4a5eab9743a3a6500fe85d5e06c35c86bd58d3dcd54561c1f1fe73fd2448eab
AKBF14SameNativeXiMean	LeanCode/Internal/PhysicalAnalysis/AKBF14SameNativeXiMean.lean	97c62d0bb2a983102af58a1026bbb00cf1e0ae73b96a2f8fa92d8b7813a00dab
AKBH1GenericMomentMultiplier	LeanCode/Internal/PhysicalAnalysis/AKBH1GenericMomentMultiplier.lean	dce69016c3b3289240fb43b4a6c305761276cd0825fa174149173529f895f06b
AKBP19SameAxialMomentAction	LeanCode/Internal/PhysicalAnalysis/AKBP19SameAxialMomentAction.lean	d8b0f12147f5316df07bc4605e085ccb99b5152b6504affc9bdfc7ba02789617
AKBP20LiteralLowerOrderFlux	LeanCode/Internal/PhysicalAnalysis/AKBP20LiteralLowerOrderFlux.lean	a3c5902228775262fd88f8d4f16a4e1fad91140648681f8532c61fca3d1a6950
AKBP6FixedTensorRadialCovariance	LeanCode/Internal/PhysicalAnalysis/AKBP6FixedTensorRadialCovariance.lean	6c48564f92398cf2aad62b6248876f58afa918043e066e289e7467cdad00639e
AKBP7SameOriginalPhaseWeakTransfer	LeanCode/Internal/PhysicalAnalysis/AKBP7SameOriginalPhaseWeakTransfer.lean	1478108bcaa22e861ab1bfa88c648b02aac9493023e99ef9b01e8ddba995aca4
AKBP8SamePhaseDivDivEquation	LeanCode/Internal/PhysicalAnalysis/AKBP8SamePhaseDivDivEquation.lean	a1da6cec9fd7c9b775b442a908b31d9aeb4169cd404451c8a11c8e9ad176d9cd
AKBP21CoordinateDivDivAssembly	LeanCode/Internal/PhysicalAnalysis/AKBP21CoordinateDivDivAssembly.lean	73622e3f92a5c58c955cb78ca7a530c008133415b69d19846534a1db6ade98d2
AKBP22SameERCompactTensor	LeanCode/Internal/PhysicalAnalysis/AKBP22SameERCompactTensor.lean	3e44b7ec8b10b9ee258e6144b5cb0e2a23c1c397c209e376c9b5a21ffe324a0d
AKBP23ActualFirstRowsDivDiv	LeanCode/Internal/PhysicalAnalysis/AKBP23ActualFirstRowsDivDiv.lean	fab563709aae1a4f0cbf79735ce0222b23aae8614e856b94ec09af04915f2218
AKBP26SameRadialRemainderCovariance	LeanCode/Internal/PhysicalAnalysis/AKBP26SameRadialRemainderCovariance.lean	286edc014f8c609e5f10dc2fad2d9dc84a62d0de399c60e94c2699b31903111b
AKBP28NativeMomentAlgebra	LeanCode/Internal/PhysicalAnalysis/AKBP28NativeMomentAlgebra.lean	bdc12a3a8a8f3f2b01f02758104877b870137524682b67358e9b372aab8e93de
AKBP29NativeRemainderMomentPayments	LeanCode/Internal/PhysicalAnalysis/AKBP29NativeRemainderMomentPayments.lean	ef06fdda0f9bedc3ee87033d371b9d7f33052e62f3025e84df5b0b9a40cd031a
AKBP27SameWeakMeanFirstRows	LeanCode/Internal/PhysicalAnalysis/AKBP27SameWeakMeanFirstRows.lean	ae53b712ca50a830cacae9d721eb8fef54923aa56a8d3bfb2ab768f32b7493b4
AKBP30SameNativeERRows	LeanCode/Internal/PhysicalAnalysis/AKBP30SameNativeERRows.lean	3b085e08dd3bfbf0a8de82b53851d32dbb3ece2f7bb2d6fc75d6a75f0d8bfe2b
AKBP9SameCutoffDivDivEquation	LeanCode/Internal/PhysicalAnalysis/AKBP9SameCutoffDivDivEquation.lean	c9087c648fe9e557ec01e5ea8f737ca6809172136f2875e34ab84e3b8c2f29d4
AKBP10SameSpatialScalarActions	LeanCode/Internal/PhysicalAnalysis/AKBP10SameSpatialScalarActions.lean	09d6ee71d5a85149b07e69c41250935d349318aff7d9a0f7c3e2669bb7547d42
AKBP11ActualTensorCutoffCommutation	LeanCode/Internal/PhysicalAnalysis/AKBP11ActualTensorCutoffCommutation.lean	ecd1e30b65d273fd1347bc57eb48e329b71f72625f0b57fd77e7b1955f12b5ca
AKBP12LocalizedEquationSupport	LeanCode/Internal/PhysicalAnalysis/AKBP12LocalizedEquationSupport.lean	7b1cc042bfd291c103fda142377f091fe94143c7043387a4df9479769e58bbdd
AKBP13CompactEquationSmoothTests	LeanCode/Internal/PhysicalAnalysis/AKBP13CompactEquationSmoothTests.lean	b3dcc14f4008723ea71df39a704b77291c9525ba50cf870f12423f12ab9c5bc3
AKBP14WholePlaneDistributionPairings	LeanCode/Internal/PhysicalAnalysis/AKBP14WholePlaneDistributionPairings.lean	c0b6071d33d304279cc711b580eecc604145d07348a38d2653972124bd7fd811
AKBP15SameCompactDivDivDistribution	LeanCode/Internal/PhysicalAnalysis/AKBP15SameCompactDivDivDistribution.lean	754110055ee0e01861463c349d0472f37ace0a280c2abfe65878b07edcd95e42
AKBP16SameNestedCutoffTensor	LeanCode/Internal/PhysicalAnalysis/AKBP16SameNestedCutoffTensor.lean	80a414f58a88840ba15da481e4f4c058d93eda3026e57fe453ebe5e7f07cf2a2
AKBP17SameActualWeakTensorH1	LeanCode/Internal/PhysicalAnalysis/AKBP17SameActualWeakTensorH1.lean	b50aa0cf0c02cfb05e544df696a586fe831feb2d25ed052b06fc0485cef54576
AKBP18KnownFirstGraphRemainder	LeanCode/Internal/PhysicalAnalysis/AKBP18KnownFirstGraphRemainder.lean	c635d07f9b35335e96e6f7636c4fc55159c8ba302270dda6ab89e22ea32ee4c2
AKBP24KnownSourceTensorFirstGraph	LeanCode/Internal/PhysicalAnalysis/AKBP24KnownSourceTensorFirstGraph.lean	29dc88f89f81b32db6b97af50e8d00a4a8902997e293e2dbc912c63877dbd046
AKBP25SamePhaseTensorResolvent	LeanCode/Internal/PhysicalAnalysis/AKBP25SamePhaseTensorResolvent.lean	3181535f96848a24aeaf2a60b6e727d743514907d7ac9abeda2366130c41ab0d
AKBP31SameNativeRowsH1	LeanCode/Internal/PhysicalAnalysis/AKBP31SameNativeRowsH1.lean	d2034cc97bb338d1e7a63be95bc21dca286c3ab0797075619b8343df1abf512f
AKBP32OriginalB10NativeStartup	LeanCode/Internal/PhysicalAnalysis/AKBP32OriginalB10NativeStartup.lean	ba135ad72e51fb147b85c896f5ef6c336a95711d2904c1c9603c5c07af544e5a
AKBW1CoupledTensorResolvent	LeanCode/Internal/PhysicalAnalysis/AKBW1CoupledTensorResolvent.lean	d73980d082a95dcb6ddf8ed65ea998d9c702cad3f064e7d7dbd8ec63fba96a7a
MixingInterface	LeanCode/Internal/FunctionalAnalysis/MixingInterface.lean	78a25fab25098ef6ccfad51f6ac3fa837ce8057506e639c7d3fbecc151e51aa4
TensorActionInterface	LeanCode/Internal/FunctionalAnalysis/TensorActionInterface.lean	a853061bcff39ee31b19ad6e5447362170699a69f0bb563c8a113f655e065841
TensorLinearInterface	LeanCode/Internal/FunctionalAnalysis/TensorLinearInterface.lean	5333620fdc696c032d3aabc269b0af2c503e69b5e465c9c6f5555da03a6cd150
TensorLinearMap	LeanCode/Internal/FunctionalAnalysis/TensorLinearMap.lean	df9e9878f80a43fa234117e74f9fd36dd7aa50c3640e846bb78b8dfdc51e1f92
TensorLiftInterface	LeanCode/Internal/FunctionalAnalysis/TensorLiftInterface.lean	202d3e710ba2867bed0347851440c71bc0c52dba63666d348a2d8c4b20289e2b
MixingNorm	LeanCode/Internal/FunctionalAnalysis/MixingNorm.lean	c8dc932f10c59b1f17ca18507a22922f5a5f91c11e491fd1da02ce94bfc7e867
TensorCoefficientsProof	LeanCode/Internal/FunctionalAnalysis/TensorCoefficientsProof.lean	bff7c682b2514cf0b3ccfab936d02928a2d1b2cc2464300b1bec761bd0678741
OC1RowOrthogonality	LeanCode/Internal/FunctionalAnalysis/OC1RowOrthogonality.lean	04bff981a659cebf5251a02e6ab67f1ef0ae22b33d123c834189adee6edd0238
TensorActionNorm	LeanCode/Internal/FunctionalAnalysis/TensorActionNorm.lean	06eb33766c0386700c48f16d7fd5ed4d938a505bf6cd6b1f83e619882a5ebfa5
TensorCompositionInterface	LeanCode/Internal/FunctionalAnalysis/TensorCompositionInterface.lean	74ffd844cf9fc65c0f0e48cf0e7da25a57043864b1d2ee52023960675ff15ac5
TensorCoefficientsCompositionInterface	LeanCode/Internal/FunctionalAnalysis/TensorCoefficientsCompositionInterface.lean	4c8ec9cbc51a4bb7145f3aa42d18f39c6cf6a78c5dad027e65d47236904a26e4
TensorCoefficientsCompositionProof	LeanCode/Internal/FunctionalAnalysis/TensorCoefficientsCompositionProof.lean	d4b45f21dce04de8925f8ee284e609c5f25bd6945d01dcb687065922ccf9acd5
TensorCompositionProof	LeanCode/Internal/FunctionalAnalysis/TensorCompositionProof.lean	fe769a5fd74a0261e74e7e769b2666fb51d6e421744bc66a7e7b799b4b4004fb
TensorEquivalenceInterface	LeanCode/Internal/FunctionalAnalysis/TensorEquivalenceInterface.lean	bc13c10ae92e33a66e3154975e76aedd79fba094cf6e6a726eb15194fbed7abe
TensorIdentityInterface	LeanCode/Internal/FunctionalAnalysis/TensorIdentityInterface.lean	4671be15db7120ecf71acede8fea3dc7cbf1236fe0cecb61bc698fe91dfc58c6
TensorCoefficientsIdentityInterface	LeanCode/Internal/FunctionalAnalysis/TensorCoefficientsIdentityInterface.lean	80988adcb5f74a860ed3e1df2a169643bef4e368e43a2b20907fd96931585166
TensorCoefficientsIdentityProof	LeanCode/Internal/FunctionalAnalysis/TensorCoefficientsIdentityProof.lean	c4d3b4304319923f0b646317df34a52b2087bf708f75885a689a4c3fd662f88e
TensorIdentityProof	LeanCode/Internal/FunctionalAnalysis/TensorIdentityProof.lean	f0a39fe29acbdd4a0d524cbec57a90ac7ad7e4c3a6da8882596f62d60ba8c09d
TensorEquivalenceProof	LeanCode/Internal/FunctionalAnalysis/TensorEquivalenceProof.lean	cafab6e4749266f5c54074ece96be0b2629bf3f3692caf819b8f392ff04d9381
TensorPullbackInterface	LeanCode/Internal/FunctionalAnalysis/TensorPullbackInterface.lean	8e217f14024fb06f0847b8591fc6b7f816ee32e2e0720e262104f96c03195dc3
TP1PullbackCommutation	LeanCode/Internal/FunctionalAnalysis/TP1PullbackCommutation.lean	bace14488daf2e34c92abf0a1e2ace519aa0b0188c2a838f45670322f78716f4
TensorLiftProof	LeanCode/Internal/FunctionalAnalysis/TensorLiftProof.lean	1034837a2aa3e94d4aa293be1783a1aade170509283280c1eac3ddbbcae0eda0
TensorLiftProofConsumer	LeanCode/Internal/FunctionalAnalysis/TensorLiftProofConsumer.lean	4226613e7e837ed727d3406736d885ea2c4ec3df5cb00db415cdd71428938b74
WC2Interface	LeanCode/Internal/FunctionalAnalysis/WC2Interface.lean	4070e88391a99d4e2d8d3e72a6a2a2febf72507734339c06a35fcdf7bbeeca42
WC2Proof	LeanCode/Internal/FunctionalAnalysis/WC2Proof.lean	4bf899d8faa2526604c9941802e0a233aeae444963ea743f8cf3324115cefb88
WC2ProofConsumer	LeanCode/Internal/FunctionalAnalysis/WC2ProofConsumer.lean	f114995e6456bb4ef0a0ec8ce7a08e26a4c7e1d6c66681e0b04e0b63a436c165
GTInterface	LeanCode/Internal/FunctionalAnalysis/GTInterface.lean	9604c143547f43e13d1b710f3dd6ccfb25ea5ca92bdede11ae00737dc265cb16
GTProof	LeanCode/Internal/FunctionalAnalysis/GTProof.lean	2910e8ff5726f106e48ddd3d7a2de22adef8e9ca5373c8e0d5445b27a7250d11
AKBW2OrderedCovectorH1Action	LeanCode/Internal/PhysicalAnalysis/AKBW2OrderedCovectorH1Action.lean	ec79865db117e2f0f35ff487f76ebf18598e70477e4d021c181b10f9992ca63d
TL2Interface	LeanCode/Internal/FunctionalAnalysis/TL2Interface.lean	19e62f3cc511bedd7c6839946edc783d21282739161f920817f5044271572e5c
TL2Proof	LeanCode/Internal/FunctionalAnalysis/TL2Proof.lean	6d2c34a50cd296dabe3be535f5accd3b0122ac0863cedc09af68c93aa80400de
DP1DomainPullback	LeanCode/Internal/FunctionalAnalysis/DP1DomainPullback.lean	d1ddf343f5ea8c429a0c869568f84f2df12d70887b07bedc1a688f38c475893f
GTFields	LeanCode/Internal/FunctionalAnalysis/GTFields.lean	4142370a023c6180255aabe11a0b251b676cfbfe454c2c09e970881918dafb18
AKBW3FiniteTensorValueIdentification	LeanCode/Internal/PhysicalAnalysis/AKBW3FiniteTensorValueIdentification.lean	19a5cabcad35557a3e29fba4da829a130d6e85133bfd88b6a505644ee137f000
AKBW4TensorFieldIdentification	LeanCode/Internal/PhysicalAnalysis/AKBW4TensorFieldIdentification.lean	103ef607227c15947809113021ab0d442acbc8762a09580db2d4ef61cc4bf02a
AKBW5TensorWeakDerivativeIdentification	LeanCode/Internal/PhysicalAnalysis/AKBW5TensorWeakDerivativeIdentification.lean	dc03420df6e543aefa7ee5879f47f1eda0cfc0672fcfa610c70effbc99fcc122
AKBW6TensorFirstGraphIdentification	LeanCode/Internal/PhysicalAnalysis/AKBW6TensorFirstGraphIdentification.lean	f48ca2544666fdc3f2ce44f844a6041bdf35c5d60d2c111073d5c0b1572265e1
AKBW7TensorFirstGraphEquivalence	LeanCode/Internal/PhysicalAnalysis/AKBW7TensorFirstGraphEquivalence.lean	6c9f0e5ce61230eee71f79bdec04ddff97ec10ffadbe37704d8acddbec2e1409
AKBW8FixedCovectorCoefficient	LeanCode/Internal/PhysicalAnalysis/AKBW8FixedCovectorCoefficient.lean	0d00c9b87e6630aa076e93776220606d0ca693216b80e799acdec365162676c7
AKBW9CovectorCoefficientContinuity	LeanCode/Internal/PhysicalAnalysis/AKBW9CovectorCoefficientContinuity.lean	6e5e061bcd3b08190c2952f21d1ea4d8428b185e12d0b1773aa5c2012a18a4be
AKBW10FixedTensorGraphBounds	LeanCode/Internal/PhysicalAnalysis/AKBW10FixedTensorGraphBounds.lean	a0304e4313dc6a63f7dfdd18bc1a2d4e2664c41a6701bd14db436c34894b3157
AKBW11UniformRankOperatorAlgebra	LeanCode/Internal/PhysicalAnalysis/AKBW11UniformRankOperatorAlgebra.lean	e8dbaf4c8feababca7a7f39243985634f5c821ba7e006214ea9d23f949cccf5b
AKBW12UniformFixedRankKernel	LeanCode/Internal/PhysicalAnalysis/AKBW12UniformFixedRankKernel.lean	a7ab6d96bd5942647eb0494f3d6be167b928bcdd50765320fe5468cae835a177
AKBW13FullMatrixRankLift	LeanCode/Internal/PhysicalAnalysis/AKBW13FullMatrixRankLift.lean	838426dade9776941d2175ed9836df64875d78a88680becf1905f589d661d526
AKBW14OriginalFixedRankOperators	LeanCode/Internal/PhysicalAnalysis/AKBW14OriginalFixedRankOperators.lean	e8c6045b2b690b38075ef8211d8e616ef1eb25107fc13659682a08b8ea5069da
AKBW15OriginalCurrentRankOperators	LeanCode/Internal/PhysicalAnalysis/AKBW15OriginalCurrentRankOperators.lean	f669629616f2df373d9c5afc0d6c247cc0a2cb075b30a9063cbf1af6c0a195f3
AKBW16OriginalPrincipalRankTensor	LeanCode/Internal/PhysicalAnalysis/AKBW16OriginalPrincipalRankTensor.lean	ad872e73ea1375799973c359d67f066e57833fb9af912dbbd8739331fb307bfb
AKBW17ActualUniformRankMatrixBounds	LeanCode/Internal/PhysicalAnalysis/AKBW17ActualUniformRankMatrixBounds.lean	3327fb70f7ef947b8c0995354320d6b078926e55f9e592f6c5dcc6f6478be87c
AKBW18ActualUniformRankRows	LeanCode/Internal/PhysicalAnalysis/AKBW18ActualUniformRankRows.lean	fa4ac1c86565d33dae76085d836cf494422676ccf65f0c42ee46fd311c25757d
AKBW19ActualUniformRankTensorBudget	LeanCode/Internal/PhysicalAnalysis/AKBW19ActualUniformRankTensorBudget.lean	40305ce9be2089f5bf860657035a5c375de0abfc72d03e85bee0ea6d1ba2fd64
AKBW20OriginalB10AllRankTensor	LeanCode/Internal/PhysicalAnalysis/AKBW20OriginalB10AllRankTensor.lean	72ec7d829d0b24bac29a89819be0eeba63a6c6d3dfcb5e16d75a4b893026737b
AKCG2CoupledRankLocalization	LeanCode/Internal/PhysicalAnalysis/AKCG2CoupledRankLocalization.lean	70862a6e8315862dbae8aa72ed8467af537b79ae2473f3a257497600452a08a3
AKCG3CoupledRankSecondResolvent	LeanCode/Internal/PhysicalAnalysis/AKCG3CoupledRankSecondResolvent.lean	da623e8ab2081f376acd9174b3ab7794b61748799239fc2305d9f2d4a50c0bce
AKBQ1SameScaledFrame	LeanCode/Internal/PhysicalAnalysis/AKBQ1SameScaledFrame.lean	1c48bfbfbbf0e527e45fbf7b88f20ed5ffe943b1762884fddd7a99bb542fc0f5
AKBQ2SameScaledGaugeMatrix	LeanCode/Internal/PhysicalAnalysis/AKBQ2SameScaledGaugeMatrix.lean	c9ddc4b68fccd8571560dee54bc9d9e6940f7b39f534689f343d8b438d0934e7
AKBQ3SameMatrixActionAlgebra	LeanCode/Internal/PhysicalAnalysis/AKBQ3SameMatrixActionAlgebra.lean	4a266bf2a7c66d76dc5229a89902bb39c8fb35d2d54c09abddad6a1b01483bbd
AKBC8SameActualForceChart	LeanCode/Internal/PhysicalAnalysis/AKBC8SameActualForceChart.lean	deaf8295c09fe6fa4a751f856fc4a9f236fbeb7897d597ad63a7e381e8995215
AKBC9SameForceInverseRecovery	LeanCode/Internal/PhysicalAnalysis/AKBC9SameForceInverseRecovery.lean	6c2ab444a85b091e79e2a232bef2a439ac7834cc9e10e9d0be9e0cb78c70b4c3
AKBC10SameMassInverseRecovery	LeanCode/Internal/PhysicalAnalysis/AKBC10SameMassInverseRecovery.lean	386f39da13d5ad10cacd32a689c836d0becbfd4602e0ad52b2e3c636b579caf5
AKBC11OriginalPoloidalMean	LeanCode/Internal/PhysicalAnalysis/AKBC11OriginalPoloidalMean.lean	c9a6f106d8a36721b1e8d19310813b228a3d60b92e67d7709314561e5fd75def
AKBC12OriginalDomainGaugeMeans	LeanCode/Internal/PhysicalAnalysis/AKBC12OriginalDomainGaugeMeans.lean	8422d8397641a1c8715f348c7fc5b586b5efc112af2d0d69dbf221868c45c107
AKBC13ActualGaugeFourierProduct	LeanCode/Internal/PhysicalAnalysis/AKBC13ActualGaugeFourierProduct.lean	eabfd0bc5d46e7670353538b2eff1adeebcbce928c244855276db33eeef8644a
AKBC14ActualGaugeCoordinateMeans	LeanCode/Internal/PhysicalAnalysis/AKBC14ActualGaugeCoordinateMeans.lean	db5a91ea107e30300e9c1893cbfe18d1318b8219fef7ee9daee506f33b12a1ca
AKBC15LiteralGaugeCovectorPairing	LeanCode/Internal/PhysicalAnalysis/AKBC15LiteralGaugeCovectorPairing.lean	395865a01ada3833f553e1e3baf06cc52303099775325cd1fc78162a4a3b1edd
AKBC16OriginalGaugeStorageFidelity	LeanCode/Internal/PhysicalAnalysis/AKBC16OriginalGaugeStorageFidelity.lean	22d1d76972e5ebcb18efefbd57f5fc3461f8772c0da13bc4dba1752e54ac4000
AKBC17SameTotalGaugeProduct	LeanCode/Internal/PhysicalAnalysis/AKBC17SameTotalGaugeProduct.lean	dfebd1973fcf7852f2e6327872d56d8f76f5cdfde627a27de54bd867251a98e5
AKBC18GaugeMeanFourierVanishing	LeanCode/Internal/PhysicalAnalysis/AKBC18GaugeMeanFourierVanishing.lean	93b198955b91b5474ec5be50b3a6b72d89e5ae33742af4db744e2e58ba00cccb
AKBC19OriginalDomainAnnularGauges	LeanCode/Internal/PhysicalAnalysis/AKBC19OriginalDomainAnnularGauges.lean	413ea8ff2487edd26001f58ffeed2b26ec1ec99940fe8c91b29212464fa11e2d
AKBC20OriginalHomogeneousFirstIdentity	LeanCode/Internal/PhysicalAnalysis/AKBC20OriginalHomogeneousFirstIdentity.lean	37d836ecc2a2d71617a05cf34bed76a18221c12ba73972d76653d23f1193fbc7
AKBC21OriginalAxialProductRule	LeanCode/Internal/PhysicalAnalysis/AKBC21OriginalAxialProductRule.lean	8776506e602803c65548677c8ef27ea78276c42d575c291c7eb8006cb9a0a137
AKU38ActualAxisProductZeros	LeanCode/Internal/PhysicalAnalysis/AKU38ActualAxisProductZeros.lean	88a0a801535c650ebe5330fb490b0290e4027c396475040e9ef0c553864ad78e
AKU39CurrentForceTaylorLocality	LeanCode/Internal/PhysicalAnalysis/AKU39CurrentForceTaylorLocality.lean	9c03307fda8bf864404a6a2ee4be4dbfa9d429ffb1e6362d53cb5030b39835dd
AKU40ActualCurrentForceTaylor	LeanCode/Internal/PhysicalAnalysis/AKU40ActualCurrentForceTaylor.lean	a4973048e843bc7b42271735915420b94901f44ad9749ac47cba9e2144cf4fec
AKU41ActualAxisCurrentProducts	LeanCode/Internal/PhysicalAnalysis/AKU41ActualAxisCurrentProducts.lean	7a51cab37293f4c2414a462deb457d0f925e2759e02c01bceb5c5372502daf97
AKU42ExactQuadraticForceProducts	LeanCode/Internal/PhysicalAnalysis/AKU42ExactQuadraticForceProducts.lean	db902a8e9d11d2dad67967043a7fb8ed6469db18fac377329a8f2647dc27acd8
AKU45ActualScalarLiftTaylor	LeanCode/Internal/PhysicalAnalysis/AKU45ActualScalarLiftTaylor.lean	b877ef3afd8e175f78dc6325e5f0f2d8835d76ef0ef2572b7c1ba917e10cac13
AKU46ActualScalarAndFiniteForce	LeanCode/Internal/PhysicalAnalysis/AKU46ActualScalarAndFiniteForce.lean	f4e9acc5aab1ce5da9b58ff9dc2bd333abe3caa980854807d4763a95a575b5de
AKU43SameFullAxisCovector	LeanCode/Internal/PhysicalAnalysis/AKU43SameFullAxisCovector.lean	6bea48c25a2db0dd279c8501c90c406af858b9f18099d74d28c18b90fe047ea9
AKU44ActualLiftCovectorRecovery	LeanCode/Internal/PhysicalAnalysis/AKU44ActualLiftCovectorRecovery.lean	281d1877cbd6661cb31b58094ce3e67639aa1d598e493b2817b94e215080e6f5
AKU49ActualAxialCorrectionOrder	LeanCode/Internal/PhysicalAnalysis/AKU49ActualAxialCorrectionOrder.lean	0ca13b3e949708fbf491cf12abaa1ebf7e8724fe604a7de40a0b4c5563e46904
AKBC22OriginalCoreCommutations	LeanCode/Internal/PhysicalAnalysis/AKBC22OriginalCoreCommutations.lean	662071cb3a1f76fcff7cb6e9dce9f5b1a16332f34da31b0218d037b0f6597886
AKBC23OriginalHomogeneousThirdIdentity	LeanCode/Internal/PhysicalAnalysis/AKBC23OriginalHomogeneousThirdIdentity.lean	7a05d17e5eff6f861c74466709515d89093bc3de6b8e9502a9d25dae06c99829
AKBC24OriginalAxialFrameColumn	LeanCode/Internal/PhysicalAnalysis/AKBC24OriginalAxialFrameColumn.lean	e46e87f7910e030c5083b8783ae85716a76b17514e077717500b4d4b1fac0798
AKBC25OriginalNegativeCircleIdentification	LeanCode/Internal/PhysicalAnalysis/AKBC25OriginalNegativeCircleIdentification.lean	3cfe47c04de7dd939d88403650bae5a0e0851feb19c7810025730ca6b047fbd4
AKBC26SameCovariantCircleCoordinates	LeanCode/Internal/PhysicalAnalysis/AKBC26SameCovariantCircleCoordinates.lean	5617d9245d3765aa130215c1877ab78d86307b17f2ff451d2b831517c2e3e587
AKBC27SameActualCartesianCircle	LeanCode/Internal/PhysicalAnalysis/AKBC27SameActualCartesianCircle.lean	adf5e995d1ad3c1034e12c32fb05cc520444a50351cfa4161bb6210cd5e4665c
AKBC28SameNegativeForceProduct	LeanCode/Internal/PhysicalAnalysis/AKBC28SameNegativeForceProduct.lean	38741c40e3d8069780962d1a25828c49defdc238c8b95a0e483a458cbb0c5871
AKBC29OriginalCoreFrameColumns	LeanCode/Internal/PhysicalAnalysis/AKBC29OriginalCoreFrameColumns.lean	0dcc65500313234f544873768b8d27017026cd4a68d078b2ce382261341ea994
AKBC30OriginalCovariantCoreProduct	LeanCode/Internal/PhysicalAnalysis/AKBC30OriginalCovariantCoreProduct.lean	0ce57f3cdc33c05c025b3acb9b66ff94bb941ec9dd9b2a2eb7907c31bc47c7a0
AKBC31SameFrameCircleCore	LeanCode/Internal/PhysicalAnalysis/AKBC31SameFrameCircleCore.lean	fd75f600cca9f578b994579d7af4258bba88e2aae933ee3058548bc063983159
AKBC32SameLiteralForceCircle	LeanCode/Internal/PhysicalAnalysis/AKBC32SameLiteralForceCircle.lean	7b649589acf26762800f40e7da3bdb78b48a238014c2c4827db8afcbf6b0063b
AKBC33NegativeCircleLinearAlgebra	LeanCode/Internal/PhysicalAnalysis/AKBC33NegativeCircleLinearAlgebra.lean	faa401b5bcc3a800ea8bfbd83aba4f592174535c52f9efe186bad95699144913
AKBC34ActualHomogeneousNegativeFirst	LeanCode/Internal/PhysicalAnalysis/AKBC34ActualHomogeneousNegativeFirst.lean	52a5040275853da81f639b21c13fab63ad90ba9e9b1a02af2d481e640d9d54f2
AKBC35OriginalCircleCoreAlgebra	LeanCode/Internal/PhysicalAnalysis/AKBC35OriginalCircleCoreAlgebra.lean	90186a1ca8d73764598c71773da03c7d6f146db38ab0921661de0d1a7a002c71
AKBC36ActualAxialCovariantCore	LeanCode/Internal/PhysicalAnalysis/AKBC36ActualAxialCovariantCore.lean	e90039649fa59b3341ad953d613da396bf338d72ea26d6c2d53ee9f241564760
AKBC37SameOriginalNegativeAxialTrace	LeanCode/Internal/PhysicalAnalysis/AKBC37SameOriginalNegativeAxialTrace.lean	acc45b66328ea1063419dfe32c57c3394328a4531cbdebdae8b2f704cd772a96
AKBC38ActualHomogeneousNegativeThird	LeanCode/Internal/PhysicalAnalysis/AKBC38ActualHomogeneousNegativeThird.lean	21e4b2a84d024412ace18a105f567ac1c771347fc8990dfdb1beb738c7953530
AKBC39SameNegativeCurveActions	LeanCode/Internal/PhysicalAnalysis/AKBC39SameNegativeCurveActions.lean	10ea26c04541889862dae5c95b5ff7126fd1b0aadacafb9ea8d6d868163d39ae
AKBL12NativeGaugePhysicalCellMeans	LeanCode/Internal/PhysicalAnalysis/AKBL12NativeGaugePhysicalCellMeans.lean	dca807d12da9b51687b35592b83ccb6fd2ef283a9c5d7092a42b050363697dc9
AKBL13SameCovariantNativeGauge	LeanCode/Internal/PhysicalAnalysis/AKBL13SameCovariantNativeGauge.lean	4aa8a54339795540dc1899f699d1db40c6bdb3218205952445d534dafe3fc9aa
AKBL14OriginalPacketGaugeConsumer	LeanCode/Internal/PhysicalAnalysis/AKBL14OriginalPacketGaugeConsumer.lean	6e5d24d45d0a4bdf0dd77f709767e99ec001f4c680c00d0d7464d2af85ef61fb
AKBL7OriginalPolarMeanToRoughOrbit	LeanCode/Internal/PhysicalAnalysis/AKBL7OriginalPolarMeanToRoughOrbit.lean	4e9747e50004cb0cdf82e7a13767ebe7a150d0760740e69c598efc3259957ea6
AKBQ4SameNativeGaugeProduct	LeanCode/Internal/PhysicalAnalysis/AKBQ4SameNativeGaugeProduct.lean	7458fc8f6313125f38c11203257035a411f3c4456d73b7c929dbe064d410522d
AKBQ5SameRawGaugeRows	LeanCode/Internal/PhysicalAnalysis/AKBQ5SameRawGaugeRows.lean	c86a0b2dbd89e37c86d02900815bc837de509f4391e16ebd0cdd1e60aa4a1112
AKBQ6SameGaugeFourierMeans	LeanCode/Internal/PhysicalAnalysis/AKBQ6SameGaugeFourierMeans.lean	3a9e2facb9cfacb07df54d7b8e0702ea84a11ace11faf138f62a150130628820
AKBQ7OriginalPacketScaledGaugeMeans	LeanCode/Internal/PhysicalAnalysis/AKBQ7OriginalPacketScaledGaugeMeans.lean	64c4031bbf46b216cdd8d0a0d1bd44dae4b91de3dac6c95209423c5eea91f018
AKBE17PuncturedRadialTranspose	LeanCode/Internal/PhysicalAnalysis/AKBE17PuncturedRadialTranspose.lean	91edde1f5ca960620d2094ea5c81ee2b04ff06994149a1836ec6bb0b5408150d
AKBE18PuncturedPolarProjector	LeanCode/Internal/PhysicalAnalysis/AKBE18PuncturedPolarProjector.lean	82594c717602ddfa58f3de10554d495e7ae2f12b8dfdd69b0dbdbacf5ddd59ee
AKBE19ProjectedClassicalAxisConsumer	LeanCode/Internal/PhysicalAnalysis/AKBE19ProjectedClassicalAxisConsumer.lean	9e641dbdfda7044720e8073e10fd5a8ae6fe0a056ecb148e21e3a7166cef6121
AKBE20OriginalPlanarForceFlux	LeanCode/Internal/PhysicalAnalysis/AKBE20OriginalPlanarForceFlux.lean	05f9165ed47512905d1d55b3b0c2ec4cd4ebf14bde006632199c6c3a31c3dc65
AKBE21RadialProjectionAxialCell	LeanCode/Internal/PhysicalAnalysis/AKBE21RadialProjectionAxialCell.lean	6eed59efe3912df944255601fe80f2b024d3e885cf6ccb5f35b783dfa7f3bc4f
AKBK1SameGlobalCellDerivatives	LeanCode/Internal/PhysicalAnalysis/AKBK1SameGlobalCellDerivatives.lean	c52c67090f5a390eb081b6354002a0aeee41c196477462c47510f52e5a212e1d
AKBQ8SameScaledNativeGluing	LeanCode/Internal/PhysicalAnalysis/AKBQ8SameScaledNativeGluing.lean	3d0d2fc5df9bf7e303abe4e3d266210cc1ccef8e11816b0ce7a1c62f9d4e668f
AKBQ9ActualObservedNativeGauges	LeanCode/Internal/PhysicalAnalysis/AKBQ9ActualObservedNativeGauges.lean	22d25a11c5edd42c1fd0f353327f0ee70877f4251247bccdc14318571642031c
AKBK2SameLocalCellDerivatives	LeanCode/Internal/PhysicalAnalysis/AKBK2SameLocalCellDerivatives.lean	36a69f1b2edcfa4e80b98ad806105dafb531c682fa5814f911e6072d430b0fcc
AKBH2SameInverseWeightMoments	LeanCode/Internal/PhysicalAnalysis/AKBH2SameInverseWeightMoments.lean	6c3109ea4860084436d8e6e4021b0b8298de20455e96d88b074624d14de1a681
AKBH3SameLiteralForceMatrix	LeanCode/Internal/PhysicalAnalysis/AKBH3SameLiteralForceMatrix.lean	288ff25a7d4c1a91378ce2e16a7f2134f6f5c0ac2cb0e514ed94980309caf1f8
AKBH4NativeForceCurveBound	LeanCode/Internal/PhysicalAnalysis/AKBH4NativeForceCurveBound.lean	6207d0b8eb786f5c96e3e08d5251a2caf0cf34f5fa2155c7c9602b941b9d4586
AKBH5ActualFullForceNativeMoments	LeanCode/Internal/PhysicalAnalysis/AKBH5ActualFullForceNativeMoments.lean	1b08d752b4f6d71bf689e407f6bddbf053973d74e917a876ded07e0c8b1a35a9
AKBH6LiteralForceNormalization	LeanCode/Internal/PhysicalAnalysis/AKBH6LiteralForceNormalization.lean	c3ae693d31671a5b50a3ea02b49a81b4c0019d1634de269ef452355874481d66
AKBH7ActualForceCorrectionMoments	LeanCode/Internal/PhysicalAnalysis/AKBH7ActualForceCorrectionMoments.lean	12884167688b23b0e041e3a9627256d5c45b6151bc229a7a644a261f3e9018d5
AKBH8LiteralForceCellFidelity	LeanCode/Internal/PhysicalAnalysis/AKBH8LiteralForceCellFidelity.lean	1cbb958aadea22294bcfb6316106f6a6e99d1281e9088f3029e2f12d5f63f021
AKBH9SameOriginalForceCellConsumer	LeanCode/Internal/PhysicalAnalysis/AKBH9SameOriginalForceCellConsumer.lean	541f48950f3b1042b5974e71c101c55b7db3efc27116fb389a944e0bb603227d
AKBK3SameNativeCovariantDerivatives	LeanCode/Internal/PhysicalAnalysis/AKBK3SameNativeCovariantDerivatives.lean	d431e683968c1f7c64c0195b7519383fc90b7e6f87f9230e8109e99300300371
AKBK4LiteralForceCellAlgebra	LeanCode/Internal/PhysicalAnalysis/AKBK4LiteralForceCellAlgebra.lean	b98b78d9e310a4c6f479c8b77c166e19c7cfe2a9034ec7dbcf1c653a8a7d27a0
AKBJ1SameObservedCartesianXi	LeanCode/Internal/PhysicalAnalysis/AKBJ1SameObservedCartesianXi.lean	134e73d2f9536b3f3435d02f6439b6b819ede0bae87370e063c207fbf68cbd63
AKBJ2SameScalarCellMean	LeanCode/Internal/PhysicalAnalysis/AKBJ2SameScalarCellMean.lean	95be5be5317b6c6b5c217ba9e965c018b0a6922cfbe4768f616a7d3ab3a65b7b
AKBJ3SameGlobalXiFidelityAndMean	LeanCode/Internal/PhysicalAnalysis/AKBJ3SameGlobalXiFidelityAndMean.lean	ea1aee293d9e8b6af2fd0cb7d9dc0847128770e1b6896cd3d9ed91118e0ba0a7
AKBJ4SameXiCartesianCellDerivatives	LeanCode/Internal/PhysicalAnalysis/AKBJ4SameXiCartesianCellDerivatives.lean	836db9d0199b3d845bf63fe6ac7c29b4fbb9861ff33293c8cc90ac96fec2807e
AKBK5SameNativeGlobalForceFields	LeanCode/Internal/PhysicalAnalysis/AKBK5SameNativeGlobalForceFields.lean	529ede55fcb8fb9c42dc6ec03402bcc1372c14234e6e083387ea68dd5775400c
AKBQ10ActualScaledNativeGaugeFamily	LeanCode/Internal/PhysicalAnalysis/AKBQ10ActualScaledNativeGaugeFamily.lean	831d76de08fd93e81d9560d16760f126821cf3f456a7fee39bbbf5f170265017
AKBT1NativeScaledWeightedRepresentative	LeanCode/Internal/PhysicalAnalysis/AKBT1NativeScaledWeightedRepresentative.lean	4c3192601a0c692c8b82d66f0d4f8fcb6408d3845cc30f1243f0123d64d87dce
AKBK7OriginalForceAngularContinuity	LeanCode/Internal/PhysicalAnalysis/AKBK7OriginalForceAngularContinuity.lean	5e8860a1903f755238019193a6d69a13ad80457d21f9ee3d9c537fd277e03b26
AKBK8NativeForceMatrixCells	LeanCode/Internal/PhysicalAnalysis/AKBK8NativeForceMatrixCells.lean	d6d6508e698265aa0a965879c81bf255efce9dcf1cb668c05772bab4487d8471
AKBK18NativePuncturedCellSmoothness	LeanCode/Internal/PhysicalAnalysis/AKBK18NativePuncturedCellSmoothness.lean	58d991b12fd8340e9cf57ea838d3dfad1bc9f8ea70b77608ca3f0cf16ff9a476
AKBK6SameCellForceFlux	LeanCode/Internal/PhysicalAnalysis/AKBK6SameCellForceFlux.lean	2e121bb904390b6cfba0e3d9a6ac64711b1d802931db5e320f74115911aa8d44
AKBK9SameXiDerivativeAngularContinuity	LeanCode/Internal/PhysicalAnalysis/AKBK9SameXiDerivativeAngularContinuity.lean	ed4f25171492aff400b669becee3b3178369bad775919121083ca45c9dbb2d02
AKBK10SameOriginalForceFamily	LeanCode/Internal/PhysicalAnalysis/AKBK10SameOriginalForceFamily.lean	b3f87b5da269848caa28c2b4caa1c2418579e37754376f1b1c9903985cce2cef
AKBK11ActualPlanarForceCellFidelity	LeanCode/Internal/PhysicalAnalysis/AKBK11ActualPlanarForceCellFidelity.lean	0e2ef56e7b04a00f20d0bad4a6fdcff6643bd3f084b04b113ea88838d8bfcab4
AKBK12OriginalForceAngularContinuity	LeanCode/Internal/PhysicalAnalysis/AKBK12OriginalForceAngularContinuity.lean	4d73a609f533f6bd597a0f2ea81a35e21c1ab9163ef8ab08c55eed93e3b10d3f
AKBK13OriginalProjectedCellEquation	LeanCode/Internal/PhysicalAnalysis/AKBK13OriginalProjectedCellEquation.lean	057d2986852055810aa03e66b000d96aef1916f3947791f710796db2c002a392
AKBJ5OriginalSourceCartesianCells	LeanCode/Internal/PhysicalAnalysis/AKBJ5OriginalSourceCartesianCells.lean	76683f173eea26b3f51477accc651396755ea29d550dda749fbfd9925f213f0e
AKBK14OriginalPlanarSourceCells	LeanCode/Internal/PhysicalAnalysis/AKBK14OriginalPlanarSourceCells.lean	e945fa68fc5bbbe79daded23a9940f5125790a335aaaca4dc402d659cafdade8
AKBK15ActualProjectedPlanarEquation	LeanCode/Internal/PhysicalAnalysis/AKBK15ActualProjectedPlanarEquation.lean	3288c6a0396e025d6c5f2d391a04aad689b821e7caec2c083390f45ff40eb50a
AKBK19ActualForceCellsSmoothness	LeanCode/Internal/PhysicalAnalysis/AKBK19ActualForceCellsSmoothness.lean	a3a1b9aa4cd3d04c5366d635bacf244de7308fd5de62c5ff0b11c97e5f94f2e1
AKBK16LiteralCircleProjectionAlgebra	LeanCode/Internal/PhysicalAnalysis/AKBK16LiteralCircleProjectionAlgebra.lean	315fe2219ea0e1896cca99f4a39261e9804a5ffdc281ef6d18aeeda0d381606a
AKBK17OriginalForceFluxIntegrability	LeanCode/Internal/PhysicalAnalysis/AKBK17OriginalForceFluxIntegrability.lean	e54abad702594e277d5925ae9f65ab3bb8aa6808bd92f13d1d286ef3ed00bc67
AKBK20OriginalProjectedFluxEquation	LeanCode/Internal/PhysicalAnalysis/AKBK20OriginalProjectedFluxEquation.lean	dced5baa772224ccc6ef0721e01757311cfadd2a2c5bb8c07e16106a3a0f712b
AKBK21ActualClosedProjectedForceEquation	LeanCode/Internal/PhysicalAnalysis/AKBK21ActualClosedProjectedForceEquation.lean	bb7fae94a177b80e4f44fb8e0966f02e7acf1e74a4699187bf1ef22f2922b05f
AKBK22ActualForceCorrectionIntegrability	LeanCode/Internal/PhysicalAnalysis/AKBK22ActualForceCorrectionIntegrability.lean	75dfdce63ddabf9acddb18b788df528ee7e1c4da716c539b13cd9629d3f38531
AKBK23NativeProjectedForceThroughAxis	LeanCode/Internal/PhysicalAnalysis/AKBK23NativeProjectedForceThroughAxis.lean	2e8991c9e0b5fefaa529ee3cb15d7b3ad491d4b4d1bfe0d075e639714939320d
AKBK24ActualOriginalPlanarWeakEquation	LeanCode/Internal/PhysicalAnalysis/AKBK24ActualOriginalPlanarWeakEquation.lean	82dffc1bb56dabb09193f4f1bc7a86874223417c4702bb38c7208be22f54fd55
AKBH10ActualSourceForceCorrection	LeanCode/Internal/PhysicalAnalysis/AKBH10ActualSourceForceCorrection.lean	41a61c50c98a4f8f41e62edcc24e5c78913eff5c809bd581d9e1e0fee9165e4e
AKBK25ActualSourcePlanarWeakConsumer	LeanCode/Internal/PhysicalAnalysis/AKBK25ActualSourcePlanarWeakConsumer.lean	3bfa177083a21f90f73bbdab85463280ea37953650cc6967d34895117e205237
AKBN1ScaledCompactPairings	LeanCode/Internal/PhysicalAnalysis/AKBN1ScaledCompactPairings.lean	46fa5585ae31dc5614949b770065f3807d2f2852150a565bdfb24d37b5a7ee1a
AKBN2ScaledCompactTestCalculus	LeanCode/Internal/PhysicalAnalysis/AKBN2ScaledCompactTestCalculus.lean	e33b78494ceba8f709586800146734f86ec93deb25973dae9d5ac4793a20ec94
AKBN5ScaledProjectionKernels	LeanCode/Internal/PhysicalAnalysis/AKBN5ScaledProjectionKernels.lean	1c1a602749d722366301a7f0a90e208d39cd27ae3c784182de695ac17d8ce315
AKBN7LiteralForceFluxPairing	LeanCode/Internal/PhysicalAnalysis/AKBN7LiteralForceFluxPairing.lean	a42da12c20195e0b6f2fb210a39796bd35de4c4775ab85b8f8d3c19932eddcea
AKBN8RawProjectedForceConsumer	LeanCode/Internal/PhysicalAnalysis/AKBN8RawProjectedForceConsumer.lean	b406c5b79288ab1cb04dffa5f8cb98c6376238093ee5ae31efd448a057691093
AKBJ12ThirdCellLinearAlgebra	LeanCode/Internal/PhysicalAnalysis/AKBJ12ThirdCellLinearAlgebra.lean	c3793891bb4f73521e2df3446a04d68dc34ab665acb1a0fca8aa97372e47c8da
AKBJ15ThirdAngularFlux	LeanCode/Internal/PhysicalAnalysis/AKBJ15ThirdAngularFlux.lean	337c4b7cebaaec63c24d16cbcf986b4f30e667ceaf87a08f886ee78cfbfc5f8b
AKBN9RawAngularFluxPairing	LeanCode/Internal/PhysicalAnalysis/AKBN9RawAngularFluxPairing.lean	3949767111e4e2c3bb337f0d9b9ebe30d16d36dbd92f7ea203f905a01ad5b879
AKBN10RawThirdEquationConsumer	LeanCode/Internal/PhysicalAnalysis/AKBN10RawThirdEquationConsumer.lean	ff5bc6d147a6c7165d72b12a623fdf77846de78c925011a0d084e40f4596de90
AKBO1OriginalSourceCellCoordinates	LeanCode/Internal/PhysicalAnalysis/AKBO1OriginalSourceCellCoordinates.lean	55eeb19a0f6d830b500a61990bfc3ee55750119da9bc5a2b53dfb83075e94b0a
AKBO2OriginalSourceJointCarrier	LeanCode/Internal/PhysicalAnalysis/AKBO2OriginalSourceJointCarrier.lean	bae727e8ed6d0e21a89f953e1a36d0a0a16e777a0c424399cfc5da6a259ca3a1
AKBO3SameOriginalSourceMoments	LeanCode/Internal/PhysicalAnalysis/AKBO3SameOriginalSourceMoments.lean	987ad0ed40a502e1be1113014ad8fefa670c3cd7e01dc6a9a726a54e9738398a
AKBO4ActualOriginalSourceCarriers	LeanCode/Internal/PhysicalAnalysis/AKBO4ActualOriginalSourceCarriers.lean	c3bacf2feaa72cdaaf53f7012f1c0373093fdcc308c1bef888c4a335839e9dc8
AKBN12OriginalNativeRawFields	LeanCode/Internal/PhysicalAnalysis/AKBN12OriginalNativeRawFields.lean	bf30db841e5fe19bdf6ab841616c1faa1d2f2ac99b7529f1311646d075ef446d
AKBN13ActualNativeForceL2	LeanCode/Internal/PhysicalAnalysis/AKBN13ActualNativeForceL2.lean	12e97ca37dc784a84b705199773caadfa9fd0ace8358b2ee1ad67109244f285c
AKBJ6SameAxialCellDerivative	LeanCode/Internal/PhysicalAnalysis/AKBJ6SameAxialCellDerivative.lean	5349798c6d2617c6b9b68427dbf26f89e081aed76f494f7234ad439c235dca8a
AKBJ7SameOriginalXiAxialCell	LeanCode/Internal/PhysicalAnalysis/AKBJ7SameOriginalXiAxialCell.lean	a64a3a6658546d4f41715a0a75d901cbbcdf2257493c9661b1e6121de703ac98
AKBJ8NativeMeanFreeOutputIntegrability	LeanCode/Internal/PhysicalAnalysis/AKBJ8NativeMeanFreeOutputIntegrability.lean	cb725d3f501f5b21c61ce69e6409b1224d6f015482831a085f103375c671e1c5
AKBJ9ActualProjectedThirdForceIntegrability	LeanCode/Internal/PhysicalAnalysis/AKBJ9ActualProjectedThirdForceIntegrability.lean	74cd597ea02c6084c8a13e6c22de1fa5a2bab669925536de3276ff0f416382d6
AKBT2ActualNativeWeightedRepresentative	LeanCode/Internal/PhysicalAnalysis/AKBT2ActualNativeWeightedRepresentative.lean	940227f598044e76e38c74a172104d6c994e1600543b0b6e09fa627d30efa016
AKBT3NativeGaugeCellContinuity	LeanCode/Internal/PhysicalAnalysis/AKBT3NativeGaugeCellContinuity.lean	8604258d773248049409a973f7fbbc0d13be918c598d9e6be7545e2178476b27
AKBT4SameScaledFamilyContinuity	LeanCode/Internal/PhysicalAnalysis/AKBT4SameScaledFamilyContinuity.lean	2eff3947c8755c44084859650359b2b891e27a58dd1d139799a681a68c5bde02
AKBT5ActualNativeGaugeContinuity	LeanCode/Internal/PhysicalAnalysis/AKBT5ActualNativeGaugeContinuity.lean	246b9284f2d342993aec003a1f3a325e82ec0129ef352f23ce10bc8dfe8f2bf6
AKBT6ActualNativeCurrentRecovery	LeanCode/Internal/PhysicalAnalysis/AKBT6ActualNativeCurrentRecovery.lean	5bc16e6b32a47aab3f0a771cfd7faa39d779684466eb10d73967b57235cb943f
AKBT7SameScaledNativeMatrixCells	LeanCode/Internal/PhysicalAnalysis/AKBT7SameScaledNativeMatrixCells.lean	69b7a0d5a1e47a61b025baefae194111ac3152ea5739e9b4c07d21673bb9b82b
AKBT8WeightedNativeRepresentationAlgebra	LeanCode/Internal/PhysicalAnalysis/AKBT8WeightedNativeRepresentationAlgebra.lean	c8c825bef7f2047221c75029a8a20bced6b118828db9aca0ec691625eb55d9a8
AKBT9ScaledNativeMatrixContinuity	LeanCode/Internal/PhysicalAnalysis/AKBT9ScaledNativeMatrixContinuity.lean	6ba7399830be7cc80c5db57bc19dee76b7cdf6e74aa4f7d1c76204ae5a981569
AKBQ12SameScaledFrameDerivatives	LeanCode/Internal/PhysicalAnalysis/AKBQ12SameScaledFrameDerivatives.lean	78284e7eb440b4c93f2966df3ac8cbbd16a29dad9e2eb7f2fe7dcc7311b24e8f
AKBQ13SameScaledRotationSeries	LeanCode/Internal/PhysicalAnalysis/AKBQ13SameScaledRotationSeries.lean	c6441c603802a80a74e793c2584cf7a7f0c2a3de204b18e0dc7c1db50ffeb8ec
AKBQ11SameScaledCofactorMatrix	LeanCode/Internal/PhysicalAnalysis/AKBQ11SameScaledCofactorMatrix.lean	ba2bad4a78b73b43110239052861262a7297f755709f4309821774ceda9276cd
AKBQ14SameScaledForceMatrices	LeanCode/Internal/PhysicalAnalysis/AKBQ14SameScaledForceMatrices.lean	62cd71451a9543a54e537a17bb83075f2985abcaf0d5744d7c28082a3a73df32
AKBQ15SameNativeCoefficientProducts	LeanCode/Internal/PhysicalAnalysis/AKBQ15SameNativeCoefficientProducts.lean	df6fb47133e65edae5f282d209ab6e2390e4d65a91764764435aabc72ecc6064
AKBT10SameWeightedNativeLedgerActions	LeanCode/Internal/PhysicalAnalysis/AKBT10SameWeightedNativeLedgerActions.lean	8f5ff4ab0489f969ff94e03bbd7dedcd3ef675ae5a8158377a9d70990868c5e4
AKBN14ActualProjectedThirdMoments	LeanCode/Internal/PhysicalAnalysis/AKBN14ActualProjectedThirdMoments.lean	d61cc5f82efa22b95c89afbc65f4bdcf3fb1aab677d7f2fd3af7c36ee1103430
AKBN15ScalarWeakCoordinate	LeanCode/Internal/PhysicalAnalysis/AKBN15ScalarWeakCoordinate.lean	2e56b7a76ce877f49ad2e0f64a82fd023bf5e1e804ee461aacd481f492fd11c9
AKBD1CorrectedDeterminantCancellation	LeanCode/Internal/PhysicalAnalysis/AKBD1CorrectedDeterminantCancellation.lean	0093f80bde9ca64400f1f4124d11296de7ae787c3bb698f7a04b35a79f6e5c30
AKBD2ProjectedParameterCalculus	LeanCode/Internal/PhysicalAnalysis/AKBD2ProjectedParameterCalculus.lean	c3e98413e994efca40ae1e5e13e9c615d604e8edd5cb3647f47ab934dc7c2a0e
AKBJ10LiteralProjectedThirdForce	LeanCode/Internal/PhysicalAnalysis/AKBJ10LiteralProjectedThirdForce.lean	d8b5d508be104f93713458d69213faa022624030dd800011653308f4f16fabc2
AKBJ11ActualThirdForceCellFidelity	LeanCode/Internal/PhysicalAnalysis/AKBJ11ActualThirdForceCellFidelity.lean	900478b507898a398bcd4a598a95a5891922bfb087826ad4682dbc71152bb2a5
AKBJ13ActualOriginalThirdFullValue	LeanCode/Internal/PhysicalAnalysis/AKBJ13ActualOriginalThirdFullValue.lean	31206728bb9a298648c4f63b0ae9561ecb85973424121ae5b91c5e34d84a6a24
AKBJ19NativeDerivativeSections	LeanCode/Internal/PhysicalAnalysis/AKBJ19NativeDerivativeSections.lean	21da00a0c3424c947984c55d1ba82ca61d84f0b8e6bd96567956a4d6af6576b8
AKBJ14ActualOriginalThirdCell	LeanCode/Internal/PhysicalAnalysis/AKBJ14ActualOriginalThirdCell.lean	feef1c3145c547ce341226eda7d550ce48a29b261c88f09572857bfd6f8204a6
AKBJ16ActualThirdAngularEquation	LeanCode/Internal/PhysicalAnalysis/AKBJ16ActualThirdAngularEquation.lean	cdba450944cbd19036869b0130f94a0a45f4bec4816a598212335b344f936342
AKBJ17ActualThirdWeakThroughAxis	LeanCode/Internal/PhysicalAnalysis/AKBJ17ActualThirdWeakThroughAxis.lean	0a6cb907031a2acbbf9e4cc39dc6c0d2153e64c99c98116555685231c369ffa9
AKBJ25ActualNativeCofactorCurves	LeanCode/Internal/PhysicalAnalysis/AKBJ25ActualNativeCofactorCurves.lean	4c450f0d93d4464d7edc05bceec1f119110b087d1cd2ac0acc1bc9676aaebcef
AKBN16ActualCofactorNativeMoments	LeanCode/Internal/PhysicalAnalysis/AKBN16ActualCofactorNativeMoments.lean	d7efff6b6f038d6549c724fd7b7cfcd6eba3d1bef4365caf1b4626d8445e2d66
AKBT11ActualNativeMatrixRepresentatives	LeanCode/Internal/PhysicalAnalysis/AKBT11ActualNativeMatrixRepresentatives.lean	907f3f5ed40474dc5b98aae7c8699d947d86ded90d69fb84e1778408e19b88c6
AKBT12SameNativeERRowRealization	LeanCode/Internal/PhysicalAnalysis/AKBT12SameNativeERRowRealization.lean	5a450451f64416e5b1d48037107ae9e32ecf9a7bf7f3ca9550358a95d040d416
AKBT13SameNativeRowsPhase	LeanCode/Internal/PhysicalAnalysis/AKBT13SameNativeRowsPhase.lean	26b6e112274319385b5e0e8a540e27d6a9b75d383a3f23e05ee2ec4d84358c97
AKBT14NativeScalarMeanCells	LeanCode/Internal/PhysicalAnalysis/AKBT14NativeScalarMeanCells.lean	dff332c47db05bbb56f37e2b89f2e286d84c6c7447e3c5569797b5f95b2abee0
AKBT15NativeScalarMeanRepresentative	LeanCode/Internal/PhysicalAnalysis/AKBT15NativeScalarMeanRepresentative.lean	2cda50e2a8d6fe4983c4aa5e8c6deaa91005a8306124c19a0c7b8fd9637b905e
AKBT16NativeValueCells	LeanCode/Internal/PhysicalAnalysis/AKBT16NativeValueCells.lean	7e0524ff9ff5f2888be97679a4585aefdf22b14488ca8353f0400e3f6e6a05d7
AKBT17ActualThirdMeanFreeKernel	LeanCode/Internal/PhysicalAnalysis/AKBT17ActualThirdMeanFreeKernel.lean	36aa64237b5b2a32d6f8985bf9e33f1312dd09d66bb1aa1c03fbb8a8b954775e
AKBT18ScaledNativeFixedKernels	LeanCode/Internal/PhysicalAnalysis/AKBT18ScaledNativeFixedKernels.lean	a59ddecf237edd3bdd535cc0be0a9fc84cdc04c5dd1fcb2a1eb8c5afeccc9907
AKBT19ActualNativeCorrectionIdentities	LeanCode/Internal/PhysicalAnalysis/AKBT19ActualNativeCorrectionIdentities.lean	f70f874a5f982c1cc04f994017ede1cedc0b6fdee7363207b127d9563a08c89b
AKBT20ScaledNativeWeakAssembly	LeanCode/Internal/PhysicalAnalysis/AKBT20ScaledNativeWeakAssembly.lean	3657da1699cb6b9c90d9a25b67979fd10535babc0f9175354441527370153340
AKBN3ScaledDerivativeForcePairings	LeanCode/Internal/PhysicalAnalysis/AKBN3ScaledDerivativeForcePairings.lean	f75b53cbf655e33743396440e933b5f16f4c2b73a812f80d6d181c9a23517a9f
AKBN4ScaledProjectedForceEquation	LeanCode/Internal/PhysicalAnalysis/AKBN4ScaledProjectedForceEquation.lean	5e064a776616b31daf0c614ee67ae73434ee71569fd3c15fffeccd5984372dc5
AKBN6ScaledDeterminantEquation	LeanCode/Internal/PhysicalAnalysis/AKBN6ScaledDeterminantEquation.lean	2abc405843e5c78e22a51abb2e1e37cf2d770f89e5724be4bf64b50e784305d5
AKBN11ProjectedDeterminantBalance	LeanCode/Internal/PhysicalAnalysis/AKBN11ProjectedDeterminantBalance.lean	3f08dbcf9bdd8e625286bce06992a48825a85b405426233f7b2c71d11d64cee3
AKBN19RawDeterminantBalance	LeanCode/Internal/PhysicalAnalysis/AKBN19RawDeterminantBalance.lean	9d64efc6eeacba2f5acd51e2f8772acb7c5fcd6a811b1cff5518947c208e3fec
AKBD3FullFieldProjectionDerivatives	LeanCode/Internal/PhysicalAnalysis/AKBD3FullFieldProjectionDerivatives.lean	fafa9d20d581030d3b8acc034f480f02804986d22f11bb01b616afd84d10153c
AKBD4SameCorrectedFluxProducts	LeanCode/Internal/PhysicalAnalysis/AKBD4SameCorrectedFluxProducts.lean	40f3003fd7fd917786c872016b3e443d952c11ddc7909a2db7968a7440321e16
AKBD5SameScalarDirectionalFields	LeanCode/Internal/PhysicalAnalysis/AKBD5SameScalarDirectionalFields.lean	33c5dfcd94992585629cba18d89b561ca8088b3588d5e4f29030ea16aacced46
AKBD6GenuineCorrectedFluxDerivatives	LeanCode/Internal/PhysicalAnalysis/AKBD6GenuineCorrectedFluxDerivatives.lean	46ce776a141cf90a05f6e39f62b4ab046b359f1a4739179a5705432d475248a8
AKBD7SameProjectedRadialFluxDerivative	LeanCode/Internal/PhysicalAnalysis/AKBD7SameProjectedRadialFluxDerivative.lean	e3679c0b86a2e45c49871482d25140ca8fdaf9f8741034f55531dfa25a710c50
AKBD8ProjectedDeterminantResidual	LeanCode/Internal/PhysicalAnalysis/AKBD8ProjectedDeterminantResidual.lean	5cc19ccbd2107ea342356cd7de97266f398e34bec3d2328cff443a9f393c441d
AKBD9ActualCofactorAngularProduct	LeanCode/Internal/PhysicalAnalysis/AKBD9ActualCofactorAngularProduct.lean	2d6a1d2b20d8ab90022f1e02b11fe33b1d7527590223d29a84e5240109d100d6
AKBD10SameKVScalarExpression	LeanCode/Internal/PhysicalAnalysis/AKBD10SameKVScalarExpression.lean	295337b3ef74f77fc5e187b1330ee2d1ec22eda3be5db451b563b91ab1c1b13f
AKBD11SameRVScalarExpression	LeanCode/Internal/PhysicalAnalysis/AKBD11SameRVScalarExpression.lean	e07b882afbc0c848d2626a62179f5e1436986fbdcc47f0b7c5aac7cf8db325c6
AKBD12SameGenuineAngularAxialCoordinates	LeanCode/Internal/PhysicalAnalysis/AKBD12SameGenuineAngularAxialCoordinates.lean	56cecd3c9f41f165da32a3caed24d8fb3862a77b94aa1310e9dabbfbe575177f
AKBD13SameAngularForceComponents	LeanCode/Internal/PhysicalAnalysis/AKBD13SameAngularForceComponents.lean	efcb807d232d21f2401588279bf4e61d2c771237507198dd794dca64b7f78484
AKBD14SameAngularMeanAndXiRadial	LeanCode/Internal/PhysicalAnalysis/AKBD14SameAngularMeanAndXiRadial.lean	2e72ae6966fa3aa99d69b616ff0aba723edd42074182c0ca9c10dfe53fd752c4
AKBD15SameFirstAngularForce	LeanCode/Internal/PhysicalAnalysis/AKBD15SameFirstAngularForce.lean	a12624010a0f28c37a18c66b25bad717d000a9c5ff62181d713841ce00c1bdb8
AKBD16LiteralRadialSourceMean	LeanCode/Internal/PhysicalAnalysis/AKBD16LiteralRadialSourceMean.lean	3e6a0b6a5fb1e2bd74439f858e91eb9bef0ca66e4bc5bcf2a4c1855cdd7f4401
AKBD17SameDeterminantProductExpansion	LeanCode/Internal/PhysicalAnalysis/AKBD17SameDeterminantProductExpansion.lean	bc4366cc164b09d07e73b4c2a4a53b0d69faab3a1d66a155f0e33bdbb1abfcc2
AKBD18LiteralDeterminantSourceCorrection	LeanCode/Internal/PhysicalAnalysis/AKBD18LiteralDeterminantSourceCorrection.lean	838355273bcaeaca101322c6b6e4823afe32e5805d8f7144d79a8438672686a0
AKBD19SameProjectedDeterminant	LeanCode/Internal/PhysicalAnalysis/AKBD19SameProjectedDeterminant.lean	dd3858cb815eb480550cd19435af718aa2c411ff130b7ef89713040a824acd5b
AKBD22ActualPolarRotationDifferentials	LeanCode/Internal/PhysicalAnalysis/AKBD22ActualPolarRotationDifferentials.lean	91dfb3ae8ca86f17a7639ec2b4b62bc9d03a582014effbbd9864c6eb4fd7fe9e
AKBD23SameCartesianRotationDerivatives	LeanCode/Internal/PhysicalAnalysis/AKBD23SameCartesianRotationDerivatives.lean	c8aac3e9041b12ea1cef84fc62421370821a049d46f595a8e17534a8967058de
AKBD24GenuineCartesianDeterminantDivergence	LeanCode/Internal/PhysicalAnalysis/AKBD24GenuineCartesianDeterminantDivergence.lean	bcbaf3879f7f0c3c36be9d220712771f27e0c52d7f2d7b58372b084fd4309207
AKBD25SamePolarCofactorVector	LeanCode/Internal/PhysicalAnalysis/AKBD25SamePolarCofactorVector.lean	3cf812e136498220fc7b6aea2ce1a79bff7bde50180fca87cc6068f1acdb334b
AKBD26SameCartesianSignedCofactorFlux	LeanCode/Internal/PhysicalAnalysis/AKBD26SameCartesianSignedCofactorFlux.lean	883f3e5a5e538918c2a415062de9e648662fcefdcfa733f897df7d270eafdff3
AKBJ26CompletedCofactorCartesianFidelity	LeanCode/Internal/PhysicalAnalysis/AKBJ26CompletedCofactorCartesianFidelity.lean	32c9607d04ed5e227fe2557d2dad1b409beec7f46a6f3b26dcbcb6bd7e4a4e56
AKBD20SameOriginalSourceCorrection	LeanCode/Internal/PhysicalAnalysis/AKBD20SameOriginalSourceCorrection.lean	32d8093b9f24151693ee37c6160a6c91bd5750fb6b05a472790cfce7827c7900
AKBD21OriginalPolarDeterminantConsumer	LeanCode/Internal/PhysicalAnalysis/AKBD21OriginalPolarDeterminantConsumer.lean	a7ba4e185653d6fe4cc39e86286cf7bdf6c4aaab460ece0099c3ff323ca2054b
AKBD27SameCartesianDeterminantConversion	LeanCode/Internal/PhysicalAnalysis/AKBD27SameCartesianDeterminantConversion.lean	c1294cd5a5d7eb411e1fb97537d45e2c539183a3a61d9e5683fb0ae6cecc9036
AKBD28OriginalCartesianDeterminantConsumer	LeanCode/Internal/PhysicalAnalysis/AKBD28OriginalCartesianDeterminantConsumer.lean	da658f99be8e4e69007e28cf02b18e017200021fbedaa65f8874d2e7dbf74286
AKBB1SameCorrectedPPrimitiveCoefficients	LeanCode/Internal/PhysicalAnalysis/AKBB1SameCorrectedPPrimitiveCoefficients.lean	65f715908c79a3618a3317f4d0f3912cd82b6c309a33e79aeca2763f5f785ded
AKBB2SamePrimitivePhysicalCurves	LeanCode/Internal/PhysicalAnalysis/AKBB2SamePrimitivePhysicalCurves.lean	e7c4818c8a1de4289ef69e2340dd8c034c698891b2f7e60d0eb03eb446859297
AKBB3SameOriginalXPrimitiveCurve	LeanCode/Internal/PhysicalAnalysis/AKBB3SameOriginalXPrimitiveCurve.lean	bfb2cddb6af60cc61586c921ae19314fb32d7c64ff74d83ea8d4fb81dc49fb8d
AKBB4SameCorrectedPRadialCoefficient	LeanCode/Internal/PhysicalAnalysis/AKBB4SameCorrectedPRadialCoefficient.lean	4909688b69e0620899bc0091bd8e2e54b504a51bb9d5e7c55742fd8adb972f8b
AKBB5PrimitiveDeterminantSymbol	LeanCode/Internal/PhysicalAnalysis/AKBB5PrimitiveDeterminantSymbol.lean	8e53b9dee4b744510ed267d7942effc87b213c5ae7d3654499755d610c59a198
AKBB6LiteralPrimitiveDeterminantRHS	LeanCode/Internal/PhysicalAnalysis/AKBB6LiteralPrimitiveDeterminantRHS.lean	03b03f6eb745637aec3bf1226d550f8918a0bece79fde1a9bc01c1762692599a
AKBB7ActualPrimitiveDeterminantFields	LeanCode/Internal/PhysicalAnalysis/AKBB7ActualPrimitiveDeterminantFields.lean	d8927901fb6f9e0815ce05777727e2ab560a7ce368bcb388709e2134b4083272
AKBB8ActualPrimitiveDeterminantSlope	LeanCode/Internal/PhysicalAnalysis/AKBB8ActualPrimitiveDeterminantSlope.lean	0e1785ae6ea817a87f13233c5c39262b995adbb46502f0d4b81c1b30254622cb
AKBB9SameScalarRadialSynthesis	LeanCode/Internal/PhysicalAnalysis/AKBB9SameScalarRadialSynthesis.lean	9daec2912b2e04dfb484d12cb44fa048513d0a4af1b71206dbb24b67a0f64b56
AKBB10SameCorrectedPClassicalRadial	LeanCode/Internal/PhysicalAnalysis/AKBB10SameCorrectedPClassicalRadial.lean	64a53219c555637d1530b5f2d45839f5a922bfbd1c07fb1f888498beb142995b
AKBB11OriginalEquationCorrectedPRadial	LeanCode/Internal/PhysicalAnalysis/AKBB11OriginalEquationCorrectedPRadial.lean	897fefbc97e869cb1bacc079b80b8483a7a14a4024d29f7b2c5b433c996fcddd
AKBB12ActualCartesianSourcePRadial	LeanCode/Internal/PhysicalAnalysis/AKBB12ActualCartesianSourcePRadial.lean	3e608b2b05e5b4de95200ba48486d78167f48ab794e84f02610e245abc2375ba
AKBD29PrimitiveRadialSlopeFidelity	LeanCode/Internal/PhysicalAnalysis/AKBD29PrimitiveRadialSlopeFidelity.lean	73b83bb59aaebbc91cd251c8c0ae86e2831c71a14bfb4c14f772a12ece810dea
AKBD30SameCorrectedPScalarRadial	LeanCode/Internal/PhysicalAnalysis/AKBD30SameCorrectedPScalarRadial.lean	7a3a578a5c9a391ae378dddf48443b3ef00bb3d14dbac781493bad1286babccc
AKBD31ActualOriginalCartesianDeterminant	LeanCode/Internal/PhysicalAnalysis/AKBD31ActualOriginalCartesianDeterminant.lean	51f1d84f8002d78878ac5fd534f0d41b193e7f11be10df096d502126e8e8dd10
AKBE10ActualObservedCartesianDeterminant	LeanCode/Internal/PhysicalAnalysis/AKBE10ActualObservedCartesianDeterminant.lean	7c574c2a5d5271e12f9275a3bbd62ceb10b7fbb47f7797824358d69c02a8855a
AKBJ29ActualOriginalDeterminantFullField	LeanCode/Internal/PhysicalAnalysis/AKBJ29ActualOriginalDeterminantFullField.lean	00236fe42bb8d9eddc62c21255c565b511499a40f7a415ac4bb567620a64fc11
AKBJ27SameCofactorCellDerivatives	LeanCode/Internal/PhysicalAnalysis/AKBJ27SameCofactorCellDerivatives.lean	16cd680aee95bc11160765a783db106fccd38cfadb6c2a4c9132283d1c88fe2f
AKBJ18ScalarMeanClosedTranspose	LeanCode/Internal/PhysicalAnalysis/AKBJ18ScalarMeanClosedTranspose.lean	1e5ac3db95d6ee23a23fada7ae1083488a429a058a9e72b0fee310168bfd4cc7
AKBJ20ScalarMeanPuncturedTranspose	LeanCode/Internal/PhysicalAnalysis/AKBJ20ScalarMeanPuncturedTranspose.lean	70b65cc54de811a99dc6f7210788e29c98fcf810816c325e66f8eb7da687320f
AKBJ21ProjectedScalarAxisRemoval	LeanCode/Internal/PhysicalAnalysis/AKBJ21ProjectedScalarAxisRemoval.lean	4828760bbc2f71164d14737736718ce1d07ea6ea8ae4fa88dfc827dec36c9daf
AKBJ24ScalarProjectionFourierAndPolar	LeanCode/Internal/PhysicalAnalysis/AKBJ24ScalarProjectionFourierAndPolar.lean	dd60e65299d34e0cec94614c88538dc9d643050a34b792211cfb9f904abaf350
AKBJ28DeterminantFourierAlgebra	LeanCode/Internal/PhysicalAnalysis/AKBJ28DeterminantFourierAlgebra.lean	7b7228abe970c8d3e4e2edcf2c6c64d73f9f7ed46d98066e14308eeb8df0c77d
AKBJ30ActualDeterminantCellDerivative	LeanCode/Internal/PhysicalAnalysis/AKBJ30ActualDeterminantCellDerivative.lean	2b54978cfe2d41048e6ab862a4c45bde338c373b356de3cdc548c1f823214c09
AKBJ31ActualOriginalDeterminantCell	LeanCode/Internal/PhysicalAnalysis/AKBJ31ActualOriginalDeterminantCell.lean	aa2ed48e6708236e9bb6123b968c330f452f30bc84bb7cc7dea3f9a15285b5e5
AKBJ22ScalarProjectedClassicalTest	LeanCode/Internal/PhysicalAnalysis/AKBJ22ScalarProjectedClassicalTest.lean	24ef9565f7f8517d86315b361186824e484d6ebe4383d99cb9c0ef206f9b9365
AKBJ23ActualScalarDivergenceAxisConsumer	LeanCode/Internal/PhysicalAnalysis/AKBJ23ActualScalarDivergenceAxisConsumer.lean	e64c7c5a1b1519c6f369a11ee421e6fda75f7746f0f9938b1892c5084a0d2fba
AKBJ32NormalizedDeterminantCellFlux	LeanCode/Internal/PhysicalAnalysis/AKBJ32NormalizedDeterminantCellFlux.lean	910b8823d8a9d3f6e2300bef97df8dd554c1bc90dee93bff0448b88df42c29ab
AKBJ33ActualCartesianDeterminantMean	LeanCode/Internal/PhysicalAnalysis/AKBJ33ActualCartesianDeterminantMean.lean	7fea01223e19e75bcac910a9b933aaef259232fec4602351b52dd39ace945b3b
AKBJ34ActualOriginalDeterminantWeakThroughAxis	LeanCode/Internal/PhysicalAnalysis/AKBJ34ActualOriginalDeterminantWeakThroughAxis.lean	d1ad4ac99bfbe9459d05e465150b2853a27af7192dbe7b126a753149db421f4a
AKBN20ActualDeterminantBalance	LeanCode/Internal/PhysicalAnalysis/AKBN20ActualDeterminantBalance.lean	d8a15f36ccf765e54626a03dbf1a946d5cbed6327f2bf7174258286888dbfb2f
AKBN17ActualThirdScalarCoordinate	LeanCode/Internal/PhysicalAnalysis/AKBN17ActualThirdScalarCoordinate.lean	d19354d2d9d73e1f77a112141ab47a57a90bfbe55584eb08ccd58ca8f7108118
AKBN18ActualXiRoughMean	LeanCode/Internal/PhysicalAnalysis/AKBN18ActualXiRoughMean.lean	cf47157a383db916ccb6bbeb5b6314c88aba8c90da1cf07851953c2b28ebc807
AKBN21ActualNativeThirdL2	LeanCode/Internal/PhysicalAnalysis/AKBN21ActualNativeThirdL2.lean	b9646714f7ae293b4b073dd05299f7becb562eb5068029d6230eea690dc76a1e
AKBN22ActualNativeAllWeakRows	LeanCode/Internal/PhysicalAnalysis/AKBN22ActualNativeAllWeakRows.lean	544c273038d25f29cb670b13c65d50daad8369528f9a47fe20805397f89cbbfc
AKBN24ActualScaledAllWeakRows	LeanCode/Internal/PhysicalAnalysis/AKBN24ActualScaledAllWeakRows.lean	0ea6ab986940095f6f63018556c30062b951c6ab06ae13a0c411fecc9a5d7b12
AKBT21ActualOriginalERRows	LeanCode/Internal/PhysicalAnalysis/AKBT21ActualOriginalERRows.lean	9f97b02cc19f5810bed676ef56b03ebd59f46d9b5e9a39ab51aff508d9f7ad01
AKBS1OriginalSourceDerivativeCoordinates	LeanCode/Internal/PhysicalAnalysis/AKBS1OriginalSourceDerivativeCoordinates.lean	fdaa6320f13e7dff08323454371e1600978b022a42aafdfcaea0ee4534436279
AKBS2OriginalSourceJointDerivatives	LeanCode/Internal/PhysicalAnalysis/AKBS2OriginalSourceJointDerivatives.lean	ec2aca9327fdc00443016d7dcabb6baf04ddf26d11420ec368a721b6a41e7f5a
AKBS3OriginalSourceFirstWeak	LeanCode/Internal/PhysicalAnalysis/AKBS3OriginalSourceFirstWeak.lean	40ce8f4521ed596707d80f64b429325d667cc2eded128cf0dd59cfc787978b66
AKBS4SameSourceFirstDilation	LeanCode/Internal/PhysicalAnalysis/AKBS4SameSourceFirstDilation.lean	f6087ac02d67044bf3c9f7dd6c4af084ec86e36638933454a4afdae84558ff4a
AKBS5ActualNormalizedSourceFirst	LeanCode/Internal/PhysicalAnalysis/AKBS5ActualNormalizedSourceFirst.lean	8415d7842441a1c96e0e56af4a328ece95662b6dc2129f68234a7a92061724ce
AKBT22SameScaledPhaseAndKnownFirst	LeanCode/Internal/PhysicalAnalysis/AKBT22SameScaledPhaseAndKnownFirst.lean	12c7ea933fa237b9a70f110da0ed0cbbe2348e38fe04edd16ea63bf9ef1aaccc
AKBT23ActualB10NativeGaugeRows	LeanCode/Internal/PhysicalAnalysis/AKBT23ActualB10NativeGaugeRows.lean	7bd755155690cfa472fb94d21533b93de89279c75803c8c2731ece6f7cf41668
AKBT24ActualNativeGaugeResolvent	LeanCode/Internal/PhysicalAnalysis/AKBT24ActualNativeGaugeResolvent.lean	d6e7361f1f6a8b9efa79fffd9fa62ac4c18e2536b5b066abdd93df5879328aa0
AKBT25ActualOriginalNativeH1	LeanCode/Internal/PhysicalAnalysis/AKBT25ActualOriginalNativeH1.lean	128eb1a813ddd456bf0b434c92ca3f9475c593a5beab1fdbf631891d6821a633
AKBT92MinimalRadiusProbe	LeanCode/Internal/PhysicalAnalysis/AKBT92MinimalRadiusProbe.lean	dadf5bda54d992ec227c243d9badeefea9199fb255f7357f787a8bdb9bb30c84
AKBT26ActualOriginalB10NativeH1	LeanCode/Internal/PhysicalAnalysis/AKBT26ActualOriginalB10NativeH1.lean	20b3149972648f7bd2082620751c4591d6784fbcc757b4d4c08f0d6a5ff53579
AKCB1OrderedIdentityAllocation	LeanCode/Internal/PhysicalAnalysis/AKCB1OrderedIdentityAllocation.lean	068234a41c09b3a6dea8ee9bcdb46856daa927962c2097477182f2529163cb3d
AKCB2RestoredInputCellReserve	LeanCode/Internal/PhysicalAnalysis/AKCB2RestoredInputCellReserve.lean	b2df52030437a11cd007525d5ab2b74e958b4555dff1357db783ddbb4180afa8
AKCB3ActualReservedMatrixEntry	LeanCode/Internal/PhysicalAnalysis/AKCB3ActualReservedMatrixEntry.lean	b7930a0c633d49aeb25777b3552164c7991944da05255a96e8d1abbafee25cff
AKCB4ActualFullOrderedMatrixWeak	LeanCode/Internal/PhysicalAnalysis/AKCB4ActualFullOrderedMatrixWeak.lean	51737b9afc923315b2163e234641a036bd48a0ee6a880a2074b98bafcabafd14
AKCB6BaselineDerivativeEntries	LeanCode/Internal/PhysicalAnalysis/AKCB6BaselineDerivativeEntries.lean	daccdf790d7e9f287093548070b736f303c2fe670854a19912835db5797f9519
AKCB7ActualBaselineMatrixWeak	LeanCode/Internal/PhysicalAnalysis/AKCB7ActualBaselineMatrixWeak.lean	aef10b866a11f6777af23593d59751580149571e38ee321ff8792530a76fe896
AKCB8CoefficientCellReserve	LeanCode/Internal/PhysicalAnalysis/AKCB8CoefficientCellReserve.lean	7cd89b960a63ce61395c6bbe92e28d33e93aade3190c14584fff11b73e805bab
AKCB9ActualCellDisplacementCoefficient	LeanCode/Internal/PhysicalAnalysis/AKCB9ActualCellDisplacementCoefficient.lean	bc3cbb537568a2e6bffb870ed8bff4baa8e8770a218e84ceeac08b34374e548a
AKCO1ActualSignedSourceFirst	LeanCode/Internal/PhysicalAnalysis/AKCO1ActualSignedSourceFirst.lean	cfd053589bd6f9de3210c909935af056ea05a1adfe9ceb83c9ec1b9d1ba3e415
AKCO2SameSignedSourceCarriers	LeanCode/Internal/PhysicalAnalysis/AKCO2SameSignedSourceCarriers.lean	02494c5efc52be4038056cbc3512a18c83a985807fb53bf680e1654da94419cc
AKCO3ActualKnownSignedFirst	LeanCode/Internal/PhysicalAnalysis/AKCO3ActualKnownSignedFirst.lean	1ac6429f66fea94c934da328c366ab5d7d8dd9a5f2bd442fed0bec195eb016bf
AKBY1AllNaturalCellMoments	LeanCode/Internal/PhysicalAnalysis/AKBY1AllNaturalCellMoments.lean	dabcd63fe42a08528ff44be5382def6510da29a8bbef9a57eab1a3dea907c416
AKCO4NativeSignedMomentFamilies	LeanCode/Internal/PhysicalAnalysis/AKCO4NativeSignedMomentFamilies.lean	39eab7b2880ae6b9e38d9d9dd8c1478f8819c0468317a8e819c61f879a90f01b
AKCC1LiteralFixedKernel	LeanCode/Internal/PhysicalAnalysis/AKCC1LiteralFixedKernel.lean	d45357edb444ef1a2f82bd421532e1cdf3e2a539038dcbe71fbb858774339355
AKCC2FixedKernelRepresentatives	LeanCode/Internal/PhysicalAnalysis/AKCC2FixedKernelRepresentatives.lean	e0ce0ac9b5c62d2f187033cb67b2b51a06539c24ea4015d94d6323acd2282d60
AKCC3FixedCovectorEntries	LeanCode/Internal/PhysicalAnalysis/AKCC3FixedCovectorEntries.lean	2f96d82954b2107ee6397fbeb0207b5b5a84e0a5d6354821c451c1a0a895bf21
AKCC4TensorFixedLiteralAction	LeanCode/Internal/PhysicalAnalysis/AKCC4TensorFixedLiteralAction.lean	8eab2ca96ce4f4b1e443c8f4cfbdb594b9a87908b56dda0f98bb55ce4b7d6f7d
AKCC5FixedTensorFiniteKernelFormula	LeanCode/Internal/PhysicalAnalysis/AKCC5FixedTensorFiniteKernelFormula.lean	b14ebee5da34c921918a2c61a30d1cc250ebbaaa684c06dacabb4748ceadb391
AKCC6FixedPositiveAllocationVanishes	LeanCode/Internal/PhysicalAnalysis/AKCC6FixedPositiveAllocationVanishes.lean	4b12ee3317c81659048f60519cae48c4595f63c374ead317b819590dcf4bae6c
AKCC7EmptyOrderedAllocation	LeanCode/Internal/PhysicalAnalysis/AKCC7EmptyOrderedAllocation.lean	c17813fb0bf3b5c00b5955e69b84715a197615bdabead96f0da11c14194cc9da
AKCC8FixedEmptyAllocationKernel	LeanCode/Internal/PhysicalAnalysis/AKCC8FixedEmptyAllocationKernel.lean	208836743a34fda44f590e616da21fdaf9105eec8033e67a0766be7753cd5913
AKCC9FixedKernelOrderedWeak	LeanCode/Internal/PhysicalAnalysis/AKCC9FixedKernelOrderedWeak.lean	d442556386e13c0458b69e4dc995de3657e8af19ef1d4a345540ce7af3f41ed5
AKCC10ActualFixedTensorWeakDerivative	LeanCode/Internal/PhysicalAnalysis/AKCC10ActualFixedTensorWeakDerivative.lean	0f1adaf49f57e846c5820e29119112b0d955d6a1d5f66bf20717ac0b4b7accea
AKCC15OrderedWeakGraphAssembly	LeanCode/Internal/PhysicalAnalysis/AKCC15OrderedWeakGraphAssembly.lean	a1cbce67db826ff0bb3e74b4daa0620e2a7a3f88ccf66e8ed4c26b2e04aff6a2
AKCC16SameFixedAllOrderGraph	LeanCode/Internal/PhysicalAnalysis/AKCC16SameFixedAllOrderGraph.lean	bf665557c7d5e34137779b4af985d06dee1f1b3a9fef68e1270eaa4f03d5c858
AKCC17ConstantWeightGraphCoordinates	LeanCode/Internal/PhysicalAnalysis/AKCC17ConstantWeightGraphCoordinates.lean	3d4adfd715a35cade55f3774d2beeadac8504d2b6e351c95ccdcab03dca2b8d8
AKCC18FixedKernelCellWeightCommutation	LeanCode/Internal/PhysicalAnalysis/AKCC18FixedKernelCellWeightCommutation.lean	94da4199bb506e283d172a63374e6c5bbd67e5297af74a8c334a9c153e1ce85c
AKCC19SameFixedWeightedGraph	LeanCode/Internal/PhysicalAnalysis/AKCC19SameFixedWeightedGraph.lean	90d311d9ed2c8baae248166237537f5b9368889802c0c537b29698c64c5be5aa
AKCC20ActualFixedAllGradeGraphs	LeanCode/Internal/PhysicalAnalysis/AKCC20ActualFixedAllGradeGraphs.lean	d3d795fe6a7efaf37113c98a8b570113f7dfebe5e6366f004d713fc32c104630
AKCC21ActualGraphActionAlgebra	LeanCode/Internal/PhysicalAnalysis/AKCC21ActualGraphActionAlgebra.lean	6868e19723275936c701183756a33863b4c1882985ae93e1bdc3eef083e6c6c2
AKCC22OriginalFixedAllOrderGraphs	LeanCode/Internal/PhysicalAnalysis/AKCC22OriginalFixedAllOrderGraphs.lean	e6b7db74e9c8469d47ac341c8b03e0e71e1c04b47237de837c6c4310269d97a0
AKCC23FixedTensorExactDerivativeSplit	LeanCode/Internal/PhysicalAnalysis/AKCC23FixedTensorExactDerivativeSplit.lean	1722cd08e79c30efc642fb8747da51eb2506d605e9bf5ee76920c167bb02a7a4
AKCG5ActualMatrixLeadingAllocation	LeanCode/Internal/PhysicalAnalysis/AKCG5ActualMatrixLeadingAllocation.lean	1eaca58553c4480e86bede91c4cd0b2b7ac36f7720bc37442bb2804e93288243
AKCG6ActualMatrixWeakLeadingSplit	LeanCode/Internal/PhysicalAnalysis/AKCG6ActualMatrixWeakLeadingSplit.lean	1b5395f5826bae98238f12332c852b819adcf37f3ff983f2be3e90674b6598fe
AKCG7ActualMatrixAllOrderGraph	LeanCode/Internal/PhysicalAnalysis/AKCG7ActualMatrixAllOrderGraph.lean	0ef557a356cc93c9eca807e4a0e3f7738e2932cf869169bbe0fa698c4947589a
AKCG8ActualFixedMatrixDerivativeSplit	LeanCode/Internal/PhysicalAnalysis/AKCG8ActualFixedMatrixDerivativeSplit.lean	767f79794a2cef53fc2d081f93c92a4bde7f3477e02a04262aaf9d7608055fe8
AKCB10FullCellDisplacementKernel	LeanCode/Internal/PhysicalAnalysis/AKCB10FullCellDisplacementKernel.lean	e84ca9a486896ebb3bc95f69d88b68e88773b3f86401a3c4a8416be849802eb9
AKCB11DisplacementWeakEntries	LeanCode/Internal/PhysicalAnalysis/AKCB11DisplacementWeakEntries.lean	20aa290be3991ace9a96384ebdff8cd7a2fffd342864c8a245c22f540fff6e3d
AKCB12FullDisplacementMatrixWeak	LeanCode/Internal/PhysicalAnalysis/AKCB12FullDisplacementMatrixWeak.lean	d387c4fff5c1b120666e350ae6b0b8e226d7a05e102a1bf23102e33b5ddfe5a9
AKCG9ActualDisplacementHigherGraph	LeanCode/Internal/PhysicalAnalysis/AKCG9ActualDisplacementHigherGraph.lean	44582b82eae7b428cb8e8b8c1cc6636bf5650b99acca102b9425a11d409b76f3
AKCB13CellBinomialEntries	LeanCode/Internal/PhysicalAnalysis/AKCB13CellBinomialEntries.lean	88829045a67a474925af7245619ce81680b66af146176a26cb103a6333c2cbc9
AKCB14SameFullCellAxialMoment	LeanCode/Internal/PhysicalAnalysis/AKCB14SameFullCellAxialMoment.lean	a47105218e35a9b7ecf0e803e68f373f0cc5cdf9f4d1cb29ebddd1d3f631d400
AKCB15ActualAxialMomentRealization	LeanCode/Internal/PhysicalAnalysis/AKCB15ActualAxialMomentRealization.lean	23af35338df53f795f6b87092eb02aebac751673b09d3e15dfc1708e7b00af07
AKCG10ActualAxialLeadingSplit	LeanCode/Internal/PhysicalAnalysis/AKCG10ActualAxialLeadingSplit.lean	474bb1108ecf604c5c488552da64aa12c1a2ce013656f8f845388917bcd636b2
AKCO5ExactSignedCellFamilies	LeanCode/Internal/PhysicalAnalysis/AKCO5ExactSignedCellFamilies.lean	90b6f4a3867dcfcb926373efda54c2cf053d2bf37911df2b23fb9ac01dbf9d02
AKCO6SignedOperatorAlgebra	LeanCode/Internal/PhysicalAnalysis/AKCO6SignedOperatorAlgebra.lean	3dc37bc27656e6f9481e2bf71e63e41586e806ee7654a6c165aa644e56e9dada
AKCG11PositiveAxialRemainderGraphs	LeanCode/Internal/PhysicalAnalysis/AKCG11PositiveAxialRemainderGraphs.lean	e20d43eb4ef41b59752ff1e89987ad5a3def04c31ffa970932422148d5ad4700
AKCO7ActualSignedActionConstructors	LeanCode/Internal/PhysicalAnalysis/AKCO7ActualSignedActionConstructors.lean	5ea62352c9026c22696372db1be5874e22abfa245bf540d9556e144adc454b94
AKCO8ActualNativeSignedRows	LeanCode/Internal/PhysicalAnalysis/AKCO8ActualNativeSignedRows.lean	b2c3e1bd0a9b10883d2af5a4e49ce9b51b27d7d0363ea2ed306b608c20ffa08c
AKCO9ActualSignedPrincipalTensor	LeanCode/Internal/PhysicalAnalysis/AKCO9ActualSignedPrincipalTensor.lean	64481b327187ca1bd8d47c75916a000582a91e88881d3a3fa993c0c29a1844eb
CB1Multipliers	LeanCode/Internal/FunctionalAnalysis/CB1Multipliers.lean	f3a45b67b076661f58681658f46e63786e784b8cff126fe22adc73965959af39
CB1Jets	LeanCode/Internal/FunctionalAnalysis/CB1Jets.lean	43ea2f814c5e617d701712e85f3114bd920f97404c299c1a7bda51e1dd3a675d
CB1Domains	LeanCode/Internal/FunctionalAnalysis/CB1Domains.lean	03a48387f480835a4d39dd2c3681659190ea4c36f749065719bc0359c540ed75
CB1Proof	LeanCode/Internal/FunctionalAnalysis/CB1Proof.lean	31cb6b4463f338bccd3fec8c5aec4636b222583fbf1daf5bf3e99f62cb3f2ee2
CB1Consumers	LeanCode/Internal/FunctionalAnalysis/CB1Consumers.lean	549655831b62155b2754e0960ec38e985250e9fe163791aa06374c0af4ab74fb
AKCO11ExistingCellWeightSynthesis	LeanCode/Internal/PhysicalAnalysis/AKCO11ExistingCellWeightSynthesis.lean	7381561ac1c82931cd11eefa0cc13781122ab15573a37e54f0d0203cc06a413d
AKCO12SameNaturalMomentReserves	LeanCode/Internal/PhysicalAnalysis/AKCO12SameNaturalMomentReserves.lean	6e2b68ad1c51e00fec95e27f739e2ef3883df4086d609887a3fdb46d7ee3d9d2
AKCO10SameSignedWeakEREquation	LeanCode/Internal/PhysicalAnalysis/AKCO10SameSignedWeakEREquation.lean	4b2a8a5a39b17e1d2c5303b4b8073b35a850cde69ef1cf602871cbbb62e00042
AKCO13SignedOriginalPhaseTransfer	LeanCode/Internal/PhysicalAnalysis/AKCO13SignedOriginalPhaseTransfer.lean	2facba7b54099c5f0bdf4a3471f2c01c7040520630787af57210b34083560806
AKCO14ActualAllPowerKnownTensor	LeanCode/Internal/PhysicalAnalysis/AKCO14ActualAllPowerKnownTensor.lean	d6e0904287f92c2b46207ffeb3a233976deaed83a31442d6ca97b227e5b76149
AKCO17ActualSignedLowerFlux	LeanCode/Internal/PhysicalAnalysis/AKCO17ActualSignedLowerFlux.lean	d7aeb5cf00aa46f6c35870969c7279d65866b962734312406ba20289ebf809bc
AKCO15ActualSignedPowerResolvent	LeanCode/Internal/PhysicalAnalysis/AKCO15ActualSignedPowerResolvent.lean	c35841836d7377fbdd81c91dc4aeebd4ed812822bc60b2d16d05c42999b19c23
AKCO16SameAllPowerStartupInduction	LeanCode/Internal/PhysicalAnalysis/AKCO16SameAllPowerStartupInduction.lean	e4cc5422ed7c1ac95f6b508babaebb7a126cd7f191efd5f9238f6a31b8d404ae
AKCO18SamePuncturedSignedFirst	LeanCode/Internal/PhysicalAnalysis/AKCO18SamePuncturedSignedFirst.lean	04578d8a5543fe9f2aa0e11958934a511d8743bc686527f1df8aff5f7e9504f5
AKCO19SameNativeSignedWeakData	LeanCode/Internal/PhysicalAnalysis/AKCO19SameNativeSignedWeakData.lean	1982febec597355fd2812311be8fc43f9b46f3f331d6fbe70dbd948702e713bc
AKBY2SameNativeAllCellCarrier	LeanCode/Internal/PhysicalAnalysis/AKBY2SameNativeAllCellCarrier.lean	e26372262b1db8076afcbe18a07b7c61204b51bc98a11957f5b66d96f72bc55b
AKBY3ActualNativeAllPowerEnergy	LeanCode/Internal/PhysicalAnalysis/AKBY3ActualNativeAllPowerEnergy.lean	18c9111739086539099cbc5ba6a674d00377999e230bc3f33b5c03c8d7e3345f
AKBY4SameNativeAllMomentData	LeanCode/Internal/PhysicalAnalysis/AKBY4SameNativeAllMomentData.lean	10fde8cab807369af58d5effb1762c1ebe8bae4fa70e1f23117780a9c4295bc0
AKBY5SameExistingScaledAllMoments	LeanCode/Internal/PhysicalAnalysis/AKBY5SameExistingScaledAllMoments.lean	cb0ba533212a9dc830e47a637f2f5783d0833bbc87add7924afde5adbe897a11
AXI1FaithfulL2	LeanCode/Internal/NonlinearAnalysis/AXI1FaithfulL2.lean	c754bd04f80c6d7efd09132fae18a6a04a7aa28c1c592065889db1f0e89c6f67
AKBV1OriginalMixedCoordinateNorm	LeanCode/Internal/PhysicalAnalysis/AKBV1OriginalMixedCoordinateNorm.lean	8f6f7de382a0c51db927ee744310b63c9b00adbfc298b7ed13bd24b6f2069d80
AKBV2FiniteSmoothOriginalCore	LeanCode/Internal/PhysicalAnalysis/AKBV2FiniteSmoothOriginalCore.lean	0f6d65513e02cb3abcdc8ce0eb87959bc2ff547df40b813b77bd1a12f3976d49
AKBV3OriginalCoreMixedApproximation	LeanCode/Internal/PhysicalAnalysis/AKBV3OriginalCoreMixedApproximation.lean	cecfd6274066120139ff915bfd3db3ad53719f74114213394a9eecd04c924489
AKBV4MixedJetOriginalCompletion	LeanCode/Internal/PhysicalAnalysis/AKBV4MixedJetOriginalCompletion.lean	19cf515ae51af51f48f44627e378edd4fa0b3302c189c4f846d334817874c08a
AKBV5SameAllGradeOriginalCore	LeanCode/Internal/PhysicalAnalysis/AKBV5SameAllGradeOriginalCore.lean	1550e90e9e2dba83635a8578878e7738cabc22272e8ab31d294076b5067a0a1a
AKBV6DiagonalGraphOriginalCore	LeanCode/Internal/PhysicalAnalysis/AKBV6DiagonalGraphOriginalCore.lean	116e994010a08998d95debd3255b182b265a469d1dd7fa273453e4250e2d5a6b
AKBV7ClosedCylinderJet	LeanCode/Internal/PhysicalAnalysis/AKBV7ClosedCylinderJet.lean	770d83063cf7c0e98823a354925873ef49fb3ba91d9cfb509f3b48556d521144
AKBV8NativeWeightedAnnularField	LeanCode/Internal/PhysicalAnalysis/AKBV8NativeWeightedAnnularField.lean	35a19f879221d869e30722d8cf5c60ac8a76dab5c28fec8c29cfd1d3e3f96d0f
AKBV9SameNativeWeightedCells	LeanCode/Internal/PhysicalAnalysis/AKBV9SameNativeWeightedCells.lean	6e68666ee209a0e01eb30a7cd8a96133628160b03d011c25c133e156e5555b09
AKBV10SameWeightedClosedJet	LeanCode/Internal/PhysicalAnalysis/AKBV10SameWeightedClosedJet.lean	2d25997ff461b64bd6f2db2ec24a160ed6d96fd41e0559a64b40d4aee93f68ee
AKBV11PeriodicClosedCylinder	LeanCode/Internal/PhysicalAnalysis/AKBV11PeriodicClosedCylinder.lean	b45d5eeea334cdeacc92b243151472bbc0d8954a76f6b6c25d63cde492a5454f
AKBV12ClosedAnnularCartesianDescent	LeanCode/Internal/PhysicalAnalysis/AKBV12ClosedAnnularCartesianDescent.lean	e9c1282a468db829d2e0a949c0428124a2502f606b8a58304b0c803801abe3b2
AKBV13WeightedCylinderGluing	LeanCode/Internal/PhysicalAnalysis/AKBV13WeightedCylinderGluing.lean	a647f30f6b2c12e2cfc62d19db7f3c601864113139c3fb9a3443314de28eacaf
AKBV14SameRescaledWeightedJet	LeanCode/Internal/PhysicalAnalysis/AKBV14SameRescaledWeightedJet.lean	ce9292e2f3f5d25eb201d23399b7f720be81a98da35e98b7c3c24fbeb770fed1
AKBV15ActualNativeOuterGluing	LeanCode/Internal/PhysicalAnalysis/AKBV15ActualNativeOuterGluing.lean	e7503e9a5c874617609d3b89d8e5d3d43a802f9d4c5d9ee03128a0a4f7b94479
AKCF1NativeAnnularCutoffJet	LeanCode/Internal/PhysicalAnalysis/AKCF1NativeAnnularCutoffJet.lean	4cb8ab2f6bd17f6ca57265af11d3f2d338fdf4851257013f7a4e300cc30b27ea
AKCF2OrdinaryFullCellCoordinates	LeanCode/Internal/PhysicalAnalysis/AKCF2OrdinaryFullCellCoordinates.lean	95e45ab013a58066663a3b2bbb8163700942190226919510b03741a02d43b355
AKCF3OrdinaryAllOrderGraph	LeanCode/Internal/PhysicalAnalysis/AKCF3OrdinaryAllOrderGraph.lean	ef49d826a33449f181843fea495c2040660462bdab464fa50b231ae401cb395b
AKCF4SameAnnularCutoffGraphs	LeanCode/Internal/PhysicalAnalysis/AKCF4SameAnnularCutoffGraphs.lean	54acb4e01a73c8ba5ccefb9cd0cf5276e872812d6e61411578373fa3984ec977
AKBV16LocalizedNativeCellAgreement	LeanCode/Internal/PhysicalAnalysis/AKBV16LocalizedNativeCellAgreement.lean	c468f2eff1e2abc86a2d4c1e3180c6276de5730fe7475968aa5fa8c2d5848e9a
AKBV17LocalizedAllOrderOriginalCore	LeanCode/Internal/PhysicalAnalysis/AKBV17LocalizedAllOrderOriginalCore.lean	ad7a4efc794287d38706e59ee4663e867fe656fc83913649f2de85c8611dfa20
AKBV18SameCompatibleNativeOriginalCore	LeanCode/Internal/PhysicalAnalysis/AKBV18SameCompatibleNativeOriginalCore.lean	4148ebc5d381e59e1cf99e3a95f8ee7106240a743d1c6b232d3704b8103cd5c5
AKCF5CompatiblePuncturedGraphs	LeanCode/Internal/PhysicalAnalysis/AKCF5CompatiblePuncturedGraphs.lean	8596d1c9f02e8f64f00e6be1c7bae5581bb292395abcebe4b676732a494dbd3e
AKCF6ActualNativePuncturedGraphs	LeanCode/Internal/PhysicalAnalysis/AKCF6ActualNativePuncturedGraphs.lean	b3fff0358b1c6bb4a31700553fa649818cd8840085d0c0af92cba13e594e5b1a
AKCF7SameScaledCovariantAllGraphs	LeanCode/Internal/PhysicalAnalysis/AKCF7SameScaledCovariantAllGraphs.lean	f79dc7a5c8be34eb7ea1a903ecb270355e087876aa028f7d3de26ae1786a0105
AKCO20ActualOriginalAllPowerStartup	LeanCode/Internal/PhysicalAnalysis/AKCO20ActualOriginalAllPowerStartup.lean	6304556fda61b43a3cca10f104c5be4412cd366f33ac713feeb7e4b9fb75b7fc
AKCO21ActualB10AllPowerStartup	LeanCode/Internal/PhysicalAnalysis/AKCO21ActualB10AllPowerStartup.lean	6902daa486606811becab7804ac068da9620c45e69b4673fae3e88ef394da0fe
AKCO22ActualOriginalSourceAllPowerStartup	LeanCode/Internal/PhysicalAnalysis/AKCO22ActualOriginalSourceAllPowerStartup.lean	e2f7847fa2a62623cfb1a73396dcf2e572b8074b9ba6e67a09ad5d193b23ac7c
AKCX1SameAllPowerWeightedFirst	LeanCode/Internal/PhysicalAnalysis/AKCX1SameAllPowerWeightedFirst.lean	2933fb38bf303eac804ab0179cbec1cd37da693dde48b8425504183d0aa2e304
AKCX2LowerOrderedFirstGraph	LeanCode/Internal/PhysicalAnalysis/AKCX2LowerOrderedFirstGraph.lean	b92ad3e36227132db923578334e1d59ded801a0aa827f24247670bf330b32806
AKCX3LowerOrderedWeightedFirst	LeanCode/Internal/PhysicalAnalysis/AKCX3LowerOrderedWeightedFirst.lean	1ef16f8db733eac6525cb5e974edf9f845c19345a06b7a7112b5fea20004d2b7
AKCX4ActualSpatialRemainderFirst	LeanCode/Internal/PhysicalAnalysis/AKCX4ActualSpatialRemainderFirst.lean	ef9d9b4c68dd475f0f7b733b318d5a311c6d24206e600dfc702af7903e2e796a
AKCX5SameSignedAllWeightSpatialGraphs	LeanCode/Internal/PhysicalAnalysis/AKCX5SameSignedAllWeightSpatialGraphs.lean	0f06abd2d780e84529fe7c63468e57ec6b45300ce300fadd5f5a462da5d99d4d
AKCX6ActualMatrixRankLeadingFirst	LeanCode/Internal/PhysicalAnalysis/AKCX6ActualMatrixRankLeadingFirst.lean	06612ae050dc6278e1aa59ba51b5f6393cec6e728d93d23f8383ed3f4b9a6f27
AKCX7ActualFixedRankDerivative	LeanCode/Internal/PhysicalAnalysis/AKCX7ActualFixedRankDerivative.lean	ccd19ba6823c640f7d730f2405781e82cb987010ac4371307afd433a9ea30b59
AKCX8SameRankDerivativeRepresentatives	LeanCode/Internal/PhysicalAnalysis/AKCX8SameRankDerivativeRepresentatives.lean	f166b92fa9b433e65f6846a4de25b50e01ecd3c46f49fecd00453f9d63f49bce
AKCX9ActualSpatialComposition	LeanCode/Internal/PhysicalAnalysis/AKCX9ActualSpatialComposition.lean	ca670dbd658dbefcd2178a6a6fb8b6406b824249c92e2119595bbaea36d49505
AKCX10ActualMatrixSpatialAction	LeanCode/Internal/PhysicalAnalysis/AKCX10ActualMatrixSpatialAction.lean	fecbad1f75041e9a22bf69860069580bb3cd873889ae2c593ebebfa1b4734bb6
AKCX11ActualFixedSpatialActions	LeanCode/Internal/PhysicalAnalysis/AKCX11ActualFixedSpatialActions.lean	ae9e3c12f9934adef4c42619f80683a361cc75057baea761c0e10ec4446bdef3
AKCX12OriginalFixedSpatialComposition	LeanCode/Internal/PhysicalAnalysis/AKCX12OriginalFixedSpatialComposition.lean	a71d3cfd5a7195d0edba38fb2099441f5b71b5f1d59699e47fe392f0233e5d37
AKCX13ActualCurrentSpatialComposition	LeanCode/Internal/PhysicalAnalysis/AKCX13ActualCurrentSpatialComposition.lean	2839a2feed60091e32e3ba388b8b668b1728af4f92e8527c9254389ee6a0fc42
AKCX14ActualPrincipalSpatialLeading	LeanCode/Internal/PhysicalAnalysis/AKCX14ActualPrincipalSpatialLeading.lean	7f0dd6c97d514511c0e6218833ddcb81ad60e56ce0939738b871c5c8bbc2f0db
AKCX15JointSpatialDisplacementRemainder	LeanCode/Internal/PhysicalAnalysis/AKCX15JointSpatialDisplacementRemainder.lean	d19c668807f8038d5ed67d52c2ace5ba25ee673d35181ae6d8ea0f560e870178
AKCX16JointDisplacementWeakAllocation	LeanCode/Internal/PhysicalAnalysis/AKCX16JointDisplacementWeakAllocation.lean	711a9b5ed3a940f3e425131825f4e13f1a4543d163a7a7e70fb676d48b5cc743
AKCX17JointDisplacementLeadingFirst	LeanCode/Internal/PhysicalAnalysis/AKCX17JointDisplacementLeadingFirst.lean	b18e4a8cbd9a34a95ad9f81f69f450e32cbf5466497055bb4d0183d215fdf04e
AKCX18SameSignedRankDerivatives	LeanCode/Internal/PhysicalAnalysis/AKCX18SameSignedRankDerivatives.lean	1da750b0cfae5b7dcd6bf226d3b33ceba14999f3ec11f9ecb592450a83de62ba
AKCX19ActualMixedMatrixCoordinate	LeanCode/Internal/PhysicalAnalysis/AKCX19ActualMixedMatrixCoordinate.lean	31d2923490cc873675124e81577bf10fcf667cd1fbeb70a43adf1a3ab933e059
AKCX20ActualMixedMatrixRank	LeanCode/Internal/PhysicalAnalysis/AKCX20ActualMixedMatrixRank.lean	2881a1ceae41e87b946c9287e1bacb264d6982a9581b2505da06d65193e2e1a0
AKCX21SameRankDerivativeAlgebra	LeanCode/Internal/PhysicalAnalysis/AKCX21SameRankDerivativeAlgebra.lean	f55468836ca09e81ce12d977662bdd13381b569543f29c2b427fff62b5886f6f
AKCX22ActualMixedComposition	LeanCode/Internal/PhysicalAnalysis/AKCX22ActualMixedComposition.lean	4c6dad7679b217b4f9ad5cce211733f389342fb996fc5f21a4c2538e06926d22
AKCX23ActualMixedPrimitiveActions	LeanCode/Internal/PhysicalAnalysis/AKCX23ActualMixedPrimitiveActions.lean	d3550de05c7e66cfc0966832242f85fff567fc8430492d6d3a2f4fbc9302e1da
AKCX24ActualPrincipalMixedLeading	LeanCode/Internal/PhysicalAnalysis/AKCX24ActualPrincipalMixedLeading.lean	58bc0bbbeabda4f9892a18d89ce182313ffc4d8cbadfea69cf73a738c6ee11cd
AKCX25SameOriginalMixedPrincipal	LeanCode/Internal/PhysicalAnalysis/AKCX25SameOriginalMixedPrincipal.lean	0501aadb0a51dcf027c02c15b22c41bde79920ec35cca7881cd379121ecac910
AKCX26ActualOrderedWeakTests	LeanCode/Internal/PhysicalAnalysis/AKCX26ActualOrderedWeakTests.lean	796625e5177fa20e238817262c3bce2c68b5bfb53ad71b80cbd1b4c4567ccb6c
AKCX27SameDifferentiatedWeakER	LeanCode/Internal/PhysicalAnalysis/AKCX27SameDifferentiatedWeakER.lean	d211dace9623d440d1ba91697bfe22ecc3f875bf6e634a89befb884a755e7204
AKCX28ActualSourceOrderedCoordinates	LeanCode/Internal/PhysicalAnalysis/AKCX28ActualSourceOrderedCoordinates.lean	4cf03c4c0639d293955f7b686be8d9745169a22dada62e5dec4c0d50f2b7bf21
AKCX29ActualSourceAllSpatialGraphs	LeanCode/Internal/PhysicalAnalysis/AKCX29ActualSourceAllSpatialGraphs.lean	00aa74debe8a9b7e28194e74cafdf0de41be629d3cece0c5448a465ebaa1e27f
AKCX30SameOriginalSourceAllOrder	LeanCode/Internal/PhysicalAnalysis/AKCX30SameOriginalSourceAllOrder.lean	c7da738a9b23808347eabafd0eb1cd7df7be31b92e6829f3d0691527dc3e9110
AKCX31ActualKnownAllSpatialGraphs	LeanCode/Internal/PhysicalAnalysis/AKCX31ActualKnownAllSpatialGraphs.lean	fd0b2a10e252e43aba88ae78fe4b11306d7333acf668193df83951f52640802f
AKCX32ActualCellSpatialMultipliers	LeanCode/Internal/PhysicalAnalysis/AKCX32ActualCellSpatialMultipliers.lean	2d2ee9f4af35971939511e3bcb17b2f65945f2a9403ff23c26699e69771ae895
AKCX33SameCellMultiplierGraphs	LeanCode/Internal/PhysicalAnalysis/AKCX33SameCellMultiplierGraphs.lean	ca3c483ffd8e99e1b5ea24a111a98bc7f897bf2cd007b188120260f35c2c2ec9
AKCX34ActualPhaseHigherBounds	LeanCode/Internal/PhysicalAnalysis/AKCX34ActualPhaseHigherBounds.lean	e646de4c42c044c0953aea1668f18c188724b521f4389cac76333615d9272147
AKCX35ActualPhaseSecondGraphSymbol	LeanCode/Internal/PhysicalAnalysis/AKCX35ActualPhaseSecondGraphSymbol.lean	18623cf12f30d9dc2f49ef1eef09590c6e300c063f663180f6bf051e32049c81
AKCX36ActualPhaseRemainderGraphs	LeanCode/Internal/PhysicalAnalysis/AKCX36ActualPhaseRemainderGraphs.lean	5f41706c24da40fcf5b8890c1d30f5ed0204f314d19ece25265617214302804a
AKCX37SamePhaseEquationSpatialGraphs	LeanCode/Internal/PhysicalAnalysis/AKCX37SamePhaseEquationSpatialGraphs.lean	0140498ae159f2838df40a4f5ff655fe280db55a79d27cf27a8113f0eaa788b8
AKCX38SameSignedSpatialEquation	LeanCode/Internal/PhysicalAnalysis/AKCX38SameSignedSpatialEquation.lean	6706bac890dc8003e3b1a9485f34ee85c7fa48d6318e892d88ac79168e73eb3f
AKCX39SameCutoffAllSpatialGraphs	LeanCode/Internal/PhysicalAnalysis/AKCX39SameCutoffAllSpatialGraphs.lean	58cf6d992abeaad25f2d6c33549fa5e70d274ea1e366f9075e74cecb8cc944ef
AKCX40SameDerivativeSupport	LeanCode/Internal/PhysicalAnalysis/AKCX40SameDerivativeSupport.lean	2a7425432724cdd1ed65210c669c3a83bf1b158ac99baf677aaa2b4a274785ed
AKCX41SameLocalizedEquationGraphs	LeanCode/Internal/PhysicalAnalysis/AKCX41SameLocalizedEquationGraphs.lean	c4ccf6506c9bf79f398b720ca92a4a86bf3cf26aa1bc92b51ac3957b6448afea
AKCX44ActualNativeLowerSpatialGraphs	LeanCode/Internal/PhysicalAnalysis/AKCX44ActualNativeLowerSpatialGraphs.lean	b9f0bd26943e92813c0e078e139b6f136ee829f48f5729bda1d8bc8e060b2b53
AKCX45HigherGraphRankFirst	LeanCode/Internal/PhysicalAnalysis/AKCX45HigherGraphRankFirst.lean	7be74b81ef3adebf8db1d8cf6996b3450dbfe2bc8a9cf526fc059f77ed51ff94
AKCX42CompactDifferentiatedER	LeanCode/Internal/PhysicalAnalysis/AKCX42CompactDifferentiatedER.lean	b8be618d2fc4405e6a4f4ddd8008d79bc8c83bf2e04965b64525c073edba1c34
AKCX43SameSignedCompactSpatialEquation	LeanCode/Internal/PhysicalAnalysis/AKCX43SameSignedCompactSpatialEquation.lean	0581c4e5d2128bdc61b7eb101ff946aa5c4fb8db8de0981d1e8e8a4f19135d6a
AKCX46SameLocalizedPrincipalLeading	LeanCode/Internal/PhysicalAnalysis/AKCX46SameLocalizedPrincipalLeading.lean	8d39c9c0b19710e8857a06795b63e6afb974da6c32bc33d76750a74b285150cd
AKCG4OriginalB10RankResolventConsumer	LeanCode/Internal/PhysicalAnalysis/AKCG4OriginalB10RankResolventConsumer.lean	1bfbdb1063a4b1532168db5e8f192d01679d68b3d4b077f51d94396abde080db
AKCX47NestedRankCutoffIdentity	LeanCode/Internal/PhysicalAnalysis/AKCX47NestedRankCutoffIdentity.lean	156d504d7b7ec6e4cdb494b8c387331ce1a26a0fd0d6617f1c111531212bbfd8
AKCX48ActualNestedRankDistribution	LeanCode/Internal/PhysicalAnalysis/AKCX48ActualNestedRankDistribution.lean	314c87b9156b7c2ae8e7fc083c2438731485000a2f530d85220a42c6ac45ed97
AKCX49RankFirstGraphAssembly	LeanCode/Internal/PhysicalAnalysis/AKCX49RankFirstGraphAssembly.lean	565945b4845d7c3e79203f72e3d9dde2dde4bea27cf82ccb5667369623735abf
AKCX50SameActualRankStep	LeanCode/Internal/PhysicalAnalysis/AKCX50SameActualRankStep.lean	c80eb742efc5542de4629b142f9db06e3b39365ce12c401fbe9946b3908dd81c
AKCX51SameAnnularAllSpatialGraphs	LeanCode/Internal/PhysicalAnalysis/AKCX51SameAnnularAllSpatialGraphs.lean	df78be180fc01e61f47bded2c41f485ae674c36851d1d9a069682f2f7947f1bf
AKCX52SameClosedNativeInduction	LeanCode/Internal/PhysicalAnalysis/AKCX52SameClosedNativeInduction.lean	5d20ae6d30bf65270aa6cf8a303b6fb7944b32937bc71c5148620f9b55b385be
AKCX53SameNativeSignedSpatialData	LeanCode/Internal/PhysicalAnalysis/AKCX53SameNativeSignedSpatialData.lean	7945b2b3d96ec17427f5329572640cda1d9e73982e865d083a810d3d5db3dcda
AKCX54ActualOriginalNativeAllSpatialGrades	LeanCode/Internal/PhysicalAnalysis/AKCX54ActualOriginalNativeAllSpatialGrades.lean	69679095d261dc71e1617852b6c5097b0f047cac0ed4d021bfd6710c8f5f3781
AKCX55ActualAllRankGaugeBounds	LeanCode/Internal/PhysicalAnalysis/AKCX55ActualAllRankGaugeBounds.lean	0d37d56312af4d196981d9554e9c360f57fe7ebdfaf979017ca650c5f5704a35
AKDM1ActualPrincipalAbsorption	LeanCode/Internal/PhysicalAnalysis/AKDM1ActualPrincipalAbsorption.lean	6a270c5d58cbcf60d67b96b19abe880ae2d7438da6536e9d3ec1e32291c2a87b
AKDM2ActualWeakEquationAbsorption	LeanCode/Internal/PhysicalAnalysis/AKDM2ActualWeakEquationAbsorption.lean	32017888d3949deed61c14abd0bab0bbace405ed58e72fb7fe2aeb9e5fa8fb3f
AKDM4SecondTensorRemainderAbsorption	LeanCode/Internal/PhysicalAnalysis/AKDM4SecondTensorRemainderAbsorption.lean	66d41e7028d8920a325abc9073b18e5c8f3c2ec17b54a7ea59b5fb88dcc8c2d7
AKDP37ActualBesselDerivativeGains	LeanCode/Internal/PhysicalAnalysis/AKDP37ActualBesselDerivativeGains.lean	b9ab9065d0965c25d5365504bf516de9fec9fcd1a97ef5f3d16927dd3a59f204
AKDP38ActualCompactDerivativeDistribution	LeanCode/Internal/PhysicalAnalysis/AKDP38ActualCompactDerivativeDistribution.lean	744f2e552f3cd5966df8fc46d43c61d155691a92d1ad6be1bc526864b3f15a71
AKDP39ActualCompactBesselLowerOrders	LeanCode/Internal/PhysicalAnalysis/AKDP39ActualCompactBesselLowerOrders.lean	15ab294b0bdd81cce2a7bfa874e40f08898b7f31904869c3f7c192afcc42d2b1
AKBC40SameLiteralCofactorFlux	LeanCode/Internal/PhysicalAnalysis/AKBC40SameLiteralCofactorFlux.lean	858845403f5173db26140d8ef136639881b43a3743b126466b04502c627988cf
AKBC41SameCorrectedFluxTrace	LeanCode/Internal/PhysicalAnalysis/AKBC41SameCorrectedFluxTrace.lean	cc6ee3061d9cb1008a005cd201d4a050a2cdb9529a65092ad90eb496dbc53c6f
AKBC42SameActualPressureTrace	LeanCode/Internal/PhysicalAnalysis/AKBC42SameActualPressureTrace.lean	528348f48b4bb12425315643f9ec3ec3c312113cde7f924ae5366e557888a52d
AKBC43SameTupleCurveTraces	LeanCode/Internal/PhysicalAnalysis/AKBC43SameTupleCurveTraces.lean	00838bd881fccd599f4a38621ac866c7e3413118d96a006df17e565c3d62847c
AKBC44SameOriginalNormalizedInput	LeanCode/Internal/PhysicalAnalysis/AKBC44SameOriginalNormalizedInput.lean	af67eb2407f30b733fac0c618b7ef1b6d889c0e7b757ef60306453f91f042f24
AKBC45ActualHomogeneousCovariantRecovery	LeanCode/Internal/PhysicalAnalysis/AKBC45ActualHomogeneousCovariantRecovery.lean	7d129b060ee7a6c9099e7268214da011f9645701933921599518c4a0fd188359
AKBC46ActualReconstructedForceConsumer	LeanCode/Internal/PhysicalAnalysis/AKBC46ActualReconstructedForceConsumer.lean	0e1ce020542e7b73ab8a70800814e34bd4ac45ef93b1cc752fa150c3ced86938
AKBI1OriginalRadialCorrectionMean	LeanCode/Internal/PhysicalAnalysis/AKBI1OriginalRadialCorrectionMean.lean	c5445291b762f8136c519bc20aced3c346d656a22e3594eb64e65a4aef66a40a
AKBI2OriginalHomogeneousEulerForce	LeanCode/Internal/PhysicalAnalysis/AKBI2OriginalHomogeneousEulerForce.lean	5ef2933d7a5e206b6e845f7c759db40c48d7500c9ffd79d94983fc07887dc876
AKBI3ActualCoreCartesianDifferentiation	LeanCode/Internal/PhysicalAnalysis/AKBI3ActualCoreCartesianDifferentiation.lean	023d4c65e462a2c6261c05c9e27b4987fb8c332c5a73a7718be92cf476435855
AKBI4OriginalCartesianProductRule	LeanCode/Internal/PhysicalAnalysis/AKBI4OriginalCartesianProductRule.lean	0c2309e7d578518a3808cd4246a8abba075ba5fa21b1d5dbdb955e19ed440abc
AKBI5ActualHomogeneousXiEuler	LeanCode/Internal/PhysicalAnalysis/AKBI5ActualHomogeneousXiEuler.lean	c4f6fe7d698af7d78741a341c9553533104eb1b46c963b8b19375a3938c57fb3
AKBI6OriginalFourierRadialEuler	LeanCode/Internal/PhysicalAnalysis/AKBI6OriginalFourierRadialEuler.lean	9025dadc6be5e6cbbab9e0a16f1914439bdc5ddc8ac478b3e32343e59d5f1c9c
AKBI7ActualEulerFrameContractions	LeanCode/Internal/PhysicalAnalysis/AKBI7ActualEulerFrameContractions.lean	ad7164b6df69b94d86c722956e40f1058fc665fa7245baba3b83433cbd43e83d
AKBI8SameOriginalNegativeTraceAlgebra	LeanCode/Internal/PhysicalAnalysis/AKBI8SameOriginalNegativeTraceAlgebra.lean	78b4083901fb0ea6bcc1a7d95a3ea8c327df98f983fabc46aa936a38fb2d9f3b
AKBI9SameActualRadialCovariantTrace	LeanCode/Internal/PhysicalAnalysis/AKBI9SameActualRadialCovariantTrace.lean	bf9997862fce974acb8599a98cdcf7f588a2d366326581673517d7cf024a848a
AKBI10SameOriginalRetainedForceValue	LeanCode/Internal/PhysicalAnalysis/AKBI10SameOriginalRetainedForceValue.lean	8405950e45e29898d7c58573dc166ed0594828053ebb4230a1e12b5aa79d29f8
AKBI11SameRetainedForceRadialTrace	LeanCode/Internal/PhysicalAnalysis/AKBI11SameRetainedForceRadialTrace.lean	45c9878c7a73ea61e3fe6d8621800ad634dfdce131be5897116e7f0fd9c0ae95
AKBI12ActualHomogeneousFirstResidual	LeanCode/Internal/PhysicalAnalysis/AKBI12ActualHomogeneousFirstResidual.lean	854e0e0d3030932a76d9c1dd368deae0851a949d21d3ee05326b985b14d70869
AKBI13ActualHomogeneousFirstSourceGraph	LeanCode/Internal/PhysicalAnalysis/AKBI13ActualHomogeneousFirstSourceGraph.lean	b0a6613958756c0c14fb0cea2cdc689c4abcb6f1eb180899b45563d9b8a8d2df
AKU51ActualScalarTimeTaylor	LeanCode/Internal/PhysicalAnalysis/AKU51ActualScalarTimeTaylor.lean	9195d47fa8b4125dccab910dd16f6b9bde2735e4f36ebafd3dfce550581c33d8
AKU54OriginalTripleFourierSum	LeanCode/Internal/PhysicalAnalysis/AKU54OriginalTripleFourierSum.lean	946c4b9f3849ca929415a55bc7dbd3722e90ab67282eb9103039c49df2e72634
AKU55LiteralDeterminantFourierValue	LeanCode/Internal/PhysicalAnalysis/AKU55LiteralDeterminantFourierValue.lean	21417c23c43fd80c26c0a5ca5dcee5feefaae0d04b8d9be90980621c6ca1490b
AKBI14OriginalDeterminantProductDifferentiation	LeanCode/Internal/PhysicalAnalysis/AKBI14OriginalDeterminantProductDifferentiation.lean	3ee6a25d0f65b533151e26c04ee34323f1b7586b0d81752eeb6ff8e4280efa35
AKBI15OriginalDeterminantAxialDifferentiation	LeanCode/Internal/PhysicalAnalysis/AKBI15OriginalDeterminantAxialDifferentiation.lean	1e9cd0483ba9949fa597a93409a09a01d517bfc1990eefbe2c6f67a26e26906b
AKBI16ActualOriginalAffinePiola	LeanCode/Internal/PhysicalAnalysis/AKBI16ActualOriginalAffinePiola.lean	a680f5c4ed74030b50fba2ce7934f3dec7d68720f5cbf04f25cebf046ee7b437
AKU57ActualColumnDeterminantAlgebra	LeanCode/Internal/PhysicalAnalysis/AKU57ActualColumnDeterminantAlgebra.lean	ec6f8c3f7fc7028b9b25c5600f85f0f376b92289b6a1e59e7e518433e7602e1a
AKBI17OriginalAdjugateFluxAlgebra	LeanCode/Internal/PhysicalAnalysis/AKBI17OriginalAdjugateFluxAlgebra.lean	97c890208005f1f656e78d2132387669c88521c31baac4bd77d1466d17e5c5ff
AKBI18SameActualCartesianCofactorFlux	LeanCode/Internal/PhysicalAnalysis/AKBI18SameActualCartesianCofactorFlux.lean	2c334572d8566cdccf37eda5055a662614a9d7e297ee2cb36d6c0aa4765b2de9
AKBI19SameCoreCofactorDivergence	LeanCode/Internal/PhysicalAnalysis/AKBI19SameCoreCofactorDivergence.lean	8d9ec63bd62a5ec677f517901f2302dc6032544948c8ea33d95678448cffe957
AKBI20ActualCartesianCofactorDerivatives	LeanCode/Internal/PhysicalAnalysis/AKBI20ActualCartesianCofactorDerivatives.lean	b207e57f3bb8ce22c064b553fc9366f391659c1624a15cdc595fb8f8bfd11730
AKBI21LiteralOriginalCofactorField	LeanCode/Internal/PhysicalAnalysis/AKBI21LiteralOriginalCofactorField.lean	94b82fd771f42056d161efda49bca5cb52d924f10bb2aed5aead10d10f9f9911
AKBI22ExactOriginalDeterminantConsumer	LeanCode/Internal/PhysicalAnalysis/AKBI22ExactOriginalDeterminantConsumer.lean	17770503d27fc32530c4dda5c0bde68bcc0cca64d98e18b76f5bb9ce228f2fb5
AKBM1SameSmoothAngularAxialCurves	LeanCode/Internal/PhysicalAnalysis/AKBM1SameSmoothAngularAxialCurves.lean	dd66fe55a05526a96acb6aeeb00dc7357262a161e4e241adbe364b96830005bf
AKBM2SameSmoothSevenPacket	LeanCode/Internal/PhysicalAnalysis/AKBM2SameSmoothSevenPacket.lean	462da3987a2d38ac04c953441de575ff1e95454a0c434ecea6ab9f199e199055
AKBM3SameOriginalSevenCovariant	LeanCode/Internal/PhysicalAnalysis/AKBM3SameOriginalSevenCovariant.lean	14365675bb28ab723e36a8912bf2741c87e927b2c63e247662d75bc7272d6c91
AKBM6ActualCurveAngularDerivatives	LeanCode/Internal/PhysicalAnalysis/AKBM6ActualCurveAngularDerivatives.lean	a07ebbf44c4664cf5f7020982dd0a00cfd9466c6adffe39f4a496a054710cb1e
AKBM11SameOriginalForceTraceCurves	LeanCode/Internal/PhysicalAnalysis/AKBM11SameOriginalForceTraceCurves.lean	781677621a402717a5708091484ad7523415fa93826f474710b4dc063f5e33f9
AKBM12ActualSmoothForceTraceAlgebra	LeanCode/Internal/PhysicalAnalysis/AKBM12ActualSmoothForceTraceAlgebra.lean	99254db6276a091ef66c9f21df90a460f6fa4b32327dc51fc41c4d2733bbb583
AKBM10SameScalarSlotDerivatives	LeanCode/Internal/PhysicalAnalysis/AKBM10SameScalarSlotDerivatives.lean	67df379d9caacee5a06ad3b66438766bbb2c75d2213543e4334791721b28ab5c
AKBM13ActualOriginalCovariantDerivatives	LeanCode/Internal/PhysicalAnalysis/AKBM13ActualOriginalCovariantDerivatives.lean	296d3ca289c3a26c74ea0409675c0761dc65faa1428ad41055c9ddb122b9a0a4
AKBM14ActualOriginalFirstForce	LeanCode/Internal/PhysicalAnalysis/AKBM14ActualOriginalFirstForce.lean	44451873d8f22301eded33127ac0bdb07706ea4d9d12c538cfac8a158f2f562d
AKBM15ActualOriginalThirdForce	LeanCode/Internal/PhysicalAnalysis/AKBM15ActualOriginalThirdForce.lean	70e7e8af9d77a274d1dd010043fef2e192ef840513eb7257f0a0756e488ab04d
AKBM16ActualOriginalXiRadialLaw	LeanCode/Internal/PhysicalAnalysis/AKBM16ActualOriginalXiRadialLaw.lean	06873ee758084721d965748239dd68b692979138204f57d267e9575ac468ced7
AKBM17ActualOriginalFirstAngularRow	LeanCode/Internal/PhysicalAnalysis/AKBM17ActualOriginalFirstAngularRow.lean	52a1270c12277551543ca4fc823a19cb016ef61d99f93386309b4d209087e24d
AKBM18ActualOriginalRemainingAngularRows	LeanCode/Internal/PhysicalAnalysis/AKBM18ActualOriginalRemainingAngularRows.lean	74888b8402a092ac719ff0ef035944407831ad27b7c172427af75087e576d23f
AKBM4SameOriginalFullFlux	LeanCode/Internal/PhysicalAnalysis/AKBM4SameOriginalFullFlux.lean	11e57a7bdb8fa03696cbbb003950d139365f8c04ce42f358572adfb41cb2d90c
AKBM5OriginalCartesianCurveDivergence	LeanCode/Internal/PhysicalAnalysis/AKBM5OriginalCartesianCurveDivergence.lean	178e31cbd2f54228c1ae9c99734a1b3da62231f530bd1811a1ce155805e03a0a
AKBM7OriginalDeterminantProductExpansion	LeanCode/Internal/PhysicalAnalysis/AKBM7OriginalDeterminantProductExpansion.lean	7502519038485cfb5688e978a45d304d24e039f5303b31529bd5bf5967eae6b1
AKBM8ActualOriginalPolarDivergence	LeanCode/Internal/PhysicalAnalysis/AKBM8ActualOriginalPolarDivergence.lean	d37cce9c4ca0026021daaba512fe75e5ed7e22279e78230abfbab55c8068f551
AKBM9ActualProjectedPolarDivergence	LeanCode/Internal/PhysicalAnalysis/AKBM9ActualProjectedPolarDivergence.lean	c9d84ea8b7c1fb99f04f08f403ce49c2088dc00b9c444955564ef15ce3e659e0
AKBM19ActualOriginalScalarCancellation	LeanCode/Internal/PhysicalAnalysis/AKBM19ActualOriginalScalarCancellation.lean	3f39ff2a80b6fe0b661b184440efc7f9d3486d508c57596f1cf33726288be1f5
AKBM20SameActualCorrectedPressure	LeanCode/Internal/PhysicalAnalysis/AKBM20SameActualCorrectedPressure.lean	5564de0df3fe33ab966863c79598ca7ac4531095cb3a7bd4cdfa3c0fb63e7085
AKBM21ActualOriginalCorrectedScalar	LeanCode/Internal/PhysicalAnalysis/AKBM21ActualOriginalCorrectedScalar.lean	b9c7b2f20cda9328cbe83498330f5e3f0bb96cc6e24740bc6025876745c32436
AKBM22ActualRadialFourierConverse	LeanCode/Internal/PhysicalAnalysis/AKBM22ActualRadialFourierConverse.lean	2dee22a7f25f53777ee2a4233bbb5bbc3968c32a6cff0503c77cdcf645355a67
AKBM23SameOriginalProjectedAxialFlux	LeanCode/Internal/PhysicalAnalysis/AKBM23SameOriginalProjectedAxialFlux.lean	177a017880b34639d3cb9c1a12968309ce99a850e11a19b085f9de54711e5101
AKBM24ActualOriginalThirdResidualZero	LeanCode/Internal/PhysicalAnalysis/AKBM24ActualOriginalThirdResidualZero.lean	4b1129e8a087d292439572e34f386e0feed1283bb655e2be4a4da85bf191167f
AKBM25ActualOriginalFullSourceZero	LeanCode/Internal/PhysicalAnalysis/AKBM25ActualOriginalFullSourceZero.lean	3b22961ba5b9df7abd70ab64020f1fec9701aff7bec07766f3da6e868781c766
AKBM26ExactOriginalHomogeneousGraphConsumer	LeanCode/Internal/PhysicalAnalysis/AKBM26ExactOriginalHomogeneousGraphConsumer.lean	3e0284b4918a426e95a1fd06db9596dc079da8bb9a559ff3217aa841726b9360
AKBR1SameFullOuterSevenBoundary	LeanCode/Internal/PhysicalAnalysis/AKBR1SameFullOuterSevenBoundary.lean	17ea402be5c374b55571d414e101030b2517f746f1ab18ac9e7adc161f1c836c
AKBR2SameHighOuterPhysicalTraces	LeanCode/Internal/PhysicalAnalysis/AKBR2SameHighOuterPhysicalTraces.lean	74af95c4be9121cc7acc7cfb78ef59b000f67d955c5c92f26f8bd715076a183a
AKBR3SameFullOuterRetainedTraces	LeanCode/Internal/PhysicalAnalysis/AKBR3SameFullOuterRetainedTraces.lean	84c19934054cc5b5b2e830d29b1a85656ac2e44e58f835aea73519cacc9ca5f9
AKBR4SameFullOuterSevenCoordinates	LeanCode/Internal/PhysicalAnalysis/AKBR4SameFullOuterSevenCoordinates.lean	e81716678f718fe4916494289e1caef28b938b4e29645b69a64c489898b23220
AKBR5SameLiteralOuterSevenTrace	LeanCode/Internal/PhysicalAnalysis/AKBR5SameLiteralOuterSevenTrace.lean	37ef1cc673a2ec90eda6f0ed953846093bb03432bdafdf6b7b88f364ef7b51c8
AKBR6ActualBoundaryCovectorFourier	LeanCode/Internal/PhysicalAnalysis/AKBR6ActualBoundaryCovectorFourier.lean	6c7a170be29429f061db4505b01a60b9abe014d6561343d4113d2fd778ab2917
AKBR7OriginalPhysicalSeedInverse	LeanCode/Internal/PhysicalAnalysis/AKBR7OriginalPhysicalSeedInverse.lean	b17f16a2548322b77a461639598e4799feaf9d98b57cfe4c44e300ffc783c832
AKBR8OriginalPhysicalRowFourier	LeanCode/Internal/PhysicalAnalysis/AKBR8OriginalPhysicalRowFourier.lean	7d2311fd8d38805542e5f4d7c52eb4ded95135548585da8e69642c5ccd4fc34b
AKBR9SameOriginalBoundaryProduct	LeanCode/Internal/PhysicalAnalysis/AKBR9SameOriginalBoundaryProduct.lean	201fb19652bab35df6e2b66b71f7d2ca897b5ededb427926f511b8b39589b4c0
AKBR10SameActualOuterCovariant	LeanCode/Internal/PhysicalAnalysis/AKBR10SameActualOuterCovariant.lean	8a3bb4e79ba8e02fbaddc9afc0679fc9b4002c2116a922b9b952a4c597d5293d
AKBR11ActualOriginalHighBoundaryZero	LeanCode/Internal/PhysicalAnalysis/AKBR11ActualOriginalHighBoundaryZero.lean	b2bddbe332ff676ad237e8bf257349a6af35785bda2e4cc7e020bb95f0376261
AKBR12OriginalBoundaryPrimitiveZero	LeanCode/Internal/PhysicalAnalysis/AKBR12OriginalBoundaryPrimitiveZero.lean	250af0ac7dcb78e9a8c9eb6905a0e74da49d61e9dbcbd66606e72e702442ff47
AKBR13ActualOriginalOuterBoundaryZero	LeanCode/Internal/PhysicalAnalysis/AKBR13ActualOriginalOuterBoundaryZero.lean	a0c686af1af9579ee6999b0852f4698cd4d713a32e63ea8837878c0ac9b5fcd9
AKBR14ExactOriginalHomogeneousOuterConsumer	LeanCode/Internal/PhysicalAnalysis/AKBR14ExactOriginalHomogeneousOuterConsumer.lean	05b1f29a6b6af74b94476a03d8e583555eea7484d498f0e6432e9c6a8561fc35
AKBU1SamePhysicalRetainedRestriction	LeanCode/Internal/PhysicalAnalysis/AKBU1SamePhysicalRetainedRestriction.lean	5f4f009d2b8a4067df3f37ecccc116cf5fb2a1fa1fdbd908041e2a8c9eda551b
AKBU2SameOriginalPhysicalGraphRestriction	LeanCode/Internal/PhysicalAnalysis/AKBU2SameOriginalPhysicalGraphRestriction.lean	2836ed9ef367349692b59ee0157f8466d47c6070895068e36b95dab82daa4155
AKBU3ActualHighIncomingPhysicalCoefficient	LeanCode/Internal/PhysicalAnalysis/AKBU3ActualHighIncomingPhysicalCoefficient.lean	2917bbe7e4a69b844c778e07c6c64ea51300489b67741ba8610a2cd633a97427
AKBU4OriginalIncomingFrequencyWeights	LeanCode/Internal/PhysicalAnalysis/AKBU4OriginalIncomingFrequencyWeights.lean	b92834f73992f962287dd6efc404f918e93b5bc00f36befeb63effd7255ff5f1
AKBU5SameOriginalHighIncomingPayment	LeanCode/Internal/PhysicalAnalysis/AKBU5SameOriginalHighIncomingPayment.lean	19f5f93c2fb0981e0a796f042b2ae211726f0da596872f9996737aaee9ddd19e
AKBU6ActualLowIncomingWeightedCoefficients	LeanCode/Internal/PhysicalAnalysis/AKBU6ActualLowIncomingWeightedCoefficients.lean	255901d3b87d2e6c39b87527aa2e24586291f1446601639a591821967cb0ce75
AKBU7OriginalLowIncomingWeightBounds	LeanCode/Internal/PhysicalAnalysis/AKBU7OriginalLowIncomingWeightBounds.lean	1a855540604a43ef6683c867d04172ac7db9e5de4fa7fe5ea30739f4ef5e157d
AKBU8OriginalLowIncomingNormPayment	LeanCode/Internal/PhysicalAnalysis/AKBU8OriginalLowIncomingNormPayment.lean	96ccaed3c4a6fb4bda55c43e18c33a2568a6796b0f4fd0feea3a1bd78ce4c51d
AKBU9OriginalFullIncomingNormPayment	LeanCode/Internal/PhysicalAnalysis/AKBU9OriginalFullIncomingNormPayment.lean	3ed6a5e13d8b81393cbe7527a3a52df55c3089aa23c59b147c2ae2c0623a5885
AKBU10SamePhysicalIncomingDecay	LeanCode/Internal/PhysicalAnalysis/AKBU10SamePhysicalIncomingDecay.lean	d33d17426e389e2721aa739fc488c81535afbe453aaeef5af883b5326a47eca5
AKBU11OriginalHomogeneousRetainedEstimate	LeanCode/Internal/PhysicalAnalysis/AKBU11OriginalHomogeneousRetainedEstimate.lean	b86a93f69d03142337c3f4ac4896ea8cdfa65f1e4dfff849c6959c9fe7a547ff
AKBU12ActualOriginalRetainedUniqueness	LeanCode/Internal/PhysicalAnalysis/AKBU12ActualOriginalRetainedUniqueness.lean	5ec2ca5a3d1ec40b39463c9af5d96ad15a1e483a67f3033fd3bef105dc9650b7
AKBU13ZeroRetainedTupleTrace	LeanCode/Internal/PhysicalAnalysis/AKBU13ZeroRetainedTupleTrace.lean	eda53d62de76d7608cc473eca0c4df91d1d5a1419eb9f0bb14386961ff397398
AKBU14ActualPhysicalCovariantZero	LeanCode/Internal/PhysicalAnalysis/AKBU14ActualPhysicalCovariantZero.lean	04e7b6e1ef5612b1454bc3dbdcc5a88bbdbd24441ca55106c30fe2eb63b71d2c
AKBU15ActualNegativeTraceZeroField	LeanCode/Internal/PhysicalAnalysis/AKBU15ActualNegativeTraceZeroField.lean	e798755eff7c704a9d41c2ce939b536bec82d0b5b1d0667c854981e22c3d29c6
AKBU16OriginalPhysicalVectorCircleZero	LeanCode/Internal/PhysicalAnalysis/AKBU16OriginalPhysicalVectorCircleZero.lean	ae29ac9a0a12aa28dadcac6c55fa5f0db2be6b3269f3f8548469ab48d6f94753
AKBU17OriginalCircleFaithfulness	LeanCode/Internal/PhysicalAnalysis/AKBU17OriginalCircleFaithfulness.lean	8e6f1e14ca2e0dee2b89af1d02423a0f8cc1f055eb275b5d12bbf46f0cfab58d
AKBU18ActualOriginalPhysicalVectorUniqueness	LeanCode/Internal/PhysicalAnalysis/AKBU18ActualOriginalPhysicalVectorUniqueness.lean	19e5dd3fbe5cd2ff24c32b3c66e40be9f2d5c1d4e3bf8f3e2b2e8207e3095580
AKBU19OriginalPhysicalScalarCircleZero	LeanCode/Internal/PhysicalAnalysis/AKBU19OriginalPhysicalScalarCircleZero.lean	fc8ba7608412c503a3ddc40c16b5c568dc95d0c365bca8028a0728b43812d6b4
AKBU20ActualOriginalPhysicalPairUniqueness	LeanCode/Internal/PhysicalAnalysis/AKBU20ActualOriginalPhysicalPairUniqueness.lean	07830e4b3353eae428e0a258bb896197926fd774cf32338c8563d221f0617b57
AKBU21LiteralOriginalKernelConsumer	LeanCode/Internal/PhysicalAnalysis/AKBU21LiteralOriginalKernelConsumer.lean	d6a48ddeb3d5f51a3f77cb014bbbdab0a1f7dc5d5feff431ffbeef3067794237
AKU47LiteralCurrentForceJetMatch	LeanCode/Internal/PhysicalAnalysis/AKU47LiteralCurrentForceJetMatch.lean	bbc2b436b95a8195ee37eb879835081456416fc6f3327f850f228cf0d9bdfc25
AKU48LiteralDerivativeQuadraticForce	LeanCode/Internal/PhysicalAnalysis/AKU48LiteralDerivativeQuadraticForce.lean	49373b187073a75a2583946fbaa0d593208ea753989b114c6257689aca99d20c
AKU52AngularSecondTaylorPreservation	LeanCode/Internal/PhysicalAnalysis/AKU52AngularSecondTaylorPreservation.lean	41d257e07a8bbd152a36a8b4885dfb699a2df71d805d905fa0fa15b4e1c28b23
AKU62ActualForceFirstJets	LeanCode/Internal/PhysicalAnalysis/AKU62ActualForceFirstJets.lean	4353434e0ad73c20142c00146bd151ae80e594a8ab677f0956e1071d024561e5
AKU50ActualToroidalAxisRecovery	LeanCode/Internal/PhysicalAnalysis/AKU50ActualToroidalAxisRecovery.lean	c2e2b758981dc3b6736b86855dffcf23c5f5d17e70426fd26394da45af803bf4
AKU53LiteralFourthSourceJetMatch	LeanCode/Internal/PhysicalAnalysis/AKU53LiteralFourthSourceJetMatch.lean	dbf79cfbd94478d42d3efa907cbf45cc060513d696c3b849ea9890ddb50d8bc7
AKU56ActualDeterminantLinearTrace	LeanCode/Internal/PhysicalAnalysis/AKU56ActualDeterminantLinearTrace.lean	ea8ff670d882c415fd3130167ee5d8d57e7fc158435b4ef3a948922c634348d1
AKU58ActualAxisMetricAndAffine	LeanCode/Internal/PhysicalAnalysis/AKU58ActualAxisMetricAndAffine.lean	6ff31200f7e86fdc0033258b1a82e37e599e19655fc897f3819ed1329b1611bf
AKU59ActualDeterminantAxisTerms	LeanCode/Internal/PhysicalAnalysis/AKU59ActualDeterminantAxisTerms.lean	8f87aa7991bce44c4104739bde9b515eac11845bf03dcdd4420c710dca604a7a
AKU60SameMetricSourceDivergence	LeanCode/Internal/PhysicalAnalysis/AKU60SameMetricSourceDivergence.lean	195f23bf31c097ce83c63ef935ee0c4c7346b8a6abe6e6a12ca7468fb0321a63
AKU61LiteralDeterminantJetMatch	LeanCode/Internal/PhysicalAnalysis/AKU61LiteralDeterminantJetMatch.lean	aef13bae41ef2c71bffb7503e2eb0e437f530d19a14149d4e7d00f034ff9cf48
AKU63LiteralLowerSourceJets	LeanCode/Internal/PhysicalAnalysis/AKU63LiteralLowerSourceJets.lean	f36bba3273205c26a8be70ef92c1c9bf49bd2ad81f96d023ffc88b8c2d4adf74
AKU64ActualResidualVanishing	LeanCode/Internal/PhysicalAnalysis/AKU64ActualResidualVanishing.lean	217e6ab9cd4a67aaeece0c8e106435fdd35d987f8d5a23e7742ff4772693f09a
AKU67OriginalSourceAxisBounds	LeanCode/Internal/PhysicalAnalysis/AKU67OriginalSourceAxisBounds.lean	dab60e6bef6d09f992eb3857d8e5a843b0dc0d247cc981df632fa52d29cf6755
AKU68SharpAxisCoefficientPayment	LeanCode/Internal/PhysicalAnalysis/AKU68SharpAxisCoefficientPayment.lean	ee960c6abd24d712e08bbc61c37ce123d342e0af5f37cc7f3b4199d4e05d827a
AKU69ScalarLiftSourcePayment	LeanCode/Internal/PhysicalAnalysis/AKU69ScalarLiftSourcePayment.lean	0a3a236ea09d701996b7c8d9c4a6e1f62c0c68c9270d39565a107951fd01fbd4
AKU70FiniteAxisMapBounds	LeanCode/Internal/PhysicalAnalysis/AKU70FiniteAxisMapBounds.lean	d2d3de8437738e61b6316c04e468463d685a4e461c25509dfdc654d2071f7b9e
AKU71ActualLiftCoefficientBounds	LeanCode/Internal/PhysicalAnalysis/AKU71ActualLiftCoefficientBounds.lean	8b0a14468c9ddbcf3fac5992957adb61ed45de975c9f3632f5ec2423aed79f2a
AKU72RemainingFiniteMapBounds	LeanCode/Internal/PhysicalAnalysis/AKU72RemainingFiniteMapBounds.lean	eae094085601abaf16055cd890667ccf4c22a4981ac15ec1428928c169fd3bb5
AKU73OriginalCubicTargetPayment	LeanCode/Internal/PhysicalAnalysis/AKU73OriginalCubicTargetPayment.lean	2ebae7d53d4d90cd5ecefa536064ddedd11f0eafc6c7327be90d27100314c4a1
AKU74OriginalFiniteAxisLiftPayment	LeanCode/Internal/PhysicalAnalysis/AKU74OriginalFiniteAxisLiftPayment.lean	ece42c067fcbcf97f6613b4b38ce2d3a9e23e8ce73e4c010aa397b5376d674d8
AKU75OriginalFiniteLiftNorm	LeanCode/Internal/PhysicalAnalysis/AKU75OriginalFiniteLiftNorm.lean	54c1d203723d6986461d82d726a2a26d881882ee9ed2c46a8d2f4d4c219288c0
AKU76SharpOriginalJFPayment	LeanCode/Internal/PhysicalAnalysis/AKU76SharpOriginalJFPayment.lean	30cabd7730ffedf8006ddcf507350efe579edbd5e3c7b2eb6b1a11dad99a49b9
AKU77ActualForwardReality	LeanCode/Internal/PhysicalAnalysis/AKU77ActualForwardReality.lean	dba2e51573768d524c5be17c6a1c46cb7b5bd91dbe3c4ea0d6d00e661d60e5cf
AKU78RealFiniteLiftAverage	LeanCode/Internal/PhysicalAnalysis/AKU78RealFiniteLiftAverage.lean	9bda720d6b5133076591c271522472843f4ab7440c85ede73138c745c4fffdba
AKU79RealResidualVanishing	LeanCode/Internal/PhysicalAnalysis/AKU79RealResidualVanishing.lean	920b58ede1b5a399fb25289f020c989c5f304e3fa5adae00f43b8813ed53312c
AKU65OriginalLiftGaugeModes	LeanCode/Internal/PhysicalAnalysis/AKU65OriginalLiftGaugeModes.lean	a21c1cb40c981fbf9633ae6a91034fdd6e9e497270e2252c27ccdb92b7d70901
AKU66OriginalLiftVectorConstraints	LeanCode/Internal/PhysicalAnalysis/AKU66OriginalLiftVectorConstraints.lean	226903f429ad3d6f3f649c90e5b176f6e7a5601e1ce794cd07790c245ab44b0b
AKU80RealOriginalDomain	LeanCode/Internal/PhysicalAnalysis/AKU80RealOriginalDomain.lean	b7fab9eb3b3a3259a1ed71ac587d742b1e058814c43c9645894a28509b527086
AKU81ActualPhysicalForwardBound	LeanCode/Internal/PhysicalAnalysis/AKU81ActualPhysicalForwardBound.lean	3a1f5379aee2049195739dd5122cda35b009f575239d75730dabd287208a513a
AKU82ActualJCSourcePayment	LeanCode/Internal/PhysicalAnalysis/AKU82ActualJCSourcePayment.lean	d6f1599ee40688bce70a88e9d511d30cd2cff2b2154f55f7a885b9348bd5f913
AKU83ActualSourceLinearity	LeanCode/Internal/PhysicalAnalysis/AKU83ActualSourceLinearity.lean	561dae324c2824b79f77709d7d1aea1f1ecd1d8ebffaf7bae4c8c7af880bde88
AXD1SmoothFlatDomain	LeanCode/Internal/NonlinearAnalysis/AXD1SmoothFlatDomain.lean	64969a17e81e469b2de7de859e63727615a762272b8cee5bdfd4745df332b201
AKU84ActualFixedReferenceLift	LeanCode/Internal/PhysicalAnalysis/AKU84ActualFixedReferenceLift.lean	6a3d13c1348095ff9185e349d8d4a286ae0a62ba5730092c03c69506e71cc68d
AKU85ActualCurrentSpecialization	LeanCode/Internal/PhysicalAnalysis/AKU85ActualCurrentSpecialization.lean	1e3a8ab25ef9a543989b5d88cbd19b76803890216ad57298d147d007473ba4e0
AKU86ActualFlatSourceReduction	LeanCode/Internal/PhysicalAnalysis/AKU86ActualFlatSourceReduction.lean	cb73baf136288188f0275dc6cf5dc33c530e873ca2185b1d2167fa66a9446b91
AXB1CutoffBounds	LeanCode/Internal/NonlinearAnalysis/AXB1CutoffBounds.lean	9acf68a9c175fa43df9f463a772874da6a18f8bf16fb10ecd3b2680655d247f3
AXB2LiftComponentBounds	LeanCode/Internal/NonlinearAnalysis/AXB2LiftComponentBounds.lean	7b3058530743fba98f3188f7790325ca2da8b3dbd8b7a5aadbb89005333abe4f
AXB3AxisLiftBound	LeanCode/Internal/NonlinearAnalysis/AXB3AxisLiftBound.lean	e9225cee4051077f01663a00d7412b6ce819e292476032e35ee4d54bb5b0d12e
AXB4LiftBoundConsumer	LeanCode/Internal/NonlinearAnalysis/AXB4LiftBoundConsumer.lean	77eb3a3aaf0bd5ae8911b88b7d1c92cc1b36d9da7f61c0c752e3ebc5eec2749f
AXN1ReverseTransferBound	LeanCode/Internal/NonlinearAnalysis/AXN1ReverseTransferBound.lean	81e07a76bfcbe45558f131d0892708553ef22d113d84a28a24235a6b53c85def
AXN2ReferenceLiftBound	LeanCode/Internal/NonlinearAnalysis/AXN2ReferenceLiftBound.lean	d3b97332c08df2820b5302cac533dd75db1c321633d7fac61976d750024b064e
AKU87OriginalReferenceNormPayment	LeanCode/Internal/PhysicalAnalysis/AKU87OriginalReferenceNormPayment.lean	7761b3d55e6e8de3a8a5251828023941651a73f7ff2867eac3733843604e75e6
AKU88ActualRealLinearFlatLift	LeanCode/Internal/PhysicalAnalysis/AKU88ActualRealLinearFlatLift.lean	7ed6c02d691b64ff78eda29254f44672c0bee6b03995d2b9ea3438514a08726e
AKAI3ActualLinearJetReductionConsumer	LeanCode/Internal/PhysicalAnalysis/AKAI3ActualLinearJetReductionConsumer.lean	9f9e853db6ddfd80fd367b6e2f7b2b8899275fd82b613771ededfe201cd4921f
AKAN1SameActualJetExhaustionState	LeanCode/Internal/PhysicalAnalysis/AKAN1SameActualJetExhaustionState.lean	d5ef78af1771e7abdb32fcd6fef6b8efb9eff1701676955a21dd5bdabfa72e94
AKAN2NativeCompatibleJetFamily	LeanCode/Internal/PhysicalAnalysis/AKAN2NativeCompatibleJetFamily.lean	bb2a6b46ddc4a14aa60872a0a923a10b131b9abdf8e2be191ce084065cd04176
AKAN3ActualJetExhaustionTwenty	LeanCode/Internal/PhysicalAnalysis/AKAN3ActualJetExhaustionTwenty.lean	2296d187acf17bc6904853bb26b835eb309fb7b05a4607a21fa18a72bd27f269
AKAN4LiteralOriginalJetExhaustionConsumer	LeanCode/Internal/PhysicalAnalysis/AKAN4LiteralOriginalJetExhaustionConsumer.lean	313e7b10292ab8d23fc9751d4154e6ee07f4cc99f4b897e988268ee8384e3df3
AKBX1SameFlatChartPhysicalVariation	LeanCode/Internal/PhysicalAnalysis/AKBX1SameFlatChartPhysicalVariation.lean	ac6f2919d47421aa99984904603a2d67fe266159dc56866bec4512dd61ee52ad
AKBX2SameActualCurrentKernelParameters	LeanCode/Internal/PhysicalAnalysis/AKBX2SameActualCurrentKernelParameters.lean	d84c836a867da8d318332e5364fa59e7be56b939f86dc70299ec09c9a7e68d32
AKBX3ActualFullSmoothForwardKernel	LeanCode/Internal/PhysicalAnalysis/AKBX3ActualFullSmoothForwardKernel.lean	c5611a5975cde0b92e506b4bf576cd5160a8df436b971bf030d0f8edf9c37d96
AKBX4OriginalForwardInjectivityAndSecondLaw	LeanCode/Internal/PhysicalAnalysis/AKBX4OriginalForwardInjectivityAndSecondLaw.lean	aab05ffd4b24de3f23565e2db7d258526d5d1905c687e96bce6b0990cf57c7e1
AKBX5SameFiniteJetResidualInverseAssembly	LeanCode/Internal/PhysicalAnalysis/AKBX5SameFiniteJetResidualInverseAssembly.lean	0913184c762746f02bbd9af5648aaefb0daea8747c6f7f7aa1db419bd1aa28f4
AKBX6ActualOriginalTwoSidedAssembly	LeanCode/Internal/PhysicalAnalysis/AKBX6ActualOriginalTwoSidedAssembly.lean	d8e5b76e66f249e5cbfb832078245a1b51fae5bec9df7bb9a7c72026eb385026
AKBZ1AdjustablePositiveOrderInterpolation	LeanCode/Internal/PhysicalAnalysis/AKBZ1AdjustablePositiveOrderInterpolation.lean	89dfd8d477e61da786b3499a7f542127aac43068a2d9db9db046a36b4a3c2d05
AKBZ2OriginalLowBudgetInterpolation	LeanCode/Internal/PhysicalAnalysis/AKBZ2OriginalLowBudgetInterpolation.lean	d7d5f8f0a2f18a3d6a5abed94bb2a616380a6e705118ee773ca79f986860704b
AKBZ3OriginalComplementaryMixedInterpolation	LeanCode/Internal/PhysicalAnalysis/AKBZ3OriginalComplementaryMixedInterpolation.lean	1b02b985214cbf704b5a439a9d9bce7607b0e3d87deeeb73ac5857d4864afa13
AKBZ4ActualPositiveCoefficientOrderPayment	LeanCode/Internal/PhysicalAnalysis/AKBZ4ActualPositiveCoefficientOrderPayment.lean	db864070f628e3e80b82a326b06d305285f18d12d08010f5d4e10ac6349a5d80
AKBZ5ActualPositiveOrderSumPayment	LeanCode/Internal/PhysicalAnalysis/AKBZ5ActualPositiveOrderSumPayment.lean	450bc6d805d3d437b37f0dcf616f28e41052a1c998b5f80232d789b1093112d4
AFT1OriginalScalarNecessity	LeanCode/Internal/PhysicalAnalysis/AFT1OriginalScalarNecessity.lean	667899f6fbb0eebf304b33bcb6ba1fd5da5cdb210f8cabaa82fbf4f83ea526e0
AFT2OriginalRobinNecessity	LeanCode/Internal/PhysicalAnalysis/AFT2OriginalRobinNecessity.lean	88a412eef7cedd57691a428cfd20aff8f00ffac6f8323b96e6aa1111e0a5843c
AFT3OriginalScalarLaws	LeanCode/Internal/PhysicalAnalysis/AFT3OriginalScalarLaws.lean	a3deed90fa0004bba09fd55d424ad6179e4965b612161bbb062df580e4820798
AFT4ActualNonexceptionalUniqueness	LeanCode/Internal/PhysicalAnalysis/AFT4ActualNonexceptionalUniqueness.lean	38c06db60423592aabb075b70e6939ca7287e471c7e7d97c9912f05f022af412
AFL1OriginalRowCommutation	LeanCode/Internal/PhysicalAnalysis/AFL1OriginalRowCommutation.lean	300a99d0eaa30110e1e0edf578e2f2802881f9439270f99e5423e9d62e8aa4b4
AFL2OriginalTraceCoherence	LeanCode/Internal/PhysicalAnalysis/AFL2OriginalTraceCoherence.lean	ac71a7b1cc6daf4b2b330c1498988fb38ab5e715aae8f61eec58aa780dee674c
AFL3ExceptionalProjectionIdentification	LeanCode/Internal/PhysicalAnalysis/AFL3ExceptionalProjectionIdentification.lean	52f2546f12b4607d82270bbcac76ac43b9c9bcc07d7ee4c45d8621022417e6d4
AFL4FullReferenceUniqueness	LeanCode/Internal/PhysicalAnalysis/AFL4FullReferenceUniqueness.lean	63672c4822b8d000e47c63e76bfa6ae33b905eef164f5afc2f937f7366373209
AFX1ActualFluxBulk	LeanCode/Internal/PhysicalAnalysis/AFX1ActualFluxBulk.lean	2b1c9727abbfbbd0851b2d447205f903c7eca9d3a33e04c33e94e772deb98c45
AFX3PhysicalFluxIdentity	LeanCode/Internal/PhysicalAnalysis/AFX3PhysicalFluxIdentity.lean	ba2a68046d3621c0e98bd099fb19a54dae8ad4dd9221122c70d4bf4918496a9b
AFX2CompletedMatchingTraces	LeanCode/Internal/PhysicalAnalysis/AFX2CompletedMatchingTraces.lean	6c5258a8466dc7cef9f64957f9028164dbdb3ade8ab4c3eca1a1bd673481bf3a
AFX4MatchingTraceBounds	LeanCode/Internal/PhysicalAnalysis/AFX4MatchingTraceBounds.lean	ade1a4948aa898dc8f44a2505eb14dedbecf72c8e3b145a3988f9abe0f178088
AFX5MatchingAngularFlux	LeanCode/Internal/PhysicalAnalysis/AFX5MatchingAngularFlux.lean	b34cf5baa13d7c28ece32be875b408f0e81be385018b50e32dfeaf576b90473e
AFX6ActualMatchingConsumer	LeanCode/Internal/PhysicalAnalysis/AFX6ActualMatchingConsumer.lean	d68be174585b099b49c6b22cd11aba4a9ece0da235bbcc2765e5f7ac0cc0892f
AFY1StrongMatchingSpace	LeanCode/Internal/PhysicalAnalysis/AFY1StrongMatchingSpace.lean	a5b6ccae42cbf93393ed9f07b29f7621dc975ea7f9f6869f1a83cb127fb3a9aa
AFY2AngularIsometry	LeanCode/Internal/PhysicalAnalysis/AFY2AngularIsometry.lean	dbb449867869fd040efd3b89d475918c80f94518be006f8e3ca3201e2d73b4a2
AFY3WeakMatchingInclusion	LeanCode/Internal/PhysicalAnalysis/AFY3WeakMatchingInclusion.lean	95af85cd75c518ad863f87aef5e45942188575d8d5f1b766b9634bca432fed47
AFY4NativeStrongPair	LeanCode/Internal/PhysicalAnalysis/AFY4NativeStrongPair.lean	6a9911b75df436c2e6a37bfed589c892fe8400920380eeaaaf457a294d71b403
AFY5PhysicalStrongTraces	LeanCode/Internal/PhysicalAnalysis/AFY5PhysicalStrongTraces.lean	35b62a17a0e374920ed346da23b88cc806bae07bdc6d0beebc3611ed99bb5c73
AFY6StrongTransfer	LeanCode/Internal/PhysicalAnalysis/AFY6StrongTransfer.lean	8d47ef07353428df97e70325a445063ce357fffdfabeec22c689e24f602c5efa
AFY7ActualStrongConsumer	LeanCode/Internal/PhysicalAnalysis/AFY7ActualStrongConsumer.lean	fdb494c78fe24dc56bc495172a99fd1ef73a6013b36005144d7b935fcef40626
AFZ1HighMeanFreeTrace	LeanCode/Internal/PhysicalAnalysis/AFZ1HighMeanFreeTrace.lean	f9fd306a8c1c8eecede0e07409938e49f56d4354ec3a36cb3f2821520b55865f
AFZ2ActualDefectFormula	LeanCode/Internal/PhysicalAnalysis/AFZ2ActualDefectFormula.lean	7b5901f333195c7c7f4581699d9138716c690bb17d4d2e058ebd37cfc5ae9d74
AFZ3PhysicalDefectCoefficients	LeanCode/Internal/PhysicalAnalysis/AFZ3PhysicalDefectCoefficients.lean	e1a802d5751eac6d15ed64a3b1a82dc709cd9cea8bd461aed6e9532d6e85f242
AFZ4DefectBounds	LeanCode/Internal/PhysicalAnalysis/AFZ4DefectBounds.lean	be8301177420c3e3464ea59b7c42730cc9ea694b17037c6eb20bcf6c659069a7
AFZ5StrongPhysicalRow	LeanCode/Internal/PhysicalAnalysis/AFZ5StrongPhysicalRow.lean	668a2b1e0ab48326dadd27ccf55f7f6fad7052df0bd3bc8e7c4dfe960dd9f88f
AFZ6ActualPhysicalDefectConsumer	LeanCode/Internal/PhysicalAnalysis/AFZ6ActualPhysicalDefectConsumer.lean	54fc407a62032336ae5f5a55af0718322126ad424f6f26932696a65a983174f9
AFZ7CompletedPhysicalRow	LeanCode/Internal/PhysicalAnalysis/AFZ7CompletedPhysicalRow.lean	74fa4a2baa0e4394b629e5b1fab96217ca0315303314cb8dc074bb28492217ee
AHC1AdditivePhaseRatio	LeanCode/Internal/PhysicalAnalysis/AHC1AdditivePhaseRatio.lean	527b84a32becff689b4691f740f8936cdb3ee79080118d65d024cc869d25e8ed
AHC2DistributedMomentKernel	LeanCode/Internal/PhysicalAnalysis/AHC2DistributedMomentKernel.lean	4d13aac8990da024ccf33ed30b22b005e16efa1e7a8dcc5572e62296bbf353ca
AHC3DistributedShiftOperators	LeanCode/Internal/PhysicalAnalysis/AHC3DistributedShiftOperators.lean	f70747820bfbf13947577e81b5dbcc7bf0337b93470c7ea735760591dfbbbaac
AHC4DistributedConvolutionBounds	LeanCode/Internal/PhysicalAnalysis/AHC4DistributedConvolutionBounds.lean	d5f2c46d52c01c103578270f0940ff5d4bad0844056c47756b83337a356124a7
AHC5ExactKernelSplit	LeanCode/Internal/PhysicalAnalysis/AHC5ExactKernelSplit.lean	ff4b6250d07b4ec788ff44665bb253b6e77cd75c63f2ca40a35fc30835d74480
AHC6OriginalSingleShift	LeanCode/Internal/PhysicalAnalysis/AHC6OriginalSingleShift.lean	0ef259464d5650d04738dc774c78041c7938caf8e6a95cc65c5e84aa9037a99f
AHC7OriginalConvolution	LeanCode/Internal/PhysicalAnalysis/AHC7OriginalConvolution.lean	1b5b2405d7c7d805683263943b465fa0c33b6d6d3b74dcfec0f7e22276f36561
AHC8DistributedMultiplier	LeanCode/Internal/PhysicalAnalysis/AHC8DistributedMultiplier.lean	5c49ded761906f51c4ef398ddd88d8d36fa939f62876453d11b23b062487ddaf
AHC9ActualMultiplierConsumer	LeanCode/Internal/PhysicalAnalysis/AHC9ActualMultiplierConsumer.lean	d0ad21fe07c3f10cb541df603cf2b73e8e0e099155930cf8379a0fd2811a683b
AHJ1OrdinaryDiskInterpolation	LeanCode/Internal/PhysicalAnalysis/AHJ1OrdinaryDiskInterpolation.lean	af5b45a4c0c902ce374246a013863ce084d7c632f3a82ef378266181c992b224
AHJ2MassGradeComparison	LeanCode/Internal/PhysicalAnalysis/AHJ2MassGradeComparison.lean	281f357434eb39aa71f7e72fb92cc462fa3ee2c26e082ddea2c33f51e27f11f7
AHJ3MassInterpolationAlgebra	LeanCode/Internal/PhysicalAnalysis/AHJ3MassInterpolationAlgebra.lean	64fdda24f0d50dfae755638ebaf81875eb5b9e2d316a146c618804c3c64652d9
AHJ4MassEndpointEstimate	LeanCode/Internal/PhysicalAnalysis/AHJ4MassEndpointEstimate.lean	b5c1543e9606ab751d658dbf25f6937d599053b7f8e4e3e7fa1f73401ea47321
AKBZ6OriginalPureEndpointNorms	LeanCode/Internal/PhysicalAnalysis/AKBZ6OriginalPureEndpointNorms.lean	de96e9a81ad519e8a877155100f9d95434ba611cede9956befd8ddc0f5151bb9
AKBZ7OriginalMixedPureEndpointEstimate	LeanCode/Internal/PhysicalAnalysis/AKBZ7OriginalMixedPureEndpointEstimate.lean	b3eaabe427fd575566ab9b6578d86679ac3662ae6ae9e6cc9786242413212ac7
AKBZ8AdjustableOrdinaryMassOrder	LeanCode/Internal/PhysicalAnalysis/AKBZ8AdjustableOrdinaryMassOrder.lean	b1f1a07d4d4f53e5f729a2e2e32e1fd2276acd7318f6acecdf306278e4b51a96
AKBZ9OriginalMixedOrderNorm	LeanCode/Internal/PhysicalAnalysis/AKBZ9OriginalMixedOrderNorm.lean	8bc92e28a146af755e4ae74c68e70d6a15b42ddd3712e22b04b361b5525e612a
AKBZ10OriginalAdjustableMixedEndpoint	LeanCode/Internal/PhysicalAnalysis/AKBZ10OriginalAdjustableMixedEndpoint.lean	7b4642f8865270b566b5fdd51159d5e8934aa3fe684fab94fac95d18c7fd5499
AKBZ11SharpScaledPhaseAllocation	LeanCode/Internal/PhysicalAnalysis/AKBZ11SharpScaledPhaseAllocation.lean	aa033eeecef35cbb1215661a6f5532a628888a867f5f9c5c005694371f6bbb9a
AKBZ12SharpOriginalPhaseJets	LeanCode/Internal/PhysicalAnalysis/AKBZ12SharpOriginalPhaseJets.lean	0aed3da95148c1efd472380af4b765888c07cba7dab0031414a5ffdfe5488f97
AKBZ13SharpCoefficientDisplacement	LeanCode/Internal/PhysicalAnalysis/AKBZ13SharpCoefficientDisplacement.lean	78b3dd99f8ea0b5c8e481dd08f6518391ec4e2e88855ef4948ed807291425617
AKBZ14ExactPhaseDisplacementSplit	LeanCode/Internal/PhysicalAnalysis/AKBZ14ExactPhaseDisplacementSplit.lean	8d86eb4836c6429017b4c62e7b6f3b87b70a5b5081a125b1b72a0b90f12d1b30
AKBZ15SharpAllocatedKernelBound	LeanCode/Internal/PhysicalAnalysis/AKBZ15SharpAllocatedKernelBound.lean	55cb6fdc96029185e8c699f3d4718e28360e98ee6c21429a4cf18e0d67f1f5b3
AKBZ16SharpFullCellKernel	LeanCode/Internal/PhysicalAnalysis/AKBZ16SharpFullCellKernel.lean	f7660ed24341a680a831f9fb239f8f3ae90bc2eeed7b77c41164e6215b854bae
AKBZ17ActualOriginalMixedDerivativeCarrier	LeanCode/Internal/PhysicalAnalysis/AKBZ17ActualOriginalMixedDerivativeCarrier.lean	4bb60ed458396e79def32d83d449c03d5f373a96eba098bdf313162ee20a4667
AKBZ18SharpOrthogonalKernelAction	LeanCode/Internal/PhysicalAnalysis/AKBZ18SharpOrthogonalKernelAction.lean	a28147c239d4c7d33e7726bb3f5298e5a712a23939082aecb105fc664c628c83
AKBZ19SharpKernelOneHighPayment	LeanCode/Internal/PhysicalAnalysis/AKBZ19SharpKernelOneHighPayment.lean	f5692dc978a9033a18b1db4fe3576f03b2158ba4864b6e273357a3e9b557d1a9
AKBZ20ActualFullFrameOneHigh	LeanCode/Internal/PhysicalAnalysis/AKBZ20ActualFullFrameOneHigh.lean	419f25a70d5a1cd9fee076738dab4eb4951e522d32190112cf9491d6e33e9cea
AKBZ21SharpFullPhaseBlockPayment	LeanCode/Internal/PhysicalAnalysis/AKBZ21SharpFullPhaseBlockPayment.lean	a1feddd351ac5039fe07dae4fe867c026d19864f0726aee31439e1520a48bd8a
AKBZ22SameCoarseAndSharpAllocation	LeanCode/Internal/PhysicalAnalysis/AKBZ22SameCoarseAndSharpAllocation.lean	332d658584e7d36a21100466482b19825a55aafb9f37e465cef6c040d72befc5
AKBZ23LiteralAllocatedKernelEntries	LeanCode/Internal/PhysicalAnalysis/AKBZ23LiteralAllocatedKernelEntries.lean	3d075a1b17d9597d34c85ac9c1394b204637c293d869c8c4a7bd0a82287e5903
AKBZ24SameFullCellRestoredOperator	LeanCode/Internal/PhysicalAnalysis/AKBZ24SameFullCellRestoredOperator.lean	f6cc7750e0f218aa6b1496ba261f2382b8b9d14c834b6178a44530dbc4efe9b8
AKBZ25RestoredOriginalKernelOneHigh	LeanCode/Internal/PhysicalAnalysis/AKBZ25RestoredOriginalKernelOneHigh.lean	a1bfac80ed640c3983ac014a03942dff5ca601372b72a95fc74a7db531f92423
AKBZ26ZeroPhaseCoefficientPayment	LeanCode/Internal/PhysicalAnalysis/AKBZ26ZeroPhaseCoefficientPayment.lean	99d4ac1b2571c94d5077ea946c1d97e7b1e293aa37d07e879834cfa63ecdb56f
AKBZ27AllPositiveAllocationsPayment	LeanCode/Internal/PhysicalAnalysis/AKBZ27AllPositiveAllocationsPayment.lean	7a4a463a8a1d5108edb6ecf285daaee521391154b5ba6bb04d8ed4a2abf87ae1
AKBZ28ActualLeibnizRestoredIdentity	LeanCode/Internal/PhysicalAnalysis/AKBZ28ActualLeibnizRestoredIdentity.lean	7e5cb83f463e96b87d971321d6e218564a40ab55cae52ebc46f51c12ec34851a
AKBZ29FullOriginalDerivativeDecomposition	LeanCode/Internal/PhysicalAnalysis/AKBZ29FullOriginalDerivativeDecomposition.lean	342bebf5f6cf53e81b1d793c88c6ebbd3af71db782f1a4b2aa67d9a1badc2f1c
AKBZ30ActualFullDerivativeOneHigh	LeanCode/Internal/PhysicalAnalysis/AKBZ30ActualFullDerivativeOneHigh.lean	10288fd5197d9ef3aedd35988ca1a1d3dc42e5a2d8d0ab25353520c72f9fb03d
AKDP2SameOriginalReservedCarrier	LeanCode/Internal/PhysicalAnalysis/AKDP2SameOriginalReservedCarrier.lean	41efec9c8c7f71c5eb3197a2ef2f1716e4eb39f631e8761ce1bbb792d246c424
AKDP3SameLocalizedOriginalCore	LeanCode/Internal/PhysicalAnalysis/AKDP3SameLocalizedOriginalCore.lean	3984b52280e2ff3b746176ba891b958d9b4d5ccc58b0e1705273290ea7d093ad
AKDP4ActualMatrixRemainderOneHigh	LeanCode/Internal/PhysicalAnalysis/AKDP4ActualMatrixRemainderOneHigh.lean	beb9b3daebfda3e2ecfd46c93d22b9ab958af64aed1dca2cc9f40e83d80e403b
AKDP5ActualLedgerDeviationProfiles	LeanCode/Internal/PhysicalAnalysis/AKDP5ActualLedgerDeviationProfiles.lean	111a994d8e72baf6160ce42b9d0f2f845b25c5ca4e23cac542fbc85a45bec13b
AKDP6ActualMatrixTensorOneHigh	LeanCode/Internal/PhysicalAnalysis/AKDP6ActualMatrixTensorOneHigh.lean	8ed3bdb93cb6938e074b269091fef7f241883b339d6cf04cd4419007928dcd2c
AKDP7ActualFixedMatrixTensorOneHigh	LeanCode/Internal/PhysicalAnalysis/AKDP7ActualFixedMatrixTensorOneHigh.lean	a29941db592c250aade029894583c755411c08b5dc83a7dd2cceee91fe57cf49
AKDP8SameSignedOriginalNorm	LeanCode/Internal/PhysicalAnalysis/AKDP8SameSignedOriginalNorm.lean	73f7d4cccddb090cdbb7ec13399e2bbeb43c04836d895f88f1c3772760c86963
AKDP10SameOriginalPlanarGraphNorm	LeanCode/Internal/PhysicalAnalysis/AKDP10SameOriginalPlanarGraphNorm.lean	6e3a6496ff5afbc6cdfb9dc21c99c50ec6ba43c31fe6cb628123428d18c17dea
AKDP12ActualMatrixBaseAndInputBounds	LeanCode/Internal/PhysicalAnalysis/AKDP12ActualMatrixBaseAndInputBounds.lean	adcc7da7897557726acfcd949d0706e23c965486bc782e9064c3e3df2f9e106c
AKDP15OriginalMatrixCoreConstruction	LeanCode/Internal/PhysicalAnalysis/AKDP15OriginalMatrixCoreConstruction.lean	5e34f21bdfce0689542ff3cdfdfc5e8bfe3ae6becfcbcdf2d58820367110a2cb
AKDP40ActualMixedOrderInputNorm	LeanCode/Internal/PhysicalAnalysis/AKDP40ActualMixedOrderInputNorm.lean	8b0b25ad6994d90a2f349f8e1f172bfb653cfde6fc7c127999d444d89e185a3d
AKDP43FiniteMixedOrderAbsorption	LeanCode/Internal/PhysicalAnalysis/AKDP43FiniteMixedOrderAbsorption.lean	236a4384f25ac6b9c833336b8062dd08c0e0ea1d226e95244d75c67b6ac5aaf0
AKBZ31OriginalPhysicalFrameConsumer	LeanCode/Internal/PhysicalAnalysis/AKBZ31OriginalPhysicalFrameConsumer.lean	abddea985f4aa5ea4c1ce308a931181be65e19d5b461027a4b7524443f1cd543
AKBY6ActualOriginalSourceAllMoments	LeanCode/Internal/PhysicalAnalysis/AKBY6ActualOriginalSourceAllMoments.lean	a701e0df4bd1571b7ce44090ed438c493d93edd3f9a535d52ba15d6526fe3f3c
AKCD1BalancedNativeKernel	LeanCode/Internal/PhysicalAnalysis/AKCD1BalancedNativeKernel.lean	c16d24194f562581e636d22c0040a64e60a4b89e11ea4cdfe9641428585d325f
AKCD2SameNativeBalancedAction	LeanCode/Internal/PhysicalAnalysis/AKCD2SameNativeBalancedAction.lean	7178072739d9c865b87300e2df7cc5e40e7bd028993826fd7a9b0ecc9f00a7b6
AKCD3ActualCovariantPureGrade	LeanCode/Internal/PhysicalAnalysis/AKCD3ActualCovariantPureGrade.lean	7b9f12ee749223c81c59eda6f752710bf255f5b4f24405006308859815813a1c
AKCD4TwoNativeEnergyInputs	LeanCode/Internal/PhysicalAnalysis/AKCD4TwoNativeEnergyInputs.lean	fc641413cd96327c8de0b0e16822bc08566b88881204759fbacac278e0101949
AKCD5SameNativeSevenEnergy	LeanCode/Internal/PhysicalAnalysis/AKCD5SameNativeSevenEnergy.lean	cf6e25fb9f513d8ff7f09418afe32300e51949cb58bf3eb5cc19e8f340888483
AKCD6SameNativeCovariantGlobalEnergy	LeanCode/Internal/PhysicalAnalysis/AKCD6SameNativeCovariantGlobalEnergy.lean	178f029ccdeae1a1b41e3b2a8e0d4caaf05e852b68566c863330423a370dbb8e
AKCD7SameActualPureCellEndpoint	LeanCode/Internal/PhysicalAnalysis/AKCD7SameActualPureCellEndpoint.lean	b234df67da4ae16e838c4a771a7803134b058698ceec758ffe17ac5130d33fa3
AKDM3OriginalPureCellNorm	LeanCode/Internal/PhysicalAnalysis/AKDM3OriginalPureCellNorm.lean	ae93229276bd50a5c924d127edb7a774c37d6ab3e8d8e2d2787acb0d3e86b20c
AKDP11SameOriginalCellBinomial	LeanCode/Internal/PhysicalAnalysis/AKDP11SameOriginalCellBinomial.lean	00c8b807315cea556e4bf95cfeae781d3033805da6ee0dfa75c9fcdad3841379
AKDP9ActualSignedMatrixOneHigh	LeanCode/Internal/PhysicalAnalysis/AKDP9ActualSignedMatrixOneHigh.lean	493c9f1b15d999e3b1308b3d421e6929e8c97f23a82c86f3f3503ba4d5510b67
AKDP14ActualMatrixCellEndpoint	LeanCode/Internal/PhysicalAnalysis/AKDP14ActualMatrixCellEndpoint.lean	c7990da207375f79c73b3310cf3961065c51b01cd1f90362bcbd29e1cd6cd3f3
AKDP44ActualSignedPureCellNorm	LeanCode/Internal/PhysicalAnalysis/AKDP44ActualSignedPureCellNorm.lean	4b44d605d7d182e3a06e8ad79f9e0ad16584320f3eaf8b2ed689f68f5b13e1a1
AKDP45ActualMatrixAdjustableCellEndpoint	LeanCode/Internal/PhysicalAnalysis/AKDP45ActualMatrixAdjustableCellEndpoint.lean	6b33396a9429f94691b5ab24795bac6a28acfb96a55b223b85816ca18fc21572
AKDP13ActualMatrixPlanarGraphBound	LeanCode/Internal/PhysicalAnalysis/AKDP13ActualMatrixPlanarGraphBound.lean	bb8cdf0305f7d14e0bf7c6267ad0e5fca36be00f1c82238b43c3518017aab848
AKDM5RecoveredCoreMomentFidelity	LeanCode/Internal/PhysicalAnalysis/AKDM5RecoveredCoreMomentFidelity.lean	b4fa3270e83f6f1f8237089d595f5d18cacca7c4551305bc26c419031720a93a
AKDM6RecoveredCovariantPureCellEndpoint	LeanCode/Internal/PhysicalAnalysis/AKDM6RecoveredCovariantPureCellEndpoint.lean	3a4fcf3b48fca3378fc7b1ac98b4a5ebd3978ca0cd32f5af7bd1fad181dbeef1
AKDM10OriginalBaseAndEndpointAbsorption	LeanCode/Internal/PhysicalAnalysis/AKDM10OriginalBaseAndEndpointAbsorption.lean	1cd3b541b4e3775dca842cdadc8439b9b943f350d3df52b117f8dff86c376bd3
AKDP16ActualOriginalMatrixTame	LeanCode/Internal/PhysicalAnalysis/AKDP16ActualOriginalMatrixTame.lean	c2441ef442fd95dec67a33a26fdf0dba1fb4f4912bda4e704b1aa7f3a6c4e764
AKDP17ActualOriginalRankMatrixRemainder	LeanCode/Internal/PhysicalAnalysis/AKDP17ActualOriginalRankMatrixRemainder.lean	4637d4fdfe8b048a1131137987b5424f808c6f86b30e1aceff10a65277e7b650
AKDP18ActualCurrentCoefficientProfiles	LeanCode/Internal/PhysicalAnalysis/AKDP18ActualCurrentCoefficientProfiles.lean	338c11de210950081a38edfe64aa8fe67156cd9a54032772f17cc0343a1e4346
AKDB1GenuineScalarRotationRecovery	LeanCode/Internal/PhysicalAnalysis/AKDB1GenuineScalarRotationRecovery.lean	4ad7eb72516d483fe01f78c0fb589b20f674cd134cd2561fd225486a7d08b698
AKDB2SmoothPolynomialGraphAction	LeanCode/Internal/PhysicalAnalysis/AKDB2SmoothPolynomialGraphAction.lean	a6f5b74b6a9a4cff3eda3522c82e4e6e1a613f174c005068a7f2bbd1e9ca24d3
AKDB3SameScalarPolynomialGraph	LeanCode/Internal/PhysicalAnalysis/AKDB3SameScalarPolynomialGraph.lean	f42c7a6bb4518718f5755d5aa8014d4376b2ae2f8a0c0f6e533e445ae6f4e293
AKDB4SameWeightedNativeScalar	LeanCode/Internal/PhysicalAnalysis/AKDB4SameWeightedNativeScalar.lean	dab50955f6ced12c770c222c56e653331ff3c32fb394d86502f73ee9f595d604
AKBV19SameOriginalPhysicalReconstruction	LeanCode/Internal/PhysicalAnalysis/AKBV19SameOriginalPhysicalReconstruction.lean	71feb55a82a593d5b7f1a5cfe428587d1269c77e1bb5f6e6bac2016fb5021fae
AKBV20OriginalWidthPhysicalCoreConsumer	LeanCode/Internal/PhysicalAnalysis/AKBV20OriginalWidthPhysicalCoreConsumer.lean	d2ea5c0a22d9287a561859c562602a704c96f3ef2356674fd3132ae8ffd64e9d
AKCA1NativeEnergyAxisJetExclusion	LeanCode/Internal/PhysicalAnalysis/AKCA1NativeEnergyAxisJetExclusion.lean	2182e2e388f373c6c347fee1ebc892afe0ad4c67f335009a556a5df49ffefdf6
AKCA2OriginalCriticalRadialEnergy	LeanCode/Internal/PhysicalAnalysis/AKCA2OriginalCriticalRadialEnergy.lean	8fa89cbc05c41e984c86ea2d1dc3c3d1c7f5b8e820441241cc358c246ff358ac
AKCA3InsertedCriticalRadialEnergy	LeanCode/Internal/PhysicalAnalysis/AKCA3InsertedCriticalRadialEnergy.lean	f625e1701d373f9c7fde875b426ca892561c93c8fbf6b99ccbc49fc317a592ea
AKCA4CriticalOutputEnergyTransfer	LeanCode/Internal/PhysicalAnalysis/AKCA4CriticalOutputEnergyTransfer.lean	28ea7199f79a3177d2d8bd962f25202c3dbdb4be3c8cd02a641d1c0dd98e266c
AKCA5ActualCriticalInsertedOutput	LeanCode/Internal/PhysicalAnalysis/AKCA5ActualCriticalInsertedOutput.lean	7b3b99484cb675309714cc2d73b0c5d5f3fb891ccaddfd7161f399c2cf6336e8
AKCA6ActualGlobalCriticalEnergy	LeanCode/Internal/PhysicalAnalysis/AKCA6ActualGlobalCriticalEnergy.lean	f218bbbd5dee8d5682e6ece4adca7e63daad66dcaa6686f25905dfadfd4d6460
AKCA7NativeFourierPointwiseBound	LeanCode/Internal/PhysicalAnalysis/AKCA7NativeFourierPointwiseBound.lean	7c3910ebc8d9888efcdc217fe552cc9d12942fc22fb39ec2b34b8a8ea5f5cc17
AKCA8SameRecoveredCorePointwiseBound	LeanCode/Internal/PhysicalAnalysis/AKCA8SameRecoveredCorePointwiseBound.lean	afa4c44b89cbd8eb809de2d5653ebb6315868e7f7f0950d859bb3c8810d29503
AKCA9ClosedRayFirstJetExclusion	LeanCode/Internal/PhysicalAnalysis/AKCA9ClosedRayFirstJetExclusion.lean	60744fe7497552310c99218463a2e64c71deecd28160090b00d92f016b2539e0
AKCA10RecoveredCoreZeroFirstJets	LeanCode/Internal/PhysicalAnalysis/AKCA10RecoveredCoreZeroFirstJets.lean	085b001415dace350d363ddb8868b8f5a021c4bd39b7688c1e163b65fe92cd9e
AKCA11ActualRecoveredVectorFirstJets	LeanCode/Internal/PhysicalAnalysis/AKCA11ActualRecoveredVectorFirstJets.lean	27226d735fb1bd043694e058f591b2e5adf7e248b29c75762c8447661733ba0d
AKCA12PuncturedOriginalCoreFaithfulness	LeanCode/Internal/PhysicalAnalysis/AKCA12PuncturedOriginalCoreFaithfulness.lean	527c146702ea02287c24db33ac94932a10bbc97ac65e7ac120f165fd97730c37
AKCA13OriginalGaugeMeanConverses	LeanCode/Internal/PhysicalAnalysis/AKCA13OriginalGaugeMeanConverses.lean	eedd51d1afeda001943d41846d5ece0f711539dfa6898f8e1af45be33d95d2ef
AKCA14NativeFullAngularMeans	LeanCode/Internal/PhysicalAnalysis/AKCA14NativeFullAngularMeans.lean	906753325e31c1adb9a5911a8ad3417d9ec6e7f84fec3448a4febda884ec68e2
AKCA17SameCorrectedScalarMean	LeanCode/Internal/PhysicalAnalysis/AKCA17SameCorrectedScalarMean.lean	77f40628c57e8a5fb208beb3b83ccb9eb1a06d8224512be5a4adef4c9b2272b5
AKCA18ActualOriginalScalarMean	LeanCode/Internal/PhysicalAnalysis/AKCA18ActualOriginalScalarMean.lean	30b43d1a2e834febf9145ca6ea98b0157462743f324589ef116385a5da6b553f
AKCA19SameScalarRadiusCurves	LeanCode/Internal/PhysicalAnalysis/AKCA19SameScalarRadiusCurves.lean	7cf21a6b791d45598019d5ae9b60d37b8484bde68004e31d36fd472f303ec3df
AKCA20SameScalarRadiusFamily	LeanCode/Internal/PhysicalAnalysis/AKCA20SameScalarRadiusFamily.lean	912b147d790b48fd82e380696b5940d2d679155d8debd268ae749c160ffe5f73
AKCA21LiteralScalarOriginalCore	LeanCode/Internal/PhysicalAnalysis/AKCA21LiteralScalarOriginalCore.lean	f34bed18076f0fba728f68aed15636a0bb883a32931e986266dcb01fb6c394df
AKCA22LiteralScalarPolynomial	LeanCode/Internal/PhysicalAnalysis/AKCA22LiteralScalarPolynomial.lean	6c8dcc9c2dcf4c1edd1c41750864de215d1c9ce8dfdee3a20ff9b1cace0db307
AKCA23ActualScalarCartesianPolynomial	LeanCode/Internal/PhysicalAnalysis/AKCA23ActualScalarCartesianPolynomial.lean	fe0cb8723d8313bb5ad756c9b48b04256fafa121c5d263ff91058a0cb09056f0
AKDB5GenuineScalarOriginalCore	LeanCode/Internal/PhysicalAnalysis/AKDB5GenuineScalarOriginalCore.lean	ce56a86c58f89a2b1eac74636a60481eca4421465b7a4c870741e38440a4a05b
AKDR1ActualScalarRecoveryNorm	LeanCode/Internal/PhysicalAnalysis/AKDR1ActualScalarRecoveryNorm.lean	87ccca15b38c35ad25d9dc34218bf0ee562b5e4e3438198709e14a379e1aae56
AKDR2OriginalAngularKernelNorm	LeanCode/Internal/PhysicalAnalysis/AKDR2OriginalAngularKernelNorm.lean	8e7cea9fc2801864d8c59d386233e6ddab50ecfa83f3189245a490bbef903a34
AKDR3SameAngularKernelField	LeanCode/Internal/PhysicalAnalysis/AKDR3SameAngularKernelField.lean	9f9cd5eaa44c0b48d2379bca21b0eab7f8e9e892a36c0d6cd56e0ed0215626e0
AKDR4SameOriginalFieldAlgebra	LeanCode/Internal/PhysicalAnalysis/AKDR4SameOriginalFieldAlgebra.lean	a7febe36c1d098ac1d84bdc1a2ef34cfaa288ee851f6f5e713d00672ce2254b1
AKDP19SameOriginalRankLinear	LeanCode/Internal/PhysicalAnalysis/AKDP19SameOriginalRankLinear.lean	86129d44dbcb54ee1cc465c68436bc50ac72ac076af294617c913489185b712d
AKDR5OriginalEquivariantAverageNorm	LeanCode/Internal/PhysicalAnalysis/AKDR5OriginalEquivariantAverageNorm.lean	af88bfc6de03a86e9ab07ead6f0e42525ad136680628ad1e04813e50305db0ac
AKDP20OriginalPointCoreFidelity	LeanCode/Internal/PhysicalAnalysis/AKDP20OriginalPointCoreFidelity.lean	2b0c101b67521978bf1aa789dc2ed50d201912ab92a7eff4ac222091a565bd5d
AKDP21OriginalCoreRankEstimate	LeanCode/Internal/PhysicalAnalysis/AKDP21OriginalCoreRankEstimate.lean	fb45ca26a7040433b776f59f68a19b4121954fa31aaaa04a4969f4450917a4f9
AKDP22OriginalCoreRankComposition	LeanCode/Internal/PhysicalAnalysis/AKDP22OriginalCoreRankComposition.lean	f0084953bd26cd33bffd04710c1baaa322ba35f1c9f7a9323fc7ab240b0be0b5
AKDP23ActualMatrixCoreRankControl	LeanCode/Internal/PhysicalAnalysis/AKDP23ActualMatrixCoreRankControl.lean	23970b74cc03c2840813ee72452a0678bf2d1bcae8b3a4b21085aa9ec8376786
AKDP24ActualFixedCoreRankControls	LeanCode/Internal/PhysicalAnalysis/AKDP24ActualFixedCoreRankControls.lean	1fa16f1e8dcd8dffca5acabd6fa21e7762e139689deb2b54f182fd3e6a952833
AKDP25UniformActualRankComposition	LeanCode/Internal/PhysicalAnalysis/AKDP25UniformActualRankComposition.lean	fc0a3c77939481bb54b1a080ba5d8cef9c7c6acd379f5ed21ada97df4730d328
AKDP26FixedSpatialCoreRankControl	LeanCode/Internal/PhysicalAnalysis/AKDP26FixedSpatialCoreRankControl.lean	45b9529e12fe9054c39b1b2c0b20b60a53e5d51085858eb977c374467a6587cd
AKDP27ActualFixedFormulaRankControl	LeanCode/Internal/PhysicalAnalysis/AKDP27ActualFixedFormulaRankControl.lean	b8090d959c9960412f1ae6a1078ced28c254ced57aaeda3d7cebf2a33943ac9e
AKDP28UniformActualMatrixRank	LeanCode/Internal/PhysicalAnalysis/AKDP28UniformActualMatrixRank.lean	344e554501714d881002edeb1a5a17a94c873d760e20afce13976e2725a2d900
AKDP29ActualCurrentOriginalRankControl	LeanCode/Internal/PhysicalAnalysis/AKDP29ActualCurrentOriginalRankControl.lean	bb26a6c6d54aa7f4cafddaaffd535e094787ded809800f75e0b1325d8539a711
AKDP30ActualRowsOriginalRankControl	LeanCode/Internal/PhysicalAnalysis/AKDP30ActualRowsOriginalRankControl.lean	83f0da02a6f0cb74b55e7769c36aa783c84dd0a695b1994daf031ac9d60e69a7
AKDP31ActualPrincipalOriginalRankControl	LeanCode/Internal/PhysicalAnalysis/AKDP31ActualPrincipalOriginalRankControl.lean	c890e7fbae8d7e266bc87a40b46b6ed2e157b3ee04f84b50f1fbb44d5f09c28e
AKDP32ActualLedgerRankState	LeanCode/Internal/PhysicalAnalysis/AKDP32ActualLedgerRankState.lean	2b3d7ed45ad7a00c0eb95722593b19967596af410d8675385aadbd0702f812e0
AKDP34ActualLedgerRowsRankControl	LeanCode/Internal/PhysicalAnalysis/AKDP34ActualLedgerRowsRankControl.lean	fc25b4a4148c90abe7e68fd1aaa12176e97d7383fc040628dc359e03d39539f1
AKDR6OriginalCovariantPrimitiveNorm	LeanCode/Internal/PhysicalAnalysis/AKDR6OriginalCovariantPrimitiveNorm.lean	4339fbd722a6bb387e8110ebe92e4d2e901708049794f9b774c55eda4f139801
AKDR7OriginalRecoveredGradientNorm	LeanCode/Internal/PhysicalAnalysis/AKDR7OriginalRecoveredGradientNorm.lean	4f92bb3eb32d51e4513e8e3714e3ef11cc90d17995c0aae1f88ea4540b6142d4
AKDR8SameOriginalTangentialPolynomial	LeanCode/Internal/PhysicalAnalysis/AKDR8SameOriginalTangentialPolynomial.lean	af33effd83c3f724f45bdcc60d14ced8059c16bd74c6f4e7b9c8632a95f1a413
AKDR9ActualRetainedScalarRecoveryNorm	LeanCode/Internal/PhysicalAnalysis/AKDR9ActualRetainedScalarRecoveryNorm.lean	80f401ab03b513ef41eb4b9b61ead770ea2d0cdf49fe95dcdc1641a7a410f431
AKDP33OriginalCircleRadialNorm	LeanCode/Internal/PhysicalAnalysis/AKDP33OriginalCircleRadialNorm.lean	ce946eba3ec566ed20dfa36ecceab7764e3073b2fa38d049356e02ff2188ed46
AKDP35ActualPrincipalRankRemainderNorm	LeanCode/Internal/PhysicalAnalysis/AKDP35ActualPrincipalRankRemainderNorm.lean	f8c41fa1708417b72bc656d86d8820bc7179ea58dac9c8e4eb6584f338d497dc
AKDP47OriginalPureCellNormAlgebra	LeanCode/Internal/PhysicalAnalysis/AKDP47OriginalPureCellNormAlgebra.lean	d349e04278387d2c4e92581596b2ed076d03e70536d9b511d6174b417b4f5f41
AKDP48ActualFixedPureCellBounds	LeanCode/Internal/PhysicalAnalysis/AKDP48ActualFixedPureCellBounds.lean	b516cf38c0f2e11714bace931dc5c1837f510c8a09eed9955adf5d7c1755e24f
AKDP49AdjustableCellComposition	LeanCode/Internal/PhysicalAnalysis/AKDP49AdjustableCellComposition.lean	420821eec0a25ce6f4fb473d59fa52c3f0ae0fff566467c04ee31d2108d83474
AKDP50ActualCellFiniteFormula	LeanCode/Internal/PhysicalAnalysis/AKDP50ActualCellFiniteFormula.lean	4a52aaa794221400863a62aa663ba956fb04fc2103b3fbb5c80ca5367fcda6fa
AKDP51ActualFixedCellEndpoint	LeanCode/Internal/PhysicalAnalysis/AKDP51ActualFixedCellEndpoint.lean	05b541ad3195bc4006f7aff5865a6773913ae5d2781ed247442531e2a88f7ad2
AKDP52ActualFixedEndpointFormula	LeanCode/Internal/PhysicalAnalysis/AKDP52ActualFixedEndpointFormula.lean	a9438442d0dcac3caebffc3c669193764b838f4285461fc14d3e774050129238
AKDP53ActualMatrixEndpointControl	LeanCode/Internal/PhysicalAnalysis/AKDP53ActualMatrixEndpointControl.lean	9bf050e61fd190ed05da66350ef2b701fe7c1448f403b4b1646cd2e52b1c58a9
AKDP54ActualCurrentEndpointControl	LeanCode/Internal/PhysicalAnalysis/AKDP54ActualCurrentEndpointControl.lean	3e0fa411c0fd91e1a243001af52ba21822d03b2c50739c7f56ce07cb6d6897a6
AKDP55ActualRowsEndpointControl	LeanCode/Internal/PhysicalAnalysis/AKDP55ActualRowsEndpointControl.lean	16cffd6266acd57d884d6cfae3088b846d8b1346061b7bdc1b7bac658fca88d7
AKDP56ActualPrincipalEndpointControl	LeanCode/Internal/PhysicalAnalysis/AKDP56ActualPrincipalEndpointControl.lean	726ccc571979cc63a7a2452efa8f1ca4407b02fe0297ae154244dd63cf1e7d71
AKDP57ActualLedgerCurrentEndpoint	LeanCode/Internal/PhysicalAnalysis/AKDP57ActualLedgerCurrentEndpoint.lean	3e0d87d25de204f453991ebda53a61debfc258841e3a9e88ce8a2423f9631da1
AKDP58ActualLedgerPrincipalEndpoint	LeanCode/Internal/PhysicalAnalysis/AKDP58ActualLedgerPrincipalEndpoint.lean	11f75a42578d15d23c3740010f2a830f10cc3c22532fc83f5c352faaaac09269
AKDP61SameOriginalMixedGraphNorm	LeanCode/Internal/PhysicalAnalysis/AKDP61SameOriginalMixedGraphNorm.lean	700d11f6fcbef17e63f05774c9df8c68000c23a23ca9341e3c2fce0236bda951
AKDP66OriginalLowerGraphAbsorption	LeanCode/Internal/PhysicalAnalysis/AKDP66OriginalLowerGraphAbsorption.lean	6734b872a8e4afd2f31aca7c9818eded0c2f2b014caa1480e4a5ef16a4937fe2
AKDP67FiniteAdjustableGraphFormula	LeanCode/Internal/PhysicalAnalysis/AKDP67FiniteAdjustableGraphFormula.lean	22ddc7ec0d9aa46e6f9a661842385245332353612617e3d8da9e1fa07333a7d1
AKDP72CompactBesselLowerGraphNorm	LeanCode/Internal/PhysicalAnalysis/AKDP72CompactBesselLowerGraphNorm.lean	0fccf329974342bd5f4ccfd0445bcaca5b6a4266bf2db9f9120edebeffd7df9f
AKDP1ActualL2TensorRemainder	LeanCode/Internal/PhysicalAnalysis/AKDP1ActualL2TensorRemainder.lean	bbd660685490ce72bbbb1682ce8a3b049476e50bb15ef084ec73ee105d64f7f6
AKDP73ActualCompactRemainderAbsorption	LeanCode/Internal/PhysicalAnalysis/AKDP73ActualCompactRemainderAbsorption.lean	a4b53eb3b695aae4700b531d23c7b219b6052b686ce3643d76b9ac12adfc5124
AKDP74CompactBesselAdjustableNorm	LeanCode/Internal/PhysicalAnalysis/AKDP74CompactBesselAdjustableNorm.lean	1df5a348a1dbca5f6083ed3c4234bd46da1e58bf4250d245ae5f4bafd786dd40
AKDP36ActualNestedTensorNorm	LeanCode/Internal/PhysicalAnalysis/AKDP36ActualNestedTensorNorm.lean	df8cd19574d85f231ac9fb2b27128370bac961951c0de56bd64289de436578af
AKDP65AbstractTensorRemainderBound	LeanCode/Internal/PhysicalAnalysis/AKDP65AbstractTensorRemainderBound.lean	4215d90c096f98ff2ba292f0f3a7e1a596fbe42359889a12af5b9f761021144c
AKDP70ActualCutoffLowerGraphFormula	LeanCode/Internal/PhysicalAnalysis/AKDP70ActualCutoffLowerGraphFormula.lean	488bd0a2df45e50bdf2162d58faf79aac1a0a7820bf96cc5d4277494eecbc6d3
AKDP41ActualCellProductMixedNorm	LeanCode/Internal/PhysicalAnalysis/AKDP41ActualCellProductMixedNorm.lean	098e1353e281f43f75d41838e1180eb8c0615dc76e2b1a27a7bc700aa2d305db
AKDP42ActualPhasePieceMixedNorm	LeanCode/Internal/PhysicalAnalysis/AKDP42ActualPhasePieceMixedNorm.lean	42be848aea20da51c6cd4c11f8ba62b6cd27771fd6e901256e018b8b4e978700
AKDP46ActualPhaseCoordinateAbsorption	LeanCode/Internal/PhysicalAnalysis/AKDP46ActualPhaseCoordinateAbsorption.lean	6bff2300f8c6da42eafe5050f14311c8c0fe3e41600ab839292b18860c883dfd
AKDP59ActualPhaseGraphAbsorption	LeanCode/Internal/PhysicalAnalysis/AKDP59ActualPhaseGraphAbsorption.lean	21f1b67c622b1e6889528d2ead3baa3f6fcf06b5a6aece93fc85806aa73c46a2
AKDP60SameActualPhaseGraphBounds	LeanCode/Internal/PhysicalAnalysis/AKDP60SameActualPhaseGraphBounds.lean	a8a940807712390893839a7bfa6e106fec82d77f48198b17e2e01b751fe6affb
AKDP68LowerGraphsAgainstFullNorm	LeanCode/Internal/PhysicalAnalysis/AKDP68LowerGraphsAgainstFullNorm.lean	e0e3a581ebbaa0f1d876bf2ea005f674444be2e3956a9421dfcc6f87646b1557
AKDP64ActualLowerEndpointTransport	LeanCode/Internal/PhysicalAnalysis/AKDP64ActualLowerEndpointTransport.lean	808415c9034366ee8c9351b37559a75f2512cd0b0543513eb31a4da5f4717f6c
AKDP69ActualEndpointLowerGraphTransport	LeanCode/Internal/PhysicalAnalysis/AKDP69ActualEndpointLowerGraphTransport.lean	ece642d471ce947528a52361256c05e6293ed18c33e9f833837fb5c5bb72c06d
AKDP71ActualPhaseLowerGraphFormula	LeanCode/Internal/PhysicalAnalysis/AKDP71ActualPhaseLowerGraphFormula.lean	e44914c9553b9df386af918372220bb47bb81f1884ee8d0921a092bd282b0c30
AKDP81GenericCompactRankEstimate	LeanCode/Internal/PhysicalAnalysis/AKDP81GenericCompactRankEstimate.lean	f630d5df533ce7c87868d84d63ae99390abd15cdc63a74fce5c70a38f176485c
AKDP82FullGraphFromTopAndLower	LeanCode/Internal/PhysicalAnalysis/AKDP82FullGraphFromTopAndLower.lean	7abb530ae761d25650530d03aea32f0ea33aee462093760fcb213a02e067f41f
AKDP75KnownSourceLowerGraphPayment	LeanCode/Internal/PhysicalAnalysis/AKDP75KnownSourceLowerGraphPayment.lean	665e8c3a6a1623427f46c7fbf256191e2b690fa7311d23dcd71e745ac3d7a1bf
AKDP76SignedAxialMixedOrderNorm	LeanCode/Internal/PhysicalAnalysis/AKDP76SignedAxialMixedOrderNorm.lean	74547e50782b6f4041f6c2093801d4545bb72f9457bae91e6027a06df827e81b
AKDP77ActualSignedLowerFluxAllocation	LeanCode/Internal/PhysicalAnalysis/AKDP77ActualSignedLowerFluxAllocation.lean	6e6a8032232ba62a0f4242a6640ad3b3abd1125a944a58d7ddc330ef62511d3e
AKDP78SameSignedFluxGraphEstimates	LeanCode/Internal/PhysicalAnalysis/AKDP78SameSignedFluxGraphEstimates.lean	9464cca2684755b296f0bc23d4c89ffe14dd39f8a94417156d75a65fb5273c7d
AKDP79NativeLowerFluxFixedActions	LeanCode/Internal/PhysicalAnalysis/AKDP79NativeLowerFluxFixedActions.lean	c9f9858f713f12bd45e7878e1e283555efb80287bc373f97fbd737efde9888ab
AKDP80NativePreAxialFluxEndpoint	LeanCode/Internal/PhysicalAnalysis/AKDP80NativePreAxialFluxEndpoint.lean	612eee936b2035ad41e7d5e998d0d795d74cb048a4c361a6ef9bfdf2acdf6f44
AKDP83GenericCompactPlanarEstimate	LeanCode/Internal/PhysicalAnalysis/AKDP83GenericCompactPlanarEstimate.lean	3e158dcf64d95f2df3614ab6160d01073c48b0a303da747f0036f5f7570d511e
AKDW6PhysicalNativeLowerFlux	LeanCode/Internal/PhysicalAnalysis/AKDW6PhysicalNativeLowerFlux.lean	1d06584906dd9da0489c95a5105f6394dbef00cbe48417c06e64543d5648909c
AKDS1ActualInverseTransposeProfile	LeanCode/Internal/PhysicalAnalysis/AKDS1ActualInverseTransposeProfile.lean	6e4e16058eca6760fe6670cb6b36041779026affb748da5961c826c9e73e3a48
AKDS2ActualInverseTransposeCoreTame	LeanCode/Internal/PhysicalAnalysis/AKDS2ActualInverseTransposeCoreTame.lean	1e8d3136dd8b5c08ebde76b287ab359e8480383bfc30b513c07ba7dad9be616a
AKDS9ActualOriginalForceCoreTame	LeanCode/Internal/PhysicalAnalysis/AKDS9ActualOriginalForceCoreTame.lean	adb6b076d4f99669b89bd09c7d45941544acac417cdb6e5fd72efd2678048b47
AKDS3SameOriginalMatrixPhysicalField	LeanCode/Internal/PhysicalAnalysis/AKDS3SameOriginalMatrixPhysicalField.lean	58717a002681fec81b38cc599e78bb3bd2cd135124d2386c9591fe19932a83e1
AKDS4SamePhysicalInverseTransposeBound	LeanCode/Internal/PhysicalAnalysis/AKDS4SamePhysicalInverseTransposeBound.lean	d0624ebccabcb383dc88f8e282f9319a8febdabc01ec7939a57983a0d8e8fabf
AKDF1OriginalCoreMatrixGraphs	LeanCode/Internal/PhysicalAnalysis/AKDF1OriginalCoreMatrixGraphs.lean	8d7041aa2135af993837488c56b7c9bcec6954dd6b438aefded41af139799fb5
AKCA15SameRecoveredVectorPolar	LeanCode/Internal/PhysicalAnalysis/AKCA15SameRecoveredVectorPolar.lean	372628334cef65e7660364100df9e24380d42dec3b84a2c73ffebf3d19117d7e
AKDF2SameNativeInverseTranspose	LeanCode/Internal/PhysicalAnalysis/AKDF2SameNativeInverseTranspose.lean	edf588139e210e3a2fef6ef7a9bdab28dd1922ae586acb18f444c4b482435795
AKDF3ActualOriginalVectorCore	LeanCode/Internal/PhysicalAnalysis/AKDF3ActualOriginalVectorCore.lean	093a29fca2eb8d3f629d0c268425aeec07aea297123ddc9d1dee3acaf3e19d11
AKDS5ActualSameNativeVectorTame	LeanCode/Internal/PhysicalAnalysis/AKDS5ActualSameNativeVectorTame.lean	8c6f724636725dacf1c7933f050a99cd292b406adc1c9d84be400ad2a4a5cd62
AKDB6SameNativeAllOrderRecovery	LeanCode/Internal/PhysicalAnalysis/AKDB6SameNativeAllOrderRecovery.lean	a9144af88f56bc290eb974957261f6588ddf931e44ee6e292fa6303a1de59dbf
AKDB7SameNativeOriginalCoreConsumer	LeanCode/Internal/PhysicalAnalysis/AKDB7SameNativeOriginalCoreConsumer.lean	492dc5aed13681ed0ec117fb1ebc2fcd7c8f125714721164d15fa0b1669e2091
AKDB8ActualNativeCovariantOriginalCore	LeanCode/Internal/PhysicalAnalysis/AKDB8ActualNativeCovariantOriginalCore.lean	d0b75de56af3409961ee5c6a7b978752807fe7c35d4ef08b8c9f8f678ea86932
AKDB9ActualNativeXiOriginalCore	LeanCode/Internal/PhysicalAnalysis/AKDB9ActualNativeXiOriginalCore.lean	de864705e69b62a9b9f31a01a3ebe904737f6561b80ee41df9f65e2fa199b680
AKDB10SameActualPsiPhase	LeanCode/Internal/PhysicalAnalysis/AKDB10SameActualPsiPhase.lean	7e0aea2cae811cd445bec99c8246a8aa8e3da1f36fb8eee9326c099a105e4020
AKDB11ActualNativeScalarAllOrder	LeanCode/Internal/PhysicalAnalysis/AKDB11ActualNativeScalarAllOrder.lean	067b5d7cc9218b1b64583ba27ae0362c7e0239af25960826810dcfd3d751b79a
AKDB12ActualNativeScalarOriginalCore	LeanCode/Internal/PhysicalAnalysis/AKDB12ActualNativeScalarOriginalCore.lean	9b7661a2ce8206e530cac3aab4912e9a0a1bdb815a73c2e3093ea7102209251a
AKDS6ActualSameNativeRecoveryNorm	LeanCode/Internal/PhysicalAnalysis/AKDS6ActualSameNativeRecoveryNorm.lean	db23dd9e43121f7b5fec1d2d70a618a3b0bb774f5ebf6e1309136c72475c5b91
AKDS7SameActualXiCorePhase	LeanCode/Internal/PhysicalAnalysis/AKDS7SameActualXiCorePhase.lean	69335ceca83b4cf64eea8f1166fd0fe2583a50af1b7eabe7c5e8f4c3c730a8bc
AKDS8ActualNativeXiWeakRecoveryBound	LeanCode/Internal/PhysicalAnalysis/AKDS8ActualNativeXiWeakRecoveryBound.lean	c305bbeeb016aa913ccffd08642c11e08ed27eb56e7fd807dbcb6bdc5dbd13f2
AKDS10OriginalXiRecoveryInputs	LeanCode/Internal/PhysicalAnalysis/AKDS10OriginalXiRecoveryInputs.lean	be9d4c3e0f440eccc94eb88a563ba1cd530305322cab21258d689e00a096d5d8
AKDS11ActualOriginalXiOneHigh	LeanCode/Internal/PhysicalAnalysis/AKDS11ActualOriginalXiOneHigh.lean	3df41e6d08e166e20826923c5c8684ef3ccd0e9a0b6836f0ae3b5b2fa5b04266
AKDS12ActualOriginalUSOneHigh	LeanCode/Internal/PhysicalAnalysis/AKDS12ActualOriginalUSOneHigh.lean	fcc895a6cf96e8272acd1142cd2c9c0dd95433631d674b3f82048b8b9cdd5daa
AKCE1SameNativeOriginalBoundaryProduct	LeanCode/Internal/PhysicalAnalysis/AKCE1SameNativeOriginalBoundaryProduct.lean	c3a006a740abce1b49690e0d25ee98b0d3631c8b904b8a4660b7a7f1092c95d5
AKCE2OriginalPhysicalRowConverse	LeanCode/Internal/PhysicalAnalysis/AKCE2OriginalPhysicalRowConverse.lean	1125f13dee30c9bc1b7196cd1f09d46acb0956b62a09fcff13b9efafa1ae13ea
AKCE3FullSourcedOuterSeven	LeanCode/Internal/PhysicalAnalysis/AKCE3FullSourcedOuterSeven.lean	23d7dbd459968c57f5c9283a4881e1f6c58712296c79d8da82584d26bc6858a3
AKCE4ClosedRetainedSevenCoefficients	LeanCode/Internal/PhysicalAnalysis/AKCE4ClosedRetainedSevenCoefficients.lean	98c1239770941045994411f7e6f0527af851b8470d46227089ead7dfacf4f05d
AKCE5KnownGraphBulkRepresentatives	LeanCode/Internal/PhysicalAnalysis/AKCE5KnownGraphBulkRepresentatives.lean	2e0f7c5e8c030fabc789d9b363b981e461f694fb4ffc403fa6aa635fb63126c1
AKCE7SamePhysicalKnownCoefficients	LeanCode/Internal/PhysicalAnalysis/AKCE7SamePhysicalKnownCoefficients.lean	efd5fe49f4607b14e2c5ca1d958ebfcc44b80f78f90b20064774ed412201f075
AKCE6SameKnownGraphOuterTraces	LeanCode/Internal/PhysicalAnalysis/AKCE6SameKnownGraphOuterTraces.lean	620c0882eb943346b9c69e8bae1ec9e5f66d73db0eaa8a2656f3482bdc9e25bd
AKCE8ClosedKnownSevenCoefficients	LeanCode/Internal/PhysicalAnalysis/AKCE8ClosedKnownSevenCoefficients.lean	d442570fc13247339eccb75a104eec953c0b7e477667ce01926d3acd457ec9fc
AKCE9SameFullNativeOuterTrace	LeanCode/Internal/PhysicalAnalysis/AKCE9SameFullNativeOuterTrace.lean	cf7dcd83917b29ed3815de0c1c9d2df2b5c64f5e2c196d3ed069df8a6023a8b0
AKCE10SameActualOuterCovariant	LeanCode/Internal/PhysicalAnalysis/AKCE10SameActualOuterCovariant.lean	744c59df6a3c372aeb748ac3e9f7043c60cdaf441b3c921025b806d239efa696
AKCE11SourcedOuterCompatibility	LeanCode/Internal/PhysicalAnalysis/AKCE11SourcedOuterCompatibility.lean	80da85b7afcba2e8116ec28387fe0f10303de2b99cf0e74765406639722468b9
AKCE12NativeOuterOriginalRowConsumer	LeanCode/Internal/PhysicalAnalysis/AKCE12NativeOuterOriginalRowConsumer.lean	4431470622ef1150e64c211fc965ab69f2d2e4053e44213ae55c11e3f9a374b1
AKCE13ActualSourcedOuterRow	LeanCode/Internal/PhysicalAnalysis/AKCE13ActualSourcedOuterRow.lean	e813de50866afa15a577b20f8d7ad2c26e1d7bc71a39d32960f39f9dcb1c7d9e
AKCE14SameRecoveredOriginalOuterRow	LeanCode/Internal/PhysicalAnalysis/AKCE14SameRecoveredOriginalOuterRow.lean	1531f35730709f5b6ec74a4b741f4a377d753b7bf874411b470064ba582d8e92
AKCA16ActualRecoveredVectorGauges	LeanCode/Internal/PhysicalAnalysis/AKCA16ActualRecoveredVectorGauges.lean	a5870d91d13922a5369ce833612634b634c511d37e9191a8d6e7c7425a75264e
AKCE15ActualNativeOriginalConstraints	LeanCode/Internal/PhysicalAnalysis/AKCE15ActualNativeOriginalConstraints.lean	d48d11c6e3af70f59d82ec289fabc1c06bed283732ce6e0d99d317d19a8d81f1
AKCH1SameCoreCartesianDerivative	LeanCode/Internal/PhysicalAnalysis/AKCH1SameCoreCartesianDerivative.lean	3ab7d1e0a2885a2a334564da14a12f0d4dd832388a029ca3b32c77a44c863e01
AKCH2OriginalProductDirections	LeanCode/Internal/PhysicalAnalysis/AKCH2OriginalProductDirections.lean	8fcede2e5f6df248fe9c28e8e88bc9dc6d4cf6aa993a1c784d8f69ee8d9753dc
AKCH3SameOriginalCovariantCore	LeanCode/Internal/PhysicalAnalysis/AKCH3SameOriginalCovariantCore.lean	009d4607ba12de54e95750079d942621aa697ef497c0f86d6ee8b103141adde8
AKCH4SameOriginalCofactorCore	LeanCode/Internal/PhysicalAnalysis/AKCH4SameOriginalCofactorCore.lean	34e0885237bf2b9ef9e2517ccf5c805ecb34680541d9a8ca04e5bc74a48a39af
AKCH5OriginalNativeDivergence	LeanCode/Internal/PhysicalAnalysis/AKCH5OriginalNativeDivergence.lean	2c3138ac2a558983dffb892a89d966f427788cb78af0af9f9a4e0f9f73782e89
AKCH9NativePolarDivergenceTransport	LeanCode/Internal/PhysicalAnalysis/AKCH9NativePolarDivergenceTransport.lean	a7d9e3194ee4f814b160679b68d46f338947965a40bebea92342bb4d2495d319
AKCH6ActualRecoveredDeterminantPolar	LeanCode/Internal/PhysicalAnalysis/AKCH6ActualRecoveredDeterminantPolar.lean	aec5abfc75e8de3fb88c10bcfbbfd03dddd5b74ca82ff218861ecc1833e7895b
AKCH7PuncturedInteriorCoreFaithfulness	LeanCode/Internal/PhysicalAnalysis/AKCH7PuncturedInteriorCoreFaithfulness.lean	491f5ca03ae4fe7047596b56c9b199c625b57f0ea4c85df42bcd7c2148851c54
AKCH8ActualOriginalDeterminantForward	LeanCode/Internal/PhysicalAnalysis/AKCH8ActualOriginalDeterminantForward.lean	cb722dba58fb597fef8e6ebf6a6de28f2a36976d37873e81e4c6a512ef7260b2
AKCL1SourcedOriginalForceContractions	LeanCode/Internal/PhysicalAnalysis/AKCL1SourcedOriginalForceContractions.lean	f8ef83dd020fea3038111c06f5382376f06bcafcb5a392fb5c0c77b6ab1f8e5f
AKCL2LiteralCovariantForceCore	LeanCode/Internal/PhysicalAnalysis/AKCL2LiteralCovariantForceCore.lean	ca43cf545dc163daff64ac37162d127de244b14460c26920c5d751fe9ef0375f
AKCL3OriginalForcePolarAlgebra	LeanCode/Internal/PhysicalAnalysis/AKCL3OriginalForcePolarAlgebra.lean	2d2f6b4fd694df1a0b22b0cfadbeab83c4d7eed1bd1119d9e57671b6607128bd
AKCL4ActualOriginalQradForce	LeanCode/Internal/PhysicalAnalysis/AKCL4ActualOriginalQradForce.lean	24d0fb0131e50611aea55a9e87aecf9620ab1713a348cb2de22c86a74bbae877
AKCP1LiteralFullFrameForceValue	LeanCode/Internal/PhysicalAnalysis/AKCP1LiteralFullFrameForceValue.lean	e6c48bf9da9a55832eb9a552b51f81886ee79fb3c18b57cf3659d46b9891de65
AKCJ1OriginalSourcedThirdCore	LeanCode/Internal/PhysicalAnalysis/AKCJ1OriginalSourcedThirdCore.lean	907c3ff1297486b8adc83a903cd95d298a6a9a71d364f82bd932873f80ea1b8e
AKCJ2OriginalSourcedCovariantThird	LeanCode/Internal/PhysicalAnalysis/AKCJ2OriginalSourcedCovariantThird.lean	cf0cf9360e85f21630438c8c2ee3f236e206c98c56296986e2a92129a800972d
AKCJ3OriginalTangentialCovariantCore	LeanCode/Internal/PhysicalAnalysis/AKCJ3OriginalTangentialCovariantCore.lean	7c9bfdf2d6bff7f2822b44f6354077c247aefdff20cfd3bcaeb2bc1cf164475a
AKCJ4SameRetainedScalarCore	LeanCode/Internal/PhysicalAnalysis/AKCJ4SameRetainedScalarCore.lean	d1210bfd47dc31c26d8c3da8dca9532c3f324fc0f82f247b96ef00a3b5875c06
AKCJ5ActualSameCovariantCore	LeanCode/Internal/PhysicalAnalysis/AKCJ5ActualSameCovariantCore.lean	24c95c77064d7a071fffaf4130e811dcf1deba7cc9909f663ec0625baaa2173e
AKCJ6ActualSameRetainedScalarCore	LeanCode/Internal/PhysicalAnalysis/AKCJ6ActualSameRetainedScalarCore.lean	dbf0b854874a66545b60e1a70f839f905a4fdcbc94bf08ac31cd73837923f1eb
AKCJ7OriginalCoreProductRotation	LeanCode/Internal/PhysicalAnalysis/AKCJ7OriginalCoreProductRotation.lean	b217e0cab8999c8de864e93640fa7544abc748f6943641d113cc06cc6e1b656d
AKCJ9SameCoreCartesianFields	LeanCode/Internal/PhysicalAnalysis/AKCJ9SameCoreCartesianFields.lean	2584554cc98a15fe2cb16e24da9b3df1ece3099d8d90c27357f39273533ecc45
AKCP2OriginalForceCartesianValue	LeanCode/Internal/PhysicalAnalysis/AKCP2OriginalForceCartesianValue.lean	ff58096ea582b6aa28caa385acd3fe540e7211d423b1f7c39367d27ddaaacc9c
AKCP3ActualSourceQradIdentity	LeanCode/Internal/PhysicalAnalysis/AKCP3ActualSourceQradIdentity.lean	ac4d28c9525e3e1aeaa798cb808ccb9238a46bb18da91bc8739983b56fe835fb
AKCP4ActualRecoveredPlanarPolar	LeanCode/Internal/PhysicalAnalysis/AKCP4ActualRecoveredPlanarPolar.lean	737d509e01a9fc6fdf6a74ed16377106ef48f03897ac4a407ca64a9d71fe87ab
AKCP5ActualOriginalPlanarForward	LeanCode/Internal/PhysicalAnalysis/AKCP5ActualOriginalPlanarForward.lean	7785d70848885264e1590e667c928393040f82c2d5aa12d9bfb7f559e724c82a
AKCJ8OriginalThirdCartesianValue	LeanCode/Internal/PhysicalAnalysis/AKCJ8OriginalThirdCartesianValue.lean	9afcf9bb90444ddd9e8fb4ea22f343b54fb7e366d26729269aa4938c8662d23b
AKCN1OriginalThirdForceValue	LeanCode/Internal/PhysicalAnalysis/AKCN1OriginalThirdForceValue.lean	226239ed371ecba7a0fa23d16897ffc5e3844b9a7098d2d256ea253433b59a83
AKCN2ActualRecoveredThirdPolar	LeanCode/Internal/PhysicalAnalysis/AKCN2ActualRecoveredThirdPolar.lean	4af5cfd2025bf7667cf59d2e32614c855babb4af59748bf1e7471d8349ae51af
AKCN3ActualOriginalThirdForward	LeanCode/Internal/PhysicalAnalysis/AKCN3ActualOriginalThirdForward.lean	23a95ff3716d73e1e4a1e1dad2633cc992624b1f0bcc71918df0d5ade972de8d
AKCP6ActualOriginalFullForward	LeanCode/Internal/PhysicalAnalysis/AKCP6ActualOriginalFullForward.lean	77d526b43f02d3063eac41b1ca8bf403a874db11ea8c06a7a9acc5b91be5598c
AKCS1OriginalConjugateConstraints	LeanCode/Internal/PhysicalAnalysis/AKCS1OriginalConjugateConstraints.lean	5203e41c6c17965a697701c8ba2d9bf9f4d3161b13c2fbf5ce029b43087ff6e0
AKCS2OriginalPhysicalReality	LeanCode/Internal/PhysicalAnalysis/AKCS2OriginalPhysicalReality.lean	e4c7d89b3b83af5afe46cd7bbf3a203944ba80074614b54ef2cc9f7a57b8c623
AKCS3NativeOriginalRealForward	LeanCode/Internal/PhysicalAnalysis/AKCS3NativeOriginalRealForward.lean	66472475bed5b4dfee7246c5c6104f98396f41b2e1510854b32f2e41cfe93c0d
AKCS4ActualCurrentReality	LeanCode/Internal/PhysicalAnalysis/AKCS4ActualCurrentReality.lean	7d7c40dbe52ebeaf9304d2ca92dd9c5d71286159df9238d01db7f739a7a6c169
AKCS5ActualChartNativeRealForward	LeanCode/Internal/PhysicalAnalysis/AKCS5ActualChartNativeRealForward.lean	49fccfd691ae70995d68da910c67849819a353134f8c9d96c460e4ce35e6cd32
AKCU1OriginalZeroAxisFirstVariation	LeanCode/Internal/PhysicalAnalysis/AKCU1OriginalZeroAxisFirstVariation.lean	bd18c2a927d9ffd63ee88c1680ab79bbb73e96da88e2a4278b7879868dc0ede6
AKCU2SamePairReferenceForward	LeanCode/Internal/PhysicalAnalysis/AKCU2SamePairReferenceForward.lean	4218ec0894f6befa725144f89a0534100f2f597a77e794d6440688dda4571223
AKCU3NativeReferenceSolution	LeanCode/Internal/PhysicalAnalysis/AKCU3NativeReferenceSolution.lean	b40cc973fd35a52dacdfe93a5d6eee981f33fe9059e3392d66bff95165f635d6
AKDS13ActualReferencePairNorm	LeanCode/Internal/PhysicalAnalysis/AKDS13ActualReferencePairNorm.lean	e73ec4143ce18446ee6e1f204404c6f3e1a13b4c499a9a973fbb2e9203c008b3
AKDS14ActualNativeReferenceNorm	LeanCode/Internal/PhysicalAnalysis/AKDS14ActualNativeReferenceNorm.lean	4a35dd31e9cafa9eb7945d96108a0432c2284fafb360eef4604ede97ff3dee79
AKCU4ActualNativeResidualSolution	LeanCode/Internal/PhysicalAnalysis/AKCU4ActualNativeResidualSolution.lean	c3aed422e3a7f9b1b4bce7acaec255b2883577618d19abd4ff31b74f19cca5e8
AKDS15ActualResidualReferenceNorm	LeanCode/Internal/PhysicalAnalysis/AKDS15ActualResidualReferenceNorm.lean	1a731bcf211fe14fb60f9006ea1033d38319edef5e363e7889502d09d633fb82
AKDS16ActualFlatSourceReferenceNorm	LeanCode/Internal/PhysicalAnalysis/AKDS16ActualFlatSourceReferenceNorm.lean	6d47e279e1728c6306e702c31d38165f4115d01a9bfc78eaefb113012f071d49
Q23SeedDirectionalGenuine	LeanCode/Internal/NonlinearAnalysis/Q23SeedDirectionalGenuine.lean	d6ee9170c6e56095bd75830376e45be7a8e91ec3e3298af9859d5e7e3d4d0651
Q23SeedFamilyGenuine	LeanCode/Internal/NonlinearAnalysis/Q23SeedFamilyGenuine.lean	d392dcd1e168505f67877a13f04f60f3dc96c5f0e8cfdd1873b6cdb9026d8be0
Q23TransferProductGenuine	LeanCode/Internal/NonlinearAnalysis/Q23TransferProductGenuine.lean	9c1684de50b1f6678903f137513cdff1bf2fa706d9a447974a58430cd4d81184
Q23MixedAffineGenuine	LeanCode/Internal/NonlinearAnalysis/Q23MixedAffineGenuine.lean	1e59ec92e6782ee5cab889ef16fce63330c1823df3ca49c2ff80c1969f873969
QY35RootSeedAllocation	LeanCode/Internal/NonlinearAnalysis/QY35RootSeedAllocation.lean	1d4f59238157c83b8feb170dc552463b7da66a57547cdaec207f3b19b1bcedd5
QY36RootSeedGenuine	LeanCode/Internal/NonlinearAnalysis/QY36RootSeedGenuine.lean	e13f87f3cfe3bf7073caf094c31921c46ace66bf13dd0a4d2199bde56a0253ec
QYP22PhysicalTransferGenuine	LeanCode/Internal/NonlinearAnalysis/QYP22PhysicalTransferGenuine.lean	43169abbe18e8f0d7e70da98fc53a97a9e29f71b48b6fd1e1ade74613426ff8c
Q23PhysicalInnerGenuine	LeanCode/Internal/NonlinearAnalysis/Q23PhysicalInnerGenuine.lean	692bbec94d063017121daf1ebe6768e79272f0119da8f1f07ae3fe8a1638f4ac
QYP23PhysicalMixedCompletion	LeanCode/Internal/NonlinearAnalysis/QYP23PhysicalMixedCompletion.lean	53651a6e90e0f0f48f81e182f640b81fe602034dbe2b284b26587d61d707e596
QYP24PhysicalMixedConsumer	LeanCode/Internal/NonlinearAnalysis/QYP24PhysicalMixedConsumer.lean	7d0862fb38b6d5e063d48f2b6465e2e7ff76b5661ca4773a9a39c8a05240f474
AXN3UniformPhysicalForward	LeanCode/Internal/NonlinearAnalysis/AXN3UniformPhysicalForward.lean	2244d79c91a19ba775270dcc9ff6408c3d847f3aeeca64fbf8a442a8d618263e
AXN4AxisSourceLiftBound	LeanCode/Internal/NonlinearAnalysis/AXN4AxisSourceLiftBound.lean	1f85f013118812c916a438de8363ebbe9e880b30217ef83aa4e0c8787a08ef4a
AXN5SourceProjectionBound	LeanCode/Internal/NonlinearAnalysis/AXN5SourceProjectionBound.lean	23f3110e0d3d6c2cd71f8feb68961e1b1580f8f306eb7582a148ca3c4e0c2fe4
AKDS17ExtractedAxisReferenceNorm	LeanCode/Internal/PhysicalAnalysis/AKDS17ExtractedAxisReferenceNorm.lean	bec54d22a3207d2f94c4b16fdd8f210431f39bcc58ec1346193b2bb8e747b7c2
AKDS18FullSourceReferenceAssembly	LeanCode/Internal/PhysicalAnalysis/AKDS18FullSourceReferenceAssembly.lean	7421597908d537e698a97f6caba76d480a3de948869b79887220fdc415330907
AKDS19PhysicalBudgetReferenceBound	LeanCode/Internal/PhysicalAnalysis/AKDS19PhysicalBudgetReferenceBound.lean	d557aad0280dd5da0ac448defc7b8575f62d2d582ebdcfca2a00ce700da17cd3
AXN6CorrectionIdentity	LeanCode/Internal/NonlinearAnalysis/AXN6CorrectionIdentity.lean	a6c51ed70f911e51c47e3bd6aa7e86ee003b2007f0d7aa08970d632924ff7c77
AXN7ProjectionTriangle	LeanCode/Internal/NonlinearAnalysis/AXN7ProjectionTriangle.lean	0a5d1b987dc357bc62979f6fe154bbcad75b46ff8fe44811b5a7b82c7028b5e1
AXN6SourceProjectionConsumer	LeanCode/Internal/NonlinearAnalysis/AXN6SourceProjectionConsumer.lean	59101f2d2bd9558532d1cc339034def0635ac1af33a7ac87921165fe83a13dc6
AKDS20ProjectedSourceOneHigh	LeanCode/Internal/PhysicalAnalysis/AKDS20ProjectedSourceOneHigh.lean	bed28bf3ea74438750ecc3b21c2afebfda7873acb5a4b3f27fcafd6fdbd34d22
AKCX56SameB10RankGaugeResolvent	LeanCode/Internal/PhysicalAnalysis/AKCX56SameB10RankGaugeResolvent.lean	e6b60e49277dbdf3c1a028856749901a1c790fa42f5f85076eae1311b72454b4
AKCX57ActualNativeB10AllSpatialGrades	LeanCode/Internal/PhysicalAnalysis/AKCX57ActualNativeB10AllSpatialGrades.lean	56c99da84c7958392bd57d0e8c44d47fdb942096007f2cb4fcfecd03ad4bb4d4
AKCX58ActualOriginalSourceAllSpatialGrades	LeanCode/Internal/PhysicalAnalysis/AKCX58ActualOriginalSourceAllSpatialGrades.lean	c358ec8149e0b4aca681e3368db149b4cc6882133cfa65b156275b078800ffd8
AKCX59FixedNativeRadialCutoffs	LeanCode/Internal/PhysicalAnalysis/AKCX59FixedNativeRadialCutoffs.lean	fddddd8ce12f06f357abe961b5611387ddc85db43fc0955388ad9a3bc4346be3
AKCX60SameNativeAllOrderConsumer	LeanCode/Internal/PhysicalAnalysis/AKCX60SameNativeAllOrderConsumer.lean	36146d45339c9bb5723929352d1513dc37dccbe10a23d7560b27667154dc0693
AKDB13ActualNativeOriginalCoreAssembly	LeanCode/Internal/PhysicalAnalysis/AKDB13ActualNativeOriginalCoreAssembly.lean	bd850dc866c5fa74b045e90f5c223c2371f02f3fdad4c7365101c73cca8ca3bf
AKDB14ActualSourceOriginalCoreConsumer	LeanCode/Internal/PhysicalAnalysis/AKDB14ActualSourceOriginalCoreConsumer.lean	7a0a282f7ac2b7c3895108b98bfb01e231870a941513a4310a32c18e40696731
AKDG1ActualSourceOriginalVectorScalar	LeanCode/Internal/PhysicalAnalysis/AKDG1ActualSourceOriginalVectorScalar.lean	5b804d220d36d49a35de8073a87c1b592ea341c69c6cc2e3784f68fe47f2cc20
AKCU5ActualOriginalTwoSidedSource	LeanCode/Internal/PhysicalAnalysis/AKCU5ActualOriginalTwoSidedSource.lean	67c6778b654fe0577db2cbe35e2a96c60fcc1f36e68b0947dd49bd639e86cecf
AKDG2ActualOriginalUniquePreimage	LeanCode/Internal/PhysicalAnalysis/AKDG2ActualOriginalUniquePreimage.lean	23dc0139375b524e1f62502507a068cd6fbdb4d24596ece54897d47da1ab8ff7
AKDG3ActualOriginalSmoothInverse	LeanCode/Internal/PhysicalAnalysis/AKDG3ActualOriginalSmoothInverse.lean	e29cc74df46215f57e5430a3f9ee4b5501ad0c962c55500bd5baaeefd3a2cd52
AKDG4OneOriginalInverseRadius	LeanCode/Internal/PhysicalAnalysis/AKDG4OneOriginalInverseRadius.lean	37931cc5296c48fa422c8fcc8d5d891b7beb9a2602085b2d5fafb711afbc5ee9
QV1CompatibleFamilies	LeanCode/Internal/FunctionalAnalysis/QV1CompatibleFamilies.lean	b892ff946c1d6364d291727e12c2c14a95eff9249d12c39228bdf594ea279259
QV2AllGradeExtension	LeanCode/Internal/FunctionalAnalysis/QV2AllGradeExtension.lean	7fa58ebcd7ff53a1682ad112e8ad3cff40e530568684f2a02844c74880d8aa57
QV3SimultaneousReconstruction	LeanCode/Internal/FunctionalAnalysis/QV3SimultaneousReconstruction.lean	06980178c2396983fbde36e8fdf4b98010e0fb04412240d04988b3a2090075c4
QV4ConstrainedEquivalence	LeanCode/Internal/FunctionalAnalysis/QV4ConstrainedEquivalence.lean	eaf56b70d95f09eaa96cee3a1c79ff494c055f5afe44dc8917076dd201b29284
QV5OriginalSeminorms	LeanCode/Internal/FunctionalAnalysis/QV5OriginalSeminorms.lean	62410c968e80d8c4aaed30502bf4f28ee1f720e82638d149f6ddc8d5f56aec65
QV6Topology	LeanCode/Internal/FunctionalAnalysis/QV6Topology.lean	69304c5dfb538bef15e5f0e026a04650780451c84c30e3c8306112721e1afa41
QV7Goal	LeanCode/Internal/FunctionalAnalysis/QV7Goal.lean	df970c98aed99210176d13881804f019b5bf5a0deafb907ce6973a4808b58cf9
QV8Consumer	LeanCode/Internal/FunctionalAnalysis/QV8Consumer.lean	606300ae2c253775e5f6da72963298d215705670cad26bdbcb6cea84b8a81080
AKCR1OriginalSmoothStateLimit	LeanCode/Internal/PhysicalAnalysis/AKCR1OriginalSmoothStateLimit.lean	42ffa557998796aa12c5ad25510d7f28c501e411f30959787ef7b629c0b5dafb
NewtonTimeInterface	LeanCode/NashMoser/NewtonTimeInterface.lean	54c231685184acd7687fca053fa073106bebd0dd13564bc4e910f162f5e7b954
NewtonTimeProof	LeanCode/NashMoser/NewtonTimeProof.lean	f5b73ea871c332309f94f63132cec381d2368c55b91a730b8a8e61ab79732b5c
NewtonTimeConsumer	LeanCode/NashMoser/NewtonTimeConsumer.lean	85a7e9d4da11b99562e7c6cd011cbee342f750b7351383b0eeeacd749e1f9584
NewtonBootstrap	LeanCode/NashMoser/NewtonBootstrap.lean	e568a09e784ed6a4980de880832df50180faf1089d6cce0d2a7ab3e13a15296a
NewtonConvergence	LeanCode/NashMoser/NewtonConvergence.lean	0c135b1f4c1051db9f4d5318277c1e22951a63d1be7a3534f2cde09520f914c1
NewtonFiniteStage	LeanCode/NashMoser/NewtonFiniteStage.lean	1790039816b47a9b68630e0d3498c2cecd9f8f7bf1575e1fde8c9240f360e857
GuardedNewtonIteration	LeanCode/NashMoser/GuardedNewtonIteration.lean	c229c61f70131d46c476a1b0b555224388661d9355671ac42081deec3aac453b
NewtonGradeLimits	LeanCode/NashMoser/NewtonGradeLimits.lean	5c1f3961ecf38b5e2e16a458a91e4da1b99ecd74131e1f613feccb51e7564cc0
NewtonExactZero	LeanCode/NashMoser/NewtonExactZero.lean	4b0fdbddaa8d5b684223a4c07a7525df3af2ccf827a4829f62609fd9a5e57be6
AKCR2ActualGuardedNewtonSmoothLimit	LeanCode/Internal/PhysicalAnalysis/AKCR2ActualGuardedNewtonSmoothLimit.lean	1ebe26269d01ddf2f87df78b3289d1e0e84bcdc7362b29dcf6ee56b06d386984
AKCR3UniformGuardedGradeConvergence	LeanCode/Internal/PhysicalAnalysis/AKCR3UniformGuardedGradeConvergence.lean	a720e39d0a07c02fed429537ddf14082741449ba726272c3bee469bae25f944e
AKCR4OriginalNewtonBranchContinuity	LeanCode/Internal/PhysicalAnalysis/AKCR4OriginalNewtonBranchContinuity.lean	7e65955cfe6aa01186aed5f6a4ed9f8aeb72f0bd623c7ec3d23c18e56bb73832
AKCT1BranchDerivativeLowAbsorption	LeanCode/SmoothDependence/AKCT1BranchDerivativeLowAbsorption.lean	bb1febefbdb035f830b3db327e97f4e3e1341e5cebf0c61bc409bc7b5d49b801
AKCT2FiniteInputSmoothBranchBootstrap	LeanCode/SmoothDependence/AKCT2FiniteInputSmoothBranchBootstrap.lean	542fdb8a89e3ee63fbc03e520e79c980a448b62d826754c5d5057045238b4c4f
AKCT3ContinuousBranchInverseRemainder	LeanCode/SmoothDependence/AKCT3ContinuousBranchInverseRemainder.lean	c1698dcee431117f0df251d7577e60d8f876b8cc461f6c8d8d03ecd4ff9b98a9
AKCT4OriginalNewtonParameterSmoothness	LeanCode/Internal/PhysicalAnalysis/AKCT4OriginalNewtonParameterSmoothness.lean	fce22d2f49464d67267c8eff2ae9e3a08f5a6312109d676f281d4f085f4f0797
AKCV1ExactZeroInverseRemainder	LeanCode/Internal/PhysicalAnalysis/AKCV1ExactZeroInverseRemainder.lean	3ccdbae1978b0919838213f152e7bff61b818ca4a6aed51f8ff742c549ee89b3
AKCV2OneHighInverseTaylorBound	LeanCode/Internal/PhysicalAnalysis/AKCV2OneHighInverseTaylorBound.lean	bc7e60fd66e671b4b46082197380866e758549ffa4c5e15764ea5c5a93195798
AKCV3ExactZeroBranchSmoothness	LeanCode/Internal/PhysicalAnalysis/AKCV3ExactZeroBranchSmoothness.lean	49a600124db920019d71cdebbeb17425ebeef5fa6b1c8843d2436c1f11633d3f
AKCV4LiteralOriginalNonlinearSource	LeanCode/Internal/PhysicalAnalysis/AKCV4LiteralOriginalNonlinearSource.lean	933726dac8a9606b93db8e59df33c85b20ed9e9f677d8e62886edee065b8997a
AKCV5OriginalMixedCoreDerivative	LeanCode/Internal/PhysicalAnalysis/AKCV5OriginalMixedCoreDerivative.lean	5923ba7255cf8d18d3af972d1e7ffa6ad44db868e2a4ff5980126f8bf22ff947
AKCV6OriginalParameterStateDerivativeSplit	LeanCode/Internal/PhysicalAnalysis/AKCV6OriginalParameterStateDerivativeSplit.lean	3e44e3770190319e0214dd91b13e3eed6d7d223795277718ca4e7671484f9067
AKCV7OriginalTaylorRemainderRealization	LeanCode/Internal/PhysicalAnalysis/AKCV7OriginalTaylorRemainderRealization.lean	8f1db470ebb3c4fae459a4cd58ecd656cdc2d521f07013f129446bec840ce533
AKCV8SegmentTaylorEstimate	LeanCode/Internal/PhysicalAnalysis/AKCV8SegmentTaylorEstimate.lean	e4d3bcfa7d31aef90b9bdda965799ff402a31e0c4b550b028b0def508a75e024
AKCV9ActualMixedSecondOneHigh	LeanCode/Internal/PhysicalAnalysis/AKCV9ActualMixedSecondOneHigh.lean	467ea0f9164ea62d1827e5d2e72c01c3589308fd44cbd9aec111c0fbe5fe7e86
AKCV10OriginalOneHighTaylorRemainder	LeanCode/Internal/PhysicalAnalysis/AKCV10OriginalOneHighTaylorRemainder.lean	3a280cca087009d30a97983d123328aee12df4f8fc7e4f7ff3b0e4cfe687170d
AKCV11LocalOriginalTaylorBound	LeanCode/Internal/PhysicalAnalysis/AKCV11LocalOriginalTaylorBound.lean	56ef81e864c77641755e1c22836c79174bb370f8582bf5a7bb4dbfc728e4cfb6
AKCV12OriginalMixedDifferenceNorms	LeanCode/Internal/PhysicalAnalysis/AKCV12OriginalMixedDifferenceNorms.lean	3e52f0128536045d737079148b2bfeca03ca1cd019f24bb2b3fb53c6972c434d
AKCV13OriginalCoreLocalTaylorConsumer	LeanCode/Internal/PhysicalAnalysis/AKCV13OriginalCoreLocalTaylorConsumer.lean	fa3e227e2f2ade40a38bc0f3e0192e617a8db04907a81cfaf2801e849c7146b5
AKCV14OriginalInverseTaylorConsumer	LeanCode/Internal/PhysicalAnalysis/AKCV14OriginalInverseTaylorConsumer.lean	9fc3adad5159a1fbc467882633a01a4f6531c74691cdb18d8f83f5978d574d5c
AKCV15OriginalBranchInverseTaylor	LeanCode/Internal/PhysicalAnalysis/AKCV15OriginalBranchInverseTaylor.lean	d09f74dd36b7ff9661685c2e438b643f5f99fbf6b6b66e20b1f78b60cb6c7439
SM16StateSmoothing	LeanCode/FourierAnalysis/SM16StateSmoothing.lean	1a306ac6adeed8e71cb23e9e0a6828d354d3fdd9e6a4df1c1c91e9ea5d8134bc
SM17StateCalculus	LeanCode/FourierAnalysis/SM17StateCalculus.lean	614adfd109b6e5cda5e20d41fc43b7d0bb06c8f69e2c318b5e85b36b1d3c856c
SM18StateProjection	LeanCode/FourierAnalysis/SM18StateProjection.lean	efedf504528e3efd871671d53fd97fefb11fa15ca512124aba6f366056cfdc41
SM19SmoothConvergence	LeanCode/FourierAnalysis/SM19SmoothConvergence.lean	f4ca7ae967049f8dc6a331f29e498ab521bd3cdc84dec7190bef96ec3a0de7b3
AKCY1ActualConstrainedSmoothing	LeanCode/Internal/PhysicalAnalysis/AKCY1ActualConstrainedSmoothing.lean	56f5f0eaf263773bc6083fc4a189d64abfea90614fa6414f82d26ad1fa5f6cda
AKCY2OriginalSmoothedNewtonStep	LeanCode/Internal/PhysicalAnalysis/AKCY2OriginalSmoothedNewtonStep.lean	7e446de11f126adff50648621a790a995caffc8315b6fb36872e7ffd57883942
AKCY3ActualNonlinearStageBounds	LeanCode/Internal/PhysicalAnalysis/AKCY3ActualNonlinearStageBounds.lean	609a340c9d76fb57f3f4119eaa39b1e0dc31e97f5224820d223f621596b81b58
AKCY4OriginalStateTaylorBound	LeanCode/Internal/PhysicalAnalysis/AKCY4OriginalStateTaylorBound.lean	22cf9148f0308905baf61b73942e72585d7b7890083437999d50f488c6aaa003
AKCY5ShiftedOriginalAnalyticBounds	LeanCode/Internal/PhysicalAnalysis/AKCY5ShiftedOriginalAnalyticBounds.lean	b253b23b5c7db8295fc16a2d3b3a4db577f577db89802918a7cfe5917d7d62f5
AKCY6OriginalNewtonNeighborhood	LeanCode/Internal/PhysicalAnalysis/AKCY6OriginalNewtonNeighborhood.lean	a3d58cd5b334981a61771fa23cf5fcaeaba27e4a54d2ec867c4d2c5b12dbd9b4
AKCY7FiniteStageHighBudgets	LeanCode/Internal/PhysicalAnalysis/AKCY7FiniteStageHighBudgets.lean	3627230e145788d02dfbd8ac7d2e5b2429c03c25803def82889a97b00c3f6029
AKCY8ActualNewtonCorrectionEstimates	LeanCode/Internal/PhysicalAnalysis/AKCY8ActualNewtonCorrectionEstimates.lean	ea98a70caf49ded8fadf0f92a8b4eea8d769bcaba8883b64593246d5a9d7a519
AKCY9ActualNewtonSmoothingDefect	LeanCode/Internal/PhysicalAnalysis/AKCY9ActualNewtonSmoothingDefect.lean	9cc57c508ded122f7d6089fbad209ac7d521ff5214102b72e19373356fb8fee9
AKCY10ActualNewtonQuadraticRemainder	LeanCode/Internal/PhysicalAnalysis/AKCY10ActualNewtonQuadraticRemainder.lean	646c0fe9cdf195b5adeb6f837dfa820b4d96f5d8fe050e519eb17493ddfeca44
AKCY11ActualFiniteStageRecurrence	LeanCode/Internal/PhysicalAnalysis/AKCY11ActualFiniteStageRecurrence.lean	8aa2b21c01cecd9a771751f1e57c15e455b4c7d3d09e8e46852c6180f75cb879
AKCY12EnrichedOriginalNewtonStages	LeanCode/Internal/PhysicalAnalysis/AKCY12EnrichedOriginalNewtonStages.lean	b6aa60140364900015173f2b14a5dc17a6ffb5b7092098408781963beb7db68d
AKCY13OriginalStageUniformLimits	LeanCode/Internal/PhysicalAnalysis/AKCY13OriginalStageUniformLimits.lean	481e6a270b544041479d4278e1ea9cc0cc133b8a8bc8bc73eaadf461704438a3
AKCY14SameOriginalNewtonExactZero	LeanCode/Internal/PhysicalAnalysis/AKCY14SameOriginalNewtonExactZero.lean	518df495dce137907690c435b2f74ae7f2a92738ff0f486aba000ffd8bd13a57
NewtonFiniteChoice	LeanCode/NashMoser/NewtonFiniteChoice.lean	b8b9b99d67941034c4ef6bfd8968cd835ca3023c22663071f03af1e133a12a15
AKCY15ConstructedOriginalNewtonConsumer	LeanCode/Internal/PhysicalAnalysis/AKCY15ConstructedOriginalNewtonConsumer.lean	d9118ea181323cf4048fb1f4bf32d04d6a279875f3a1824cad9869be04e8b61c
AKDC1OriginalSmoothingContinuity	LeanCode/Internal/PhysicalAnalysis/AKDC1OriginalSmoothingContinuity.lean	c40d280086e9737bab8af55c77404740209ef6a3f7faab74da52db48bc90e6a6
AKCZ1ExactCoreResolvent	LeanCode/Internal/PhysicalAnalysis/AKCZ1ExactCoreResolvent.lean	8686102aec386bd42622298bdc46bd7ed5c52818e3ffb8c9f91f331934ccb17a
AKCZ2OriginalCompletedInverse	LeanCode/Internal/PhysicalAnalysis/AKCZ2OriginalCompletedInverse.lean	74b08aea04bbe3a58670eb0e19674c5b8280402db62cd8990c0f0d9d04e55001
AKCZ3OriginalShiftedInverseLaws	LeanCode/Internal/PhysicalAnalysis/AKCZ3OriginalShiftedInverseLaws.lean	e6c0ac85de7984b5c308676a8e2667979a4e16d91de448c9f239dbf9570c6c09
AKCZ4OriginalInverseCoherence	LeanCode/Internal/PhysicalAnalysis/AKCZ4OriginalInverseCoherence.lean	a92e31a9604fd4e99b7cb91fc4f690e4c682a63eab2ddd75c1a8450c7dac63b0
AKCZ5ShiftedCompletedResolvent	LeanCode/Internal/PhysicalAnalysis/AKCZ5ShiftedCompletedResolvent.lean	f652127c271e242f443416e9c0d0d9b63a56bdbf9ecfddf07ee1e39f1bd09394
AKCZ6ShiftedResolventContinuity	LeanCode/Internal/PhysicalAnalysis/AKCZ6ShiftedResolventContinuity.lean	a2d8b61321681b9a3677ba7a16574bcb0038c40c123d33bfee2e5eb2a3a21c9d
AKCZ7ShiftedResolventDerivative	LeanCode/Internal/PhysicalAnalysis/AKCZ7ShiftedResolventDerivative.lean	fb3949809a7d16655868814603f2eeff99f7dfe8cf11d2f4ea3e92a1cc016843
AKCZ8FiniteLossInverseSmoothness	LeanCode/Internal/PhysicalAnalysis/AKCZ8FiniteLossInverseSmoothness.lean	497307b75085c868b35e3acfe7e92054b168a4575ce8fcfbd3935c5c93e44e48
AKCZ9DirectParameterBranchBootstrap	LeanCode/Internal/PhysicalAnalysis/AKCZ9DirectParameterBranchBootstrap.lean	a4e9955f3bfecbd7a4628db7ff7d1144d9a28702a56675ebc3756c741b30f93e
AKCZ10OriginalBranchForwardRegularity	LeanCode/Internal/PhysicalAnalysis/AKCZ10OriginalBranchForwardRegularity.lean	c199230354ddee4623bd8e3876795dc4ccafdb0b6aebff76cbe516bd5a35790d
AKCZ11OriginalTameInverseCompletions	LeanCode/Internal/PhysicalAnalysis/AKCZ11OriginalTameInverseCompletions.lean	abd4853d6931ffa8dc3d1d63bfcb27de25f57cf3304844953db26022b274c52a
AKCZ12OriginalCompletedResolventIdentity	LeanCode/Internal/PhysicalAnalysis/AKCZ12OriginalCompletedResolventIdentity.lean	65bac1c91dd864d3d78f09794e2e1222cd6e9fbd03ad2ddff85eb1bcb13ff81a
AKCZ13OriginalInverseNormContinuity	LeanCode/Internal/PhysicalAnalysis/AKCZ13OriginalInverseNormContinuity.lean	5128f5d44462b598b0511621cddd2a0d54d97d0c7030ce89e598d2fbaf5c8e7c
AKCZ14OriginalZeroBranchDerivativeFormula	LeanCode/Internal/PhysicalAnalysis/AKCZ14OriginalZeroBranchDerivativeFormula.lean	f007385163b15772cf73b2ef589d39dd0f78319830a4b43ca867e2a0f851559a
AKCZ15OriginalZeroBranchDifferentiability	LeanCode/Internal/PhysicalAnalysis/AKCZ15OriginalZeroBranchDifferentiability.lean	800270a1c7a539672789d6aa3766b61488c05cab519b9ecebae89ec96879e2cb
AKCZ16OriginalZeroBranchSmoothness	LeanCode/Internal/PhysicalAnalysis/AKCZ16OriginalZeroBranchSmoothness.lean	e9a6edb59569913c877d8d19e903f68e9ae35caa8f77cf10b47303a301d471ea
AKDC2OriginalInverseNeighborhoodTransfer	LeanCode/Internal/PhysicalAnalysis/AKDC2OriginalInverseNeighborhoodTransfer.lean	a3be2014cfb9cb591b399add43c0f73fff6c2bd4ab7baf0a7d22d52099a75aa5
AKDC3ActualNewtonStepContinuity	LeanCode/Internal/PhysicalAnalysis/AKDC3ActualNewtonStepContinuity.lean	a609b8a4d7d85bf54438ae6cf134534b4e0e813da04096e370936fad835a8e93
AKDC4FixedOpenNewtonDomain	LeanCode/Internal/PhysicalAnalysis/AKDC4FixedOpenNewtonDomain.lean	a66eed9840aa84dc4697458b550d261527c1eafb61f6831f729d5bb5c9178348
AKDC5ActualFiniteIterateContinuity	LeanCode/Internal/PhysicalAnalysis/AKDC5ActualFiniteIterateContinuity.lean	65ff576d8be8c027219f325d1f573f19511432000b874303af35180bf5727ca9
AKCU6ConstructedNativeRecoveryConsumer	LeanCode/Internal/PhysicalAnalysis/AKCU6ConstructedNativeRecoveryConsumer.lean	042912fe12ed7349fcc9c958c56c48c3207ca459c51bf1d26b07c3d41ded4ee1
AKCU7OriginalConstructedFamilySource	LeanCode/Internal/PhysicalAnalysis/AKCU7OriginalConstructedFamilySource.lean	8c1046bf58cab158a284165021451a025392c9de1dd4956035507ba7410fcf7d
NGP02Collar	LeanCode/Internal/FunctionalAnalysis/NGP02Collar.lean	040ddf8efbb2f7fe3520f7a0adac1b1285c2ed41504bdb9b41d5a5746e1deb99
NGP02ClosedBound	LeanCode/Internal/FunctionalAnalysis/NGP02ClosedBound.lean	6190c8d20dff1fc222b438badaaddf7441993b545f21b5885c596d4e7c5bfa0e
NGP02ExteriorBound	LeanCode/Internal/FunctionalAnalysis/NGP02ExteriorBound.lean	807ac6b56dbf657ec775736a6288bb66e9444909449458dca8a3a6531c5a7961
NGP02TorusBound	LeanCode/Internal/FunctionalAnalysis/NGP02TorusBound.lean	982abe1ac6765adf2cd3b2873b7cd969271308a8f67efcf721c9037cd63e70fb
NGP02Interface	LeanCode/Internal/FunctionalAnalysis/NGP02Interface.lean	0792163fa5c8912c618a617e718e462b61c4a4ee42fcf28d3cfa93035399ce8a
NGP02Proof	LeanCode/Internal/FunctionalAnalysis/NGP02Proof.lean	0163c967d3876da4292b52644d58fa6d0badfd7aa26f459db5939f489c3cd003
NGP02Consumer	LeanCode/Internal/FunctionalAnalysis/NGP02Consumer.lean	868b422e3ded2a83d862db301896e2d31f8f5ae91fcc9c2203bbe2b749928a67
AKCW1SameOriginalCollarExtension	LeanCode/Internal/PhysicalAnalysis/AKCW1SameOriginalCollarExtension.lean	6f12bbdf9464e736a3e6c33f01daec2df305a7287307607a63f87f91aed09d74
AKCW2OriginalCollarDerivativePackets	LeanCode/Internal/PhysicalAnalysis/AKCW2OriginalCollarDerivativePackets.lean	03be1a7ca693d1a135e63f1d0202ad890e1f1fdef1d4d4eb095cb0fea87ff581
AKCW3OriginalParameterDerivativeCore	LeanCode/Internal/PhysicalAnalysis/AKCW3OriginalParameterDerivativeCore.lean	530defccd60ab093bb447d0c18dcd8c4a6d69b7254ff82f1d15ad5445649a419
AKCW4OriginalAllGradeParameterSmoothness	LeanCode/Internal/PhysicalAnalysis/AKCW4OriginalAllGradeParameterSmoothness.lean	def4ff4d80cc9ad38e9336779ba8e0f999fc507c6f3c01ea98ba25dd7742c191
AKCW5FixedCollarEvaluation	LeanCode/Internal/PhysicalAnalysis/AKCW5FixedCollarEvaluation.lean	1f4af9a9f75e8c3b81cf598e9455f6e0688c02f64f38bd4aa81205be008b784a
AKCW6ActualJointPartialDerivatives	LeanCode/Internal/PhysicalAnalysis/AKCW6ActualJointPartialDerivatives.lean	5c4d8a9fe3e29efba4508c239ccc2a4dcee5d22c1ee044fd497ac3cd1b476202
AKCW7OriginalJointFrechetDerivative	LeanCode/Internal/PhysicalAnalysis/AKCW7OriginalJointFrechetDerivative.lean	960a0ff2136ffe54582f27caf29945ba1341627f04a059d40ae87f126c1f5c67
AKCW8SameOriginalJointSmoothness	LeanCode/Internal/PhysicalAnalysis/AKCW8SameOriginalJointSmoothness.lean	2050274b30430f30aa4c37caf8a66868e416e67a751a5cb47ea8e0e4371fbfe5
AKCW9ActualChartFamilyEvaluation	LeanCode/Internal/PhysicalAnalysis/AKCW9ActualChartFamilyEvaluation.lean	f167ac197578b963c8296ef9d14ccd508967b1ef807b52fcfc10b6ba8d72874c
AKCZ17OriginalPhysicalBranchSmoothness	LeanCode/Internal/PhysicalAnalysis/AKCZ17OriginalPhysicalBranchSmoothness.lean	f996d120d8989dfbcf1d6ad47186bc1102ac0b830784aa0a6a417830ec7c9b2d
AKDC6ConstructedOriginalSmoothBranch	LeanCode/Internal/PhysicalAnalysis/AKDC6ConstructedOriginalSmoothBranch.lean	f656a56e02abad4153da596b1dd8602dd32c032124e9726a4b01315d5c15c53b
AKDJ1ActualCompletedBudget	LeanCode/Internal/PhysicalAnalysis/AKDJ1ActualCompletedBudget.lean	4c9ee38948d99b4402a3f86af3cfd5775f79c4145647c692d5c36a267c66c109
AKDJ2OriginalBudgetOpenBall	LeanCode/Internal/PhysicalAnalysis/AKDJ2OriginalBudgetOpenBall.lean	d6c071d7babb1e478a043221e28a486edf3d1c5e2f6cbba64425cd9f9bfc08a2
AKDI1OriginalZeroChart	LeanCode/Internal/PhysicalAnalysis/AKDI1OriginalZeroChart.lean	ce13c31345e4cc304c4bd07e5cd7911e3aa942c0061ab603e4665c543b6d83d2
AKDI2ActualSeedSpatialAlgebra	LeanCode/Internal/PhysicalAnalysis/AKDI2ActualSeedSpatialAlgebra.lean	3860ed505e4cc5d7f3d1d7bd1ec6d60e595b07aa8403106388bf526c7a835c52
AKDI3SeedFirstRows	LeanCode/Internal/PhysicalAnalysis/AKDI3SeedFirstRows.lean	ed15e7fb40454ac2f2811880e2023706b4216c291fc8c4756ca10510dbdf7ecb
AKDI4SeedThirdRow	LeanCode/Internal/PhysicalAnalysis/AKDI4SeedThirdRow.lean	feece534894f2b3a144619c229df08e6d6221f097f57fc398bf3abb75ad2bcb6
AKDI5SeedFourthRow	LeanCode/Internal/PhysicalAnalysis/AKDI5SeedFourthRow.lean	8a0d90370526024a85e3e84fadbabdb8f513a4ae37be91ab11acec3ce10acbff
AXI2L2Multipliers	LeanCode/Internal/NonlinearAnalysis/AXI2L2Multipliers.lean	c67e89d325ff7c13a71a2e9088c270332a12195081cb70354eda6b6fee4802db
AXI3CompletedCoreMap	LeanCode/Internal/NonlinearAnalysis/AXI3CompletedCoreMap.lean	ee2335563db79582fc58f9ff4e5b4a5268c4e89cb27fa916ff7dd653086d327d
AXI4CoordinateInjectivity	LeanCode/Internal/NonlinearAnalysis/AXI4CoordinateInjectivity.lean	01bdf4d8019b1b0811dcdcad423da1cc752bdefd1a09876ed2359a23b4abae85
AXI5RawReconstruction	LeanCode/Internal/NonlinearAnalysis/AXI5RawReconstruction.lean	5a495bf2908305a313cb164cd3b208e589f7115c06b5b7fbefe68a36ac2b090e
AKDI6OriginalSeedZeroSource	LeanCode/Internal/PhysicalAnalysis/AKDI6OriginalSeedZeroSource.lean	964968d65558921550ff60815b67b1b67312ddbd116ed337b233f7eb6891b179
AKDI7ZeroEccentricityCurrent	LeanCode/Internal/PhysicalAnalysis/AKDI7ZeroEccentricityCurrent.lean	28da1635399faba1a05d1b865723919d9c58b3693962d587088d98103a3dc536
AKDJ3ActualZeroSeedProduct	LeanCode/Internal/PhysicalAnalysis/AKDJ3ActualZeroSeedProduct.lean	3d9f116d09a6c1411516f95210c7a89df8dc4c9c1d1ebcb521ac25df24f5e0b5
AKDJ4ActualNewtonProductNeighborhood	LeanCode/Internal/PhysicalAnalysis/AKDJ4ActualNewtonProductNeighborhood.lean	cd6111c48afdd73d6c24cf880b8f563aa0b43a10d20f0dedb77ea85885a8a3a2
AKDJ5ActualProductInverse	LeanCode/Internal/PhysicalAnalysis/AKDJ5ActualProductInverse.lean	88abbec2fe4bf2d0fd99265bb107b633305ad608cda38815ac72836f6e0dc34b
AKDJ6ActualGoodSeedNeighborhood	LeanCode/Internal/PhysicalAnalysis/AKDJ6ActualGoodSeedNeighborhood.lean	5a354765eccc9cd53b4b6b17136706b1cbb716bf1ee359c936a4ca8732f3786f
AKDJ7ArbitrarilySmallActualProduct	LeanCode/Internal/PhysicalAnalysis/AKDJ7ArbitrarilySmallActualProduct.lean	d22e91d1a4368605a876d7b6399377d23cb7b146f88d59d1fc8936949e28b50f
AKDS21OriginalNewtonHigherBase	LeanCode/Internal/PhysicalAnalysis/AKDS21OriginalNewtonHigherBase.lean	c018a36629fb954e407c0b2598cf7cf93fbf12ef352711917703211ea8887f9a
AKDS24FiniteJetPairPayment	LeanCode/Internal/PhysicalAnalysis/AKDS24FiniteJetPairPayment.lean	ea86879dab9f5535dce8c86a154ed78f03ccbb34a7f43756a929a7f2a252d0d6
AKDS27FiniteJetEndpointPayment	LeanCode/Internal/PhysicalAnalysis/AKDS27FiniteJetEndpointPayment.lean	73baa2c06e3dee84b9675f8ff2af9cc4885f785bdbc6eb1f37a1537c3a724473
AKDS28FiniteJetCovariantAbsorption	LeanCode/Internal/PhysicalAnalysis/AKDS28FiniteJetCovariantAbsorption.lean	7f7683ad65d4ad9eeec9b79cde1531ed949955f98683fd3061c4deae91842b13
AKDS29OriginalUnitLedger	LeanCode/Internal/PhysicalAnalysis/AKDS29OriginalUnitLedger.lean	4dde2ed72a3021f0568bba1f14fab79807191410af8bb257b8feffc929b8e546
AKDS30OriginalUnitLedgerProfiles	LeanCode/Internal/PhysicalAnalysis/AKDS30OriginalUnitLedgerProfiles.lean	ff42c81250f33e8d9e11df7d8cc7558a411e34f9a186f99be2e63583c0141465
AKDS31OriginalUnitRankState	LeanCode/Internal/PhysicalAnalysis/AKDS31OriginalUnitRankState.lean	0dc00dff7dd36774be35edc4a5d934c785576ab429a28c3738ebc3ab4752a675
AKDS32OriginalUnitRowEstimates	LeanCode/Internal/PhysicalAnalysis/AKDS32OriginalUnitRowEstimates.lean	c63d604d871c87702e4b1a4d7d8d2fbfbbe1559a1e5b9e4bab797a2e3345ad08
AKDS33OriginalUnitPrincipalEndpoint	LeanCode/Internal/PhysicalAnalysis/AKDS33OriginalUnitPrincipalEndpoint.lean	ed7f23c368d0a8a5c40602e1895dfcc48a7e6c761253b82db1d3d7829c60ac72
AKDS34OriginalUnitLedgerFidelity	LeanCode/Internal/PhysicalAnalysis/AKDS34OriginalUnitLedgerFidelity.lean	f8ede04d8f8bda68ddd9ecf2456f826d73453dc000b787a0aaf2bee66fb6e4ef
AKDW7OriginalUnitNativeSpatialEquation	LeanCode/Internal/PhysicalAnalysis/AKDW7OriginalUnitNativeSpatialEquation.lean	482c2be407c868cce894d0d63b8b047ae420215190d79752554da775868269c3
AKDW9ExactNativeFluxSplit	LeanCode/Internal/PhysicalAnalysis/AKDW9ExactNativeFluxSplit.lean	bddd6ef409525c43ea7d34c263c9ea2d75205635a0500bcb9f5896d73980af24
AKDS35OriginalUnitLowGraphBounds	LeanCode/Internal/PhysicalAnalysis/AKDS35OriginalUnitLowGraphBounds.lean	b877c12a6982e06cff391d1288bb5beb6dbe1b620a7e188f90b2ab1704200990
AKDS36OriginalUnitRankBudgets	LeanCode/Internal/PhysicalAnalysis/AKDS36OriginalUnitRankBudgets.lean	bc7e7f0af2dd53a60ec204b8929831108ad35cb6876cfa6c0e0b63501478337f
AKDS37OriginalUnitRowsBudget	LeanCode/Internal/PhysicalAnalysis/AKDS37OriginalUnitRowsBudget.lean	fe01114a609e07193a30a3023981f6b26be2ad9a880abac5b674753273c08398
AKDS38OriginalUnitPrincipalBudget	LeanCode/Internal/PhysicalAnalysis/AKDS38OriginalUnitPrincipalBudget.lean	0069635b03276f8ad5dfe690e48afac0345e4164b8857f0a7daf2d3f8c584ae0
AKDS39OriginalUnitPrincipalAbsorption	LeanCode/Internal/PhysicalAnalysis/AKDS39OriginalUnitPrincipalAbsorption.lean	36b7de5eae2cc139fbd02982ac5edce83fc533d508926f9a2ee11aea760e66cc
AKDW10OriginalUnitNativeFluxEndpoint	LeanCode/Internal/PhysicalAnalysis/AKDW10OriginalUnitNativeFluxEndpoint.lean	ff87c2cc90cb48a8dcac6fc22d1c2385e5ec4c696ff49453941d385bcc416076
AKDW14FixedOriginalCoreNorm	LeanCode/Internal/PhysicalAnalysis/AKDW14FixedOriginalCoreNorm.lean	2b18c5b93dd11cc2f33a1c721801eceb006c7c1634845fb45192d02c64e03ec6
AKDW16ActualOriginalKnownSourceCores	LeanCode/Internal/PhysicalAnalysis/AKDW16ActualOriginalKnownSourceCores.lean	58bc8ac801be168bdc2aeb876fd4b8def4ee2b273ffac85aa6f88017d68193d1
AKDW11SameNativePreAxialCore	LeanCode/Internal/PhysicalAnalysis/AKDW11SameNativePreAxialCore.lean	c84384b4aeb67848fde325c2893ac47f739ad073fa85a4ce9437ee45dc693520
AKDW20KnownNativeFluxCore	LeanCode/Internal/PhysicalAnalysis/AKDW20KnownNativeFluxCore.lean	32de731ee16b924e42dada3e7150db9efe50dfd90ac8d2be27475a7102768bfa
AKDW22SameKnownNativeFlux	LeanCode/Internal/PhysicalAnalysis/AKDW22SameKnownNativeFlux.lean	bd47592c92207a6040190bf3ecefd7021e90540c14d41cc346cf12e9fbd56020
AKDW13ActualNativeAxialGraphBound	LeanCode/Internal/PhysicalAnalysis/AKDW13ActualNativeAxialGraphBound.lean	768d0450f8a025f8ef52fd5f7378f53fa234986efee9221e698a85f9fa7041dd
AKDW15KnownTensorOriginalCore	LeanCode/Internal/PhysicalAnalysis/AKDW15KnownTensorOriginalCore.lean	a027d70b74741e8fc8867a42b15fdd81c36f2085e01d1cca2d85ecf1e00affeb
AKDW17AffineLowerEndpointTransport	LeanCode/Internal/PhysicalAnalysis/AKDW17AffineLowerEndpointTransport.lean	0cb545557f429361503d05305d0778912fc74ca57260f0313d7174517747a496
AKDW23ActualAffineTensorLowerGraphs	LeanCode/Internal/PhysicalAnalysis/AKDW23ActualAffineTensorLowerGraphs.lean	08e08846a4b4c0169fb35d2550c7c7a5e1a970a1489ba00445e6a7cb7873f1b4
AKDW18FixedGraphBoundedAction	LeanCode/Internal/PhysicalAnalysis/AKDW18FixedGraphBoundedAction.lean	032f9327fb60ae94781f46ce7fda8708c0e4d40b0cf14108d42ab8d740730350
AKDP62OriginalCutoffMixedNorm	LeanCode/Internal/PhysicalAnalysis/AKDP62OriginalCutoffMixedNorm.lean	a3aacfaf3b48a2aeda59f2024052470751f5bf666fd1202ac855a40008aa681a
AKDW19SameAnnularCirclePlanarNorm	LeanCode/Internal/PhysicalAnalysis/AKDW19SameAnnularCirclePlanarNorm.lean	86d79d947d94784cb0d299ff90f87a5f9d92b82cbf3a6fe68136721a02b822af
AKDW21SamePhaseAffineSplit	LeanCode/Internal/PhysicalAnalysis/AKDW21SamePhaseAffineSplit.lean	718e0307a0ee7d3c59bcd9bd839f25590ff9dd16c453cab60ba2a4c5525e8a42
AKDW24ActualRemainderPayment	LeanCode/Internal/PhysicalAnalysis/AKDW24ActualRemainderPayment.lean	b7448961eb3ec4cbf193d3f55589bec34a98930d6ff1e93508f29e263aa95327
AKDW25ActualNativeFluxLowerGraphs	LeanCode/Internal/PhysicalAnalysis/AKDW25ActualNativeFluxLowerGraphs.lean	75264a1530fd456953c0a5b8e81a6f93ef4429a6d443504e981f22e56df13beb
AKDW26ActualOriginalNormPacket	LeanCode/Internal/PhysicalAnalysis/AKDW26ActualOriginalNormPacket.lean	80512d11e677da147b1f6afc35cb16e9a1a771c0340fee0249bb6155a547b4a0
AKDW27OriginalPacketSourcePayment	LeanCode/Internal/PhysicalAnalysis/AKDW27OriginalPacketSourcePayment.lean	08a28606d6809a7e36435dbbb34f6c5dd1546735cdea5d3d8b24bef3fd2510d5
AKEH1OriginalSourceNormPacket	LeanCode/Internal/PhysicalAnalysis/AKEH1OriginalSourceNormPacket.lean	f73358d9f698e6032f772db5c12f28cf26cb3fada152cee64d8a66a73be2acfe
AKDM7SameNativeSourceAndBaseBounds	LeanCode/Internal/PhysicalAnalysis/AKDM7SameNativeSourceAndBaseBounds.lean	b005eed42fd4e82873c6a7f175d24858771d27b5085fe2e83a1f19a6c900c713
AKDM8ActualCovariantPureCellSolve	LeanCode/Internal/PhysicalAnalysis/AKDM8ActualCovariantPureCellSolve.lean	135968ed44825442daec3832a66a28cd4f7071cbdb100d1f800a3a20a90f92a2
AKDS22SameNativeFullRecovery	LeanCode/Internal/PhysicalAnalysis/AKDS22SameNativeFullRecovery.lean	356a80ab7c3117d42f4d8324db6f32cadeb34d9ac65fa0b27e274627721875c1
AKDM9ActualJetCovariantCellTwenty	LeanCode/Internal/PhysicalAnalysis/AKDM9ActualJetCovariantCellTwenty.lean	70e7de70986282b54939a24e44ca4c67adbd56f1db141c620f6c3a54379bd9bb
AKDS23ActualJetFullRecovery	LeanCode/Internal/PhysicalAnalysis/AKDS23ActualJetFullRecovery.lean	446ac3244d34530194a5bf46e5f0134271f7bdf5e4551fce1eb1293ad8b8a0f5
AKDS25ActualFlatReferenceOneHigh	LeanCode/Internal/PhysicalAnalysis/AKDS25ActualFlatReferenceOneHigh.lean	113c4889276c1643a3eb0a7cae6a2d13f410245a72a2bee15e6c09929a58cedd
AKDV1ActualProductRecoverySmallness	LeanCode/Internal/PhysicalAnalysis/AKDV1ActualProductRecoverySmallness.lean	80f33c0d58e6c1543c478611611aac41c44bae0fe96cbe20ea1550b537fd935f
AKDV7FixedCoefficientProduct	LeanCode/Internal/PhysicalAnalysis/AKDV7FixedCoefficientProduct.lean	b37e3a12ca6e56c8df2053d48b2241ed9da8958b7cdbdf747db909ed658ac2d7
AKDV8SameProductUnitRankState	LeanCode/Internal/PhysicalAnalysis/AKDV8SameProductUnitRankState.lean	d6ebfc321b167d727a7067a6fb23b664860e3466731ab63eec9cede618f769d5
AKDV9ActualProductPrincipalAbsorption	LeanCode/Internal/PhysicalAnalysis/AKDV9ActualProductPrincipalAbsorption.lean	802fb12c4388ee7abd908f4bbff6f655fa77ccc2dd0cebae3fff95e11a85f813
AKDV20NativeRecoveryPacket	LeanCode/Internal/PhysicalAnalysis/AKDV20NativeRecoveryPacket.lean	447c95fe59124be55f38e0a70e23825c6b838c9ea5f4af95119ee808ffe98ed4
AKDV26ActualJetResidualNativeRecovery	LeanCode/Internal/PhysicalAnalysis/AKDV26ActualJetResidualNativeRecovery.lean	2ed16c58a9ed391917d207f0bac7f1d04a1540067882aa28d14a7b94ba9dd7fc
AKDV2CanonicalSameProductRecovery	LeanCode/Internal/PhysicalAnalysis/AKDV2CanonicalSameProductRecovery.lean	48632b05d4e84d6440e25aa6cab174a572f57d852ebcd827187566008e07782e
AKDS40FiniteJetHighRankAbsorption	LeanCode/Internal/PhysicalAnalysis/AKDS40FiniteJetHighRankAbsorption.lean	1fb314685197e1a4792a8100baea45cdf6e1f910a23c9ba3d2d71d1b9b4d6ae9
AKDS41OriginalUnitCurrentRecovery	LeanCode/Internal/PhysicalAnalysis/AKDS41OriginalUnitCurrentRecovery.lean	d2c0aaf547006e67da7fa54fd7142f7627a49255e32263ede4bc59621a6a2d97
AKDS42OriginalCompactCellRecovery	LeanCode/Internal/PhysicalAnalysis/AKDS42OriginalCompactCellRecovery.lean	d2b2b8601bb491cd0da3281f515500d4b46ab2f16dfaf57827c3f152223e4280
AKDV10CanonicalCompactCellPacket	LeanCode/Internal/PhysicalAnalysis/AKDV10CanonicalCompactCellPacket.lean	6573831a320d23b3f89af80b206af46718f0e86a70950ffc749293e6ba013110
AKDV13ActualUnitBudgetFidelity	LeanCode/Internal/PhysicalAnalysis/AKDV13ActualUnitBudgetFidelity.lean	d4f890c06796dc71ee798b0fd8dba163dfb12bf9faa2a3bad16df6c6c3c92746
AKDW1OriginalUnitGaugeRows	LeanCode/Internal/PhysicalAnalysis/AKDW1OriginalUnitGaugeRows.lean	093ee7223dc0de345ba92449d43745710dcb053108fc237a1597b79bcbf24a1c
AKDW2OriginalUnitRawGaugeRows	LeanCode/Internal/PhysicalAnalysis/AKDW2OriginalUnitRawGaugeRows.lean	44c1ccf2f4348d5a60cc03feedb1a87d22faf4734572db78e3ad65e4dbf9cea5
AKDW3OriginalUnitGaugeFourierMeans	LeanCode/Internal/PhysicalAnalysis/AKDW3OriginalUnitGaugeFourierMeans.lean	b0359d08196470bcc05da678c50d6affd0ded5674afc694f83c17c3624b01ddf
AKDW4ActualOriginalUnitGaugeMeans	LeanCode/Internal/PhysicalAnalysis/AKDW4ActualOriginalUnitGaugeMeans.lean	01124c5fd0b9155b1e6dc86ebaec830a81aba39b43a23e140680c0b54a06e371
AKDW5ActualOriginalUnitCurrentRecovery	LeanCode/Internal/PhysicalAnalysis/AKDW5ActualOriginalUnitCurrentRecovery.lean	aff51e3f6574566c4d76b3a415dd14f7c69351d958dd78dc8b9555b9cb06b94e
AKDW8SameOriginalCoreCurrent	LeanCode/Internal/PhysicalAnalysis/AKDW8SameOriginalCoreCurrent.lean	a221d629cc82698f78590e4dd644987b78e3cd44aa65bbb0c0d184e4076a21e9
AKDV16NativeUnitCurrentPacket	LeanCode/Internal/PhysicalAnalysis/AKDV16NativeUnitCurrentPacket.lean	06cffce9800d502aec1eb08ce9e9282a621ad402074a8c48c65d95a768acbeaa
AKDV14ActualSameCoreCurrent	LeanCode/Internal/PhysicalAnalysis/AKDV14ActualSameCoreCurrent.lean	5412b4eabf4f9797d17c1d8beda69729a45353fea3ecf332de99d18a4dc1ff6a
AKEH2ActualProductNormPacket	LeanCode/Internal/PhysicalAnalysis/AKEH2ActualProductNormPacket.lean	61c1fa570f06a50a74af72bebdd194e47eed5b506fd606899a55ef27fe97ddc0
AKEH3KnownSourceNormPayment	LeanCode/Internal/PhysicalAnalysis/AKEH3KnownSourceNormPayment.lean	0d5157edc0e12bd91e271576496c5119eab1f9ad784502e9a1b3e6c7555c559b
AKEB1IndependentActualResidualBase	LeanCode/Internal/PhysicalAnalysis/AKEB1IndependentActualResidualBase.lean	9efb1d04c7df9e5d9b7900397309ea085a2f9b2eed2eff8b17e4b425ecd74c1e
AKEB2ActualResidualCollarPayment	LeanCode/Internal/PhysicalAnalysis/AKEB2ActualResidualCollarPayment.lean	f8a339003b93769102b6e3f2426730ca43e195b4ea169228764df1ebb1c5fd33
AKEB3ActualFiniteCollarPayment	LeanCode/Internal/PhysicalAnalysis/AKEB3ActualFiniteCollarPayment.lean	71a12714950a4b5164bb2cf35a191fc1b142f5937f0ded21a306df2e5725053a
AKEH4ActualProductSourcePayment	LeanCode/Internal/PhysicalAnalysis/AKEH4ActualProductSourcePayment.lean	3ba8dbbad4abefdd32a49c6d10ea2bc14ea42b92a94a17026b8fb58c33b6f136
AKEH5ActualPrincipalNormPacket	LeanCode/Internal/PhysicalAnalysis/AKEH5ActualPrincipalNormPacket.lean	f07d9b7475819f885cc5bc3c93bab286c03eaca4965d265b801bef06fca76380
AKDW28PacketLowerGraphFactors	LeanCode/Internal/PhysicalAnalysis/AKDW28PacketLowerGraphFactors.lean	08a8c3b59cc349c97b20a93fce27204f86a2d8078e4c7657f40f921fa9053393
AKEH7ActualPacketLowerPayment	LeanCode/Internal/PhysicalAnalysis/AKEH7ActualPacketLowerPayment.lean	b2dcf31ad1f40116764c601f41cdadfa2a317ea1bd39bb3533f271aa18d746db
AKDW29PacketPhaseCutoffBesselNorm	LeanCode/Internal/PhysicalAnalysis/AKDW29PacketPhaseCutoffBesselNorm.lean	e2096bcf041f4ac3d8ff690e8f0a8a1b1dac77f8ee2554ee3d9be211c5c4ed28
AKDW12OriginalUnitTensorRemainderNorm	LeanCode/Internal/PhysicalAnalysis/AKDW12OriginalUnitTensorRemainderNorm.lean	24ef65d90966f02c4a8ea806fa3db09ac9e331ba54dc72bb3539321f18ba6d7c
AKDW30SameCutoffTensorCores	LeanCode/Internal/PhysicalAnalysis/AKDW30SameCutoffTensorCores.lean	0c664ce5ef7f2f1d2065c472d2cb468d7ff8a1fb9be0f60a25b648001e51eb55
AKDW31PacketCutoffTensorNorm	LeanCode/Internal/PhysicalAnalysis/AKDW31PacketCutoffTensorNorm.lean	5f28dd4ca8d086ed35ddd86ecd32fd04f7d8b353f1937bbc703376fde826961a
AKDW32ActualCompactPlanarEstimate	LeanCode/Internal/PhysicalAnalysis/AKDW32ActualCompactPlanarEstimate.lean	034b65204f3cd92d9d28829643f6cd9535438bb5ed63866d7f6bbb611fd8cca0
AKEH8ActualNormStateAndCutoff	LeanCode/Internal/PhysicalAnalysis/AKEH8ActualNormStateAndCutoff.lean	d2ea267a72f0d22d5b055ff09e1703d4da67037c2cd29ac8175b80d50f821d88
AKEH6OriginalPlanarPartition	LeanCode/Internal/PhysicalAnalysis/AKEH6OriginalPlanarPartition.lean	d9626df61aa8bb3864ca603273be6cf26da5b391c17ef1538a07e556e29e7d72
AKCQ1SharpEulerProfileMonomials	LeanCode/Internal/PhysicalAnalysis/AKCQ1SharpEulerProfileMonomials.lean	083ba95cc9583c9a55f084315e9a4b0ed876954ea374d795ab3fabf2cf3097d8
AKCQ2FiniteEulerProfileExpansion	LeanCode/Internal/PhysicalAnalysis/AKCQ2FiniteEulerProfileExpansion.lean	185bc221ca7a25d5d866bbf71f929fb1f0c79a1c446e934481ae0405a2ec40ba
AKCQ3OriginalPositiveEulerPhase	LeanCode/Internal/PhysicalAnalysis/AKCQ3OriginalPositiveEulerPhase.lean	7465d5ab1c062f3040ab83292b6dc4d20c2c0f87aa183bf109d55ef47dfbd69c
AKCQ4ActualEulerLogarithmicCalculus	LeanCode/Internal/PhysicalAnalysis/AKCQ4ActualEulerLogarithmicCalculus.lean	e2e70ab198a9fa12d0c4079aadf1cc37fb81f658e252db17b52aa548d28dc271
AKCQ5ScalarExponentialJetAllocation	LeanCode/Internal/PhysicalAnalysis/AKCQ5ScalarExponentialJetAllocation.lean	1adfae9c110f8a5c3bb4151d9d2340ebc9ffa3e191ad7af5082de88e16cba721
AKCQ6SharpActualEulerPhaseRatio	LeanCode/Internal/PhysicalAnalysis/AKCQ6SharpActualEulerPhaseRatio.lean	e199d397c2012e3326c38c4fb4661eb5a03a47a4d75c55df04f44877982b1f06
AKCQ7ActualEulerKernelLeibniz	LeanCode/Internal/PhysicalAnalysis/AKCQ7ActualEulerKernelLeibniz.lean	a17e656444b3ff1d1c3fba96bb6434976f74bcbe149158377c5fa4a950763c97
AKCQ8ActualRawEulerJetExpansion	LeanCode/Internal/PhysicalAnalysis/AKCQ8ActualRawEulerJetExpansion.lean	3ecb9de9ffb677383b5b4d474656f33923722b67dd6ad05989a4d9a60b04ffd9
AKCQ9RawEulerKernelMoments	LeanCode/Internal/PhysicalAnalysis/AKCQ9RawEulerKernelMoments.lean	cf5ad5e4886c2b6a58e56b8c26153562172187b828f44f090f44f87ff9ce2686
AKCQ10ActualForceEulerMoments	LeanCode/Internal/PhysicalAnalysis/AKCQ10ActualForceEulerMoments.lean	83340d40b68c8a48b21668cce4dd1e0d4db1d1050b62a28cc3bd158515d23909
AKCQ11SharpEulerDisplacementMoments	LeanCode/Internal/PhysicalAnalysis/AKCQ11SharpEulerDisplacementMoments.lean	e7ec2edfc9945c09ee9ab0a5eadd2e716a4b3d049bcb1751ee15f32768a8906a
AKCQ12SameForceSharpEulerSchurBound	LeanCode/Internal/PhysicalAnalysis/AKCQ12SameForceSharpEulerSchurBound.lean	81a2f9d7c571239721833d50b724dad14122c73d48ac5ad40ae1f28074b672ca
AKCQ13ActualSigmaEulerAllocation	LeanCode/Internal/PhysicalAnalysis/AKCQ13ActualSigmaEulerAllocation.lean	14b681b7d7c068d059592a7a21fef6d692df28202a1a8f708840337bcec5725a
AKCQ14ActualGaugeEulerAllocation	LeanCode/Internal/PhysicalAnalysis/AKCQ14ActualGaugeEulerAllocation.lean	86b7562b1afbd16a80126a101d9f9f9d236ec3f16734d32043fdaf5ca50daeff
AKCQ15JointPhysicalKernelAllocation	LeanCode/Internal/PhysicalAnalysis/AKCQ15JointPhysicalKernelAllocation.lean	18c04041fa1fcd061e52b10e01c847d849fca9881b23930fa3bbe73ac548bc9b
AKDA1FaithfulEulerMatrixObservation	LeanCode/Internal/PhysicalAnalysis/AKDA1FaithfulEulerMatrixObservation.lean	f5b7c9a81696177bad06d9d7d9d080789d53624a3529887b1e58fc1ae5ea7555
AKDA2SameOriginalInverseDerivative	LeanCode/Internal/PhysicalAnalysis/AKDA2SameOriginalInverseDerivative.lean	ae9b936203e2f58771fcb2aa6657cef01eb5d08067f9bbea957518e0150ba00f
AKDA3ActualMatrixOperatorDerivatives	LeanCode/Internal/PhysicalAnalysis/AKDA3ActualMatrixOperatorDerivatives.lean	b40e867e71a92215ce96f5c69d3ad3a82f132d9067ae1dc8906c37704329e970
AKDA4ActualInverseKernelEntryDerivative	LeanCode/Internal/PhysicalAnalysis/AKDA4ActualInverseKernelEntryDerivative.lean	eaca8d9eadfd6b92e5dbb8c054ff682b8507014200bb252e338570cd8d4aa5fc
AKDA5OrderedInverseEulerExpressions	LeanCode/Internal/PhysicalAnalysis/AKDA5OrderedInverseEulerExpressions.lean	698d1eb27ee7aeb3992096e3b572e40b74a95b3a9f597cdc2c52308742dd3dea
AKDA6OrderedInverseJointMomentAllocation	LeanCode/Internal/PhysicalAnalysis/AKDA6OrderedInverseJointMomentAllocation.lean	7e4a86a6b2bc7d10a5eaef1e22144214211aa9752285c1b236dadee26abf701d
AKDA7ClosedCollarEulerFidelity	LeanCode/Internal/PhysicalAnalysis/AKDA7ClosedCollarEulerFidelity.lean	6cb030c7f5f133d4968d7df3f46084bbdcc414a37f949dd1eb3e0b7f26efa22e
AKDA8ActualEulerKernelOperator	LeanCode/Internal/PhysicalAnalysis/AKDA8ActualEulerKernelOperator.lean	ee9d8f8fec9ae46dc6570a49a79ffa9ec9aad8f774359b234de7a46ec4a3d2c6
AKDA9SameInverseAllEulerFidelity	LeanCode/Internal/PhysicalAnalysis/AKDA9SameInverseAllEulerFidelity.lean	5436c2e72cb8917796d7a91139449caf5d5c7e78ac84a6a0aa92ad3eabe538d3
AKDA10OriginalGammaInverseEuler	LeanCode/Internal/PhysicalAnalysis/AKDA10OriginalGammaInverseEuler.lean	c58f376a01423ff0dd72a945faa200d3166506efb576e413128f657fc7ce8c91
AKDA11OriginalInverseJointEulerMoments	LeanCode/Internal/PhysicalAnalysis/AKDA11OriginalInverseJointEulerMoments.lean	d89f88f9c7e4d5b39c49ae5c574b3cb480a77969d45b8023d7927de54c0d5a6d
AKDA12ClosedEulerLeibnizAllocation	LeanCode/Internal/PhysicalAnalysis/AKDA12ClosedEulerLeibnizAllocation.lean	2faf0b56b9a9eb8ae3d9d8be1b0647a7bf14d80ebb9394474ac38f8b69be9b96
AKDA13ClosedEulerSchurAllocation	LeanCode/Internal/PhysicalAnalysis/AKDA13ClosedEulerSchurAllocation.lean	02b46c94238488eeefa5f7bdc9e245a1ad3b6ad205ce811975a2480249354a3d
AKDA14SameInverseOriginalPhaseSchur	LeanCode/Internal/PhysicalAnalysis/AKDA14SameInverseOriginalPhaseSchur.lean	4a28f0188fe7990337a44ff47ea09483b7fc0f481903bcbaf49b28c735ba6ca9
AKDD1ActualKernelEulerTower	LeanCode/Internal/PhysicalAnalysis/AKDD1ActualKernelEulerTower.lean	6e2cf297c4f0a7b32519a4551fe3d0e35ad4b9a6f6bb555e4577074e56d1c0ab
AKDD2SameEulerInverseClosure	LeanCode/Internal/PhysicalAnalysis/AKDD2SameEulerInverseClosure.lean	39c8fb43ffab4155fe164039126e75961c06428baa8c382827756d315144ddc9
AKDD3RectangularEulerLeibniz	LeanCode/Internal/PhysicalAnalysis/AKDD3RectangularEulerLeibniz.lean	1f9c212c8beea324ee56f8a6008271830f35455fe5710589e87490c32cea3c5d
AKDD4ActualCompositionEulerKernel	LeanCode/Internal/PhysicalAnalysis/AKDD4ActualCompositionEulerKernel.lean	ba3352dee0b12e061a954b5f647d3f0a7885c3cacd917c0e91d331c909bb2ed1
AKDD5CompositionJointPhysicalAllocation	LeanCode/Internal/PhysicalAnalysis/AKDD5CompositionJointPhysicalAllocation.lean	ce4bb4fb37405e014172261b94cf78d930c74d9539b5129ca5e4c2a707efa4fe
AKDD6FixedAndAdditiveEulerClosure	LeanCode/Internal/PhysicalAnalysis/AKDD6FixedAndAdditiveEulerClosure.lean	0c3303d564286139b4551c371094647352754f86c6f7bd03bafa323dcbf3c6e4
AKDD7SamePrimitiveEulerOperators	LeanCode/Internal/PhysicalAnalysis/AKDD7SamePrimitiveEulerOperators.lean	9e554633f0bb6ff930c8b58becc40a12cf407be55f74f470e49157864f4da5fe
AKDD8OriginalTenGradeEulerAllocation	LeanCode/Internal/PhysicalAnalysis/AKDD8OriginalTenGradeEulerAllocation.lean	4930e979717efe0e2a78e20e13868f83d6a4a17b2d36258d5607abe3b7c5acb6
AKDD9SameGaugeReconstructionEuler	LeanCode/Internal/PhysicalAnalysis/AKDD9SameGaugeReconstructionEuler.lean	81142b34c1ad5e2dbdcd0e2e530add3f6fae7be03e9c6a6281fca37163b553b9
AKDD10ActualCompositionOriginalPhase	LeanCode/Internal/PhysicalAnalysis/AKDD10ActualCompositionOriginalPhase.lean	c7d17462c37e27c853591ce996048194b358e30a7a3bd64724ff5fc9a2711e21
AKDD11ActualEulerFamilyAssembly	LeanCode/Internal/PhysicalAnalysis/AKDD11ActualEulerFamilyAssembly.lean	0840151754a2f92694235ae29a1dada8817a219255a8de14bf26bc90f471da25
AKDD12RotatedPrimitiveEulerFamilies	LeanCode/Internal/PhysicalAnalysis/AKDD12RotatedPrimitiveEulerFamilies.lean	f7bdd4facb915fd51b29be7c52800b5bccc8ff4c9239155b7fe2fc49d397b050
AKDD13OriginalPrimitiveAssembly	LeanCode/Internal/PhysicalAnalysis/AKDD13OriginalPrimitiveAssembly.lean	59e652e129103615694d882af15f02e11a90b34bb47c42774dcf01936a425516
AKDD14SameEncodedFirstInverseEuler	LeanCode/Internal/PhysicalAnalysis/AKDD14SameEncodedFirstInverseEuler.lean	a1454815bc1073a832c7db0882fea57ec0ff92513b8e7fb472cc1e117266401a
AKDD15ActualUnknownMassRowsEuler	LeanCode/Internal/PhysicalAnalysis/AKDD15ActualUnknownMassRowsEuler.lean	1142f4eb37bc43c480ccadbf924dc5b40c2443b623bb60f5264480f69dae4c27
AKDD16SameMassInverseEuler	LeanCode/Internal/PhysicalAnalysis/AKDD16SameMassInverseEuler.lean	a1bba7fb6f70c5ad3c30ab8211e4fa306743335c22dcef318623140921e88cee
AKDD17ActualSigmaComponentEuler	LeanCode/Internal/PhysicalAnalysis/AKDD17ActualSigmaComponentEuler.lean	61f586a602acc90c27e81cf02a625e6391c915e8d7a9df95e915e09ae31a29b9
AKDD18SameSevenSlotKnownRowsEuler	LeanCode/Internal/PhysicalAnalysis/AKDD18SameSevenSlotKnownRowsEuler.lean	d3a65af9de18ae86d5cc4d754b598bd794de131aeede29ecc2bd1616e1990490
AKDD19SameNormalizedInverseRowsEuler	LeanCode/Internal/PhysicalAnalysis/AKDD19SameNormalizedInverseRowsEuler.lean	9f18e1e5647bf6258306b803e3084ea2892f3ff772c9d33316f2c68ce7c4c7e2
AKDD20ActualNormalizedRowsOriginalPhase	LeanCode/Internal/PhysicalAnalysis/AKDD20ActualNormalizedRowsOriginalPhase.lean	d65bcde0e12c3b69e339541d43e7c524bcf5ccad6c30a82c820e373f787640b5
AKDH1ActualPolarRowEulerAssembly	LeanCode/Internal/PhysicalAnalysis/AKDH1ActualPolarRowEulerAssembly.lean	e2340e16c5dec8948e6166b42ef3f01f49f26508050656a961019922dbed4854
AKDH2ActualCofactorEulerJets	LeanCode/Internal/PhysicalAnalysis/AKDH2ActualCofactorEulerJets.lean	495a0555ab60313344c3be89428c380ac4550e30b053cdf7cfab969ad0b4e659
AKDH3ActualRadiusAndScalarFactors	LeanCode/Internal/PhysicalAnalysis/AKDH3ActualRadiusAndScalarFactors.lean	d1169f70fa977ae3935c66255ddce88e12d840bc362ab23f4311cf2e603994e7
AKDH4ActualRetainedForceEuler	LeanCode/Internal/PhysicalAnalysis/AKDH4ActualRetainedForceEuler.lean	ea5422ac60188c36eeaebf02666b5db7a42327268d5f3508d511f30ffbf0657a
AKDH5SignedCofactorAndPhysicalRows	LeanCode/Internal/PhysicalAnalysis/AKDH5SignedCofactorAndPhysicalRows.lean	576257aec4669744e871aeee360d8c05f138d3c38f4121234addf147a54341e1
AKDH6LiteralPhysicalRadiusFlux	LeanCode/Internal/PhysicalAnalysis/AKDH6LiteralPhysicalRadiusFlux.lean	246de0f6a3cf2fc1543caaeab3a691ab4cf80873be60ebcc64d91c9f74093ebe
AKDH7ActualPhysicalRowsOriginalPhase	LeanCode/Internal/PhysicalAnalysis/AKDH7ActualPhysicalRowsOriginalPhase.lean	444e730162cc67ba9a9298a630b96d220aada6acc5afbc8ecbc139d8cc38777e
AKDH8OrderedBalancedEulerRecurrence	LeanCode/Internal/PhysicalAnalysis/AKDH8OrderedBalancedEulerRecurrence.lean	c0f142dad8a512afdcd7a09ee7c3b8b5dd1706f69255d07df56528f383aa0297
AKDH9ActualPhaseEulerKernel	LeanCode/Internal/PhysicalAnalysis/AKDH9ActualPhaseEulerKernel.lean	33645e800eaa242f4f72ac16963b38462f6d0ad3a308d2bec0372d3d1594b1e0
AKDH10LiteralConjugatedEulerKernel	LeanCode/Internal/PhysicalAnalysis/AKDH10LiteralConjugatedEulerKernel.lean	8fdf4706ba0a0533f79ad7544e1751e35b1860e0593395732c5e5531b1517c48
AKDH11SameNativeBalancedCoordinatePDE	LeanCode/Internal/PhysicalAnalysis/AKDH11SameNativeBalancedCoordinatePDE.lean	fe1311faa952399e282d862d413c0b36aa90d1e1d60495470952b6c9bdf0851a
AKDH12SamePhysicalEulerAction	LeanCode/Internal/PhysicalAnalysis/AKDH12SamePhysicalEulerAction.lean	d2dbe93fc03e2e40e87a9f2cbc6e7d5f6e638dd0c141091d2fbb3eefee6078ce
AKDH13ActualSourceKappaEuler	LeanCode/Internal/PhysicalAnalysis/AKDH13ActualSourceKappaEuler.lean	1979bbe01800477a83f7bd905dd668148b39a493e5f5ac0dce94dbe0c7d4af45
AKDH14EulerObservationFidelity	LeanCode/Internal/PhysicalAnalysis/AKDH14EulerObservationFidelity.lean	ec2da737ffed461fc87ea8302a966ab2fad1cadf857ba221a672969e362ae1bf
AKDH15ActualConjugatedEntryObservation	LeanCode/Internal/PhysicalAnalysis/AKDH15ActualConjugatedEntryObservation.lean	70d8ea772d7fc0d6069c442eba2181d8d7a4cf969d7c4891e09dea0e7946c3f8
AKDH16GenuineConjugatedOperatorEuler	LeanCode/Internal/PhysicalAnalysis/AKDH16GenuineConjugatedOperatorEuler.lean	bb718ddeadf270a798525b20725b082f51175394c59ab85c34529485ff88e465
AKDH17ActualPhysicalOperatorEuler	LeanCode/Internal/PhysicalAnalysis/AKDH17ActualPhysicalOperatorEuler.lean	1debe9e0637a54223fbb627530ce72a196bc35eb48a3ee9726c101fd44d613d0
AKCI1ActualPhysicalRowTameAction	LeanCode/Internal/PhysicalAnalysis/AKCI1ActualPhysicalRowTameAction.lean	841642841d4a199e68aeb4848c3a3e14fbe3f46b81c193faeee6e302a0c37b23
AKCI2LiteralBalancedSevenInput	LeanCode/Internal/PhysicalAnalysis/AKCI2LiteralBalancedSevenInput.lean	7c58149a57f6a3d6f765a32771162b5cd4abec9a8b229a82a5dd93eb47a6c155
AKCI3ActualBalancedRowOneOrder	LeanCode/Internal/PhysicalAnalysis/AKCI3ActualBalancedRowOneOrder.lean	be22445a4d28cfc826eb525467b679608d232aafe64908b541bde3fe683bac85
AKCI4ActualBalancedHomogeneousFlux	LeanCode/Internal/PhysicalAnalysis/AKCI4ActualBalancedHomogeneousFlux.lean	66ad6b56abf4718298c43e37107e9dd5986e266cf60ee7d8ca04a4f7a5a93f95
AKCI5OriginalBalancedPhaseOrder	LeanCode/Internal/PhysicalAnalysis/AKCI5OriginalBalancedPhaseOrder.lean	21c1553ff7a5643a759e4b894db398afe6c3bd4f379252790d65f58fa82e91cd
AKCI6ActualBalancedSystemOneOrder	LeanCode/Internal/PhysicalAnalysis/AKCI6ActualBalancedSystemOneOrder.lean	18d384636eb5cf2c1e6ec8ea726c292c564c299ef29c9c9ac0196ad65387211a
AKDN1SameBalancedHilbertCurve	LeanCode/Internal/PhysicalAnalysis/AKDN1SameBalancedHilbertCurve.lean	3ac0a89c361b6e2f772a0d16663f33231dd5866f004270f27c4ffce4766964bc
AKDN2LiteralBalancedUnknownPacket	LeanCode/Internal/PhysicalAnalysis/AKDN2LiteralBalancedUnknownPacket.lean	4563730bc7e7c6e27b50c045265fd7c07d7ca9e81739c400263a5f34d65fab14
AKDN3SameBalancedPhysicalRows	LeanCode/Internal/PhysicalAnalysis/AKDN3SameBalancedPhysicalRows.lean	22d11dea8b54c5199ace6db59d77f3084c9800de2ff55574ff4e4d752d9b7f39
AKDN4LiteralCombinedBalancedRows	LeanCode/Internal/PhysicalAnalysis/AKDN4LiteralCombinedBalancedRows.lean	f94eff380d6489518fabf5a4dd19ac421dac654571598bf719bd18d328df1535
AKDN5ActualProjectedBalancedEquation	LeanCode/Internal/PhysicalAnalysis/AKDN5ActualProjectedBalancedEquation.lean	55862cde82bfd715b922b5f0fc593cd8ab4ab21aa4dbfc1cadc2e5a7eda4092e
AKCK1SameFullG3FourOrderPayment	LeanCode/Internal/PhysicalAnalysis/AKCK1SameFullG3FourOrderPayment.lean	e9f9df64076558060a0ac0bae1f469641bf8e96db099ebe145e86d79e0acb61c
AKCK2OriginalSourceCurveCollarEnergy	LeanCode/Internal/PhysicalAnalysis/AKCK2OriginalSourceCurveCollarEnergy.lean	081277b013d4bdba2ff3fb018f7a6fefe1e2e811d1b85607361f35d8118f7950
AKCK3ActualG3SourceCurveFourPayment	LeanCode/Internal/PhysicalAnalysis/AKCK3ActualG3SourceCurveFourPayment.lean	1560f89a578b557409d1e8fb1e8f23183a933ead7abf227bdaf4b0777ec937ff
AKCK4ActualCartesianRestrictionEnergy	LeanCode/Internal/PhysicalAnalysis/AKCK4ActualCartesianRestrictionEnergy.lean	0c5d1d5e1191688ee29a1e06d4a4a23fe957d32fda34fa5ff220e597cff46c83
AKCK5ActualPrimitiveSourceEnergy	LeanCode/Internal/PhysicalAnalysis/AKCK5ActualPrimitiveSourceEnergy.lean	1c5d20e1fb7b0ca9d71881fa35e54acaa512de2a000601eb857b6a3c25bdc77f
AKCK6SameKnownSevenSourceEnergy	LeanCode/Internal/PhysicalAnalysis/AKCK6SameKnownSevenSourceEnergy.lean	34dadf79f5ef7a6979ac51ad91e264240e757b0654087d49c53b9740891eddae
AKCK7ActualBalancedKnownFlux	LeanCode/Internal/PhysicalAnalysis/AKCK7ActualBalancedKnownFlux.lean	fe467b98a83139f64dba0f0ee00a9863672107a4b2b408131310eb951ad15da7
AKCK8SameActualBalancedSource	LeanCode/Internal/PhysicalAnalysis/AKCK8SameActualBalancedSource.lean	50733926ba2b16610cbfe293294e3c30c00e7a536fac8c8cf62c4a24b9ade5d0
AKCK9BalancedSourceEnergyAssembly	LeanCode/Internal/PhysicalAnalysis/AKCK9BalancedSourceEnergyAssembly.lean	f24b47c8866ec406126241b67757a234817bfd84ae4aea75a09ad4213df6a8e6
AKCK10ActualSameSourceFourOrderEndpoint	LeanCode/Internal/PhysicalAnalysis/AKCK10ActualSameSourceFourOrderEndpoint.lean	383d1b225fa8529606005060039cd9821a2cb6632dc8f239a685bd624ffabf6a
AKCK11LiteralKnownRowConsumer	LeanCode/Internal/PhysicalAnalysis/AKCK11LiteralKnownRowConsumer.lean	4796f93698476a7f71343ce2269db55ebee1c2e0c46db7f0108b08b2853cb7f7
AKDN6SameActualBalancedConsumer	LeanCode/Internal/PhysicalAnalysis/AKDN6SameActualBalancedConsumer.lean	635860cd8301cd07b386b915dd8ec6df27e50cb6966c2587c964a74ca3130cda
AKDN7SharpBalancedPhaseEuler	LeanCode/Internal/PhysicalAnalysis/AKDN7SharpBalancedPhaseEuler.lean	41374efeaa680577d2b3b8aae9f543e8059e777ac1692c9d48c8345905a9d3f1
AKDN8GenuineBalancedPhaseAction	LeanCode/Internal/PhysicalAnalysis/AKDN8GenuineBalancedPhaseAction.lean	8b7390a628a3a7ec559992c55061313292d6abdb6838962fe4b5391dd3985a2f
AKDN9FiniteActualEulerLeibniz	LeanCode/Internal/PhysicalAnalysis/AKDN9FiniteActualEulerLeibniz.lean	52d8cd0ac0fbf3382fc2a6b302215cfea329bb13965ca08318117f9a893d305d
AKDN10SameNativeEulerGrades	LeanCode/Internal/PhysicalAnalysis/AKDN10SameNativeEulerGrades.lean	b49482291df9711fa3a5f7760422f140fe87e6d2241da92835cc2c346cb8c7d5
AKDN11ActualAffineEulerMaps	LeanCode/Internal/PhysicalAnalysis/AKDN11ActualAffineEulerMaps.lean	99e2a0efa3fc364ec10b1605c63764d3a17b145864784cc8554655c43eb61a8f
AKDN12SamePhysicalFiniteEuler	LeanCode/Internal/PhysicalAnalysis/AKDN12SamePhysicalFiniteEuler.lean	0d62d736ad182700a9fcfcb08d02ce0f07e560d272202ff52827bf35da131165
AKDN13ActualPhysicalRowEulerAllocation	LeanCode/Internal/PhysicalAnalysis/AKDN13ActualPhysicalRowEulerAllocation.lean	ecbd2c96b3ce9cc6c5ebe1dd194f2877bb2347ddebe7fab95e60b2b40a462063
AKDN14SameNativeBalancedInput	LeanCode/Internal/PhysicalAnalysis/AKDN14SameNativeBalancedInput.lean	49bb827df81f299effa2cfa140e4ef67f1b98c70c7371b8a2003ab7ee659afae
AKDN15BalancedInputEulerNorm	LeanCode/Internal/PhysicalAnalysis/AKDN15BalancedInputEulerNorm.lean	5021c8cf2108ec0fbeadd04224ccaf14344f8f7e46fce95eb920c15b5c77e665
AKDN16ActualNativeRowOneHigh	LeanCode/Internal/PhysicalAnalysis/AKDN16ActualNativeRowOneHigh.lean	dde6d4fc5510191633e42341f16ed790c84b658e570a31e968379af904a4ae00
AKDN17ActualPhaseCurveEulerNorm	LeanCode/Internal/PhysicalAnalysis/AKDN17ActualPhaseCurveEulerNorm.lean	71c83551ed0f1b8c594599f18f93a2e90252f8b56f20ee5d6bf4df654f62cbae
AKDN18ActualBalancedFluxEulerNorm	LeanCode/Internal/PhysicalAnalysis/AKDN18ActualBalancedFluxEulerNorm.lean	ae8559061786ec13a38a87007bbb9ea59b04955945944aff81f7c6a69a6092c0
AKDN19JointWeightedEulerInduction	LeanCode/Internal/PhysicalAnalysis/AKDN19JointWeightedEulerInduction.lean	bfe5d2dddb7ba1842a055e465bb417bed76aeb745010c3a725c7607a7558f470
AKDN20LinearEulerAssembly	LeanCode/Internal/PhysicalAnalysis/AKDN20LinearEulerAssembly.lean	be14df991f43343ba1c2ec5565ee46325d6e2d969b27e5ff3ca7719d4e05d7c8
AKDN21ActualBalancedOperatorCurves	LeanCode/Internal/PhysicalAnalysis/AKDN21ActualBalancedOperatorCurves.lean	4281c2558d17dac2c15f75c5c38b296d2b6647bb8290b913629120f65cd97a76
AKDN22SameActualBalancedDecomposition	LeanCode/Internal/PhysicalAnalysis/AKDN22SameActualBalancedDecomposition.lean	25b1ef383ac4980881749f6bb70970a3cda02aa032c01eda988f65b84f75b9b5
AKDN23GenuineNativeHigherEulerEquation	LeanCode/Internal/PhysicalAnalysis/AKDN23GenuineNativeHigherEulerEquation.lean	935c45f9d760c736e86916df1ce44f7302d5aa044363829c213c85bed49bfc76
AKDN24ActualNativePhaseOneOrder	LeanCode/Internal/PhysicalAnalysis/AKDN24ActualNativePhaseOneOrder.lean	73af29f9623e12d53cc35fce59a4bbef1b60820bde2f445f30a28c145d8ac020
AKDN25LiteralFluxEulerRows	LeanCode/Internal/PhysicalAnalysis/AKDN25LiteralFluxEulerRows.lean	76f7246a4df75e3f24bd6be64b0f48d2ca8c3648818dc7651a62d1ebaf50404d
AKDN26ActualNativeRankAllocations	LeanCode/Internal/PhysicalAnalysis/AKDN26ActualNativeRankAllocations.lean	8675ab0276a0afaf1201c8287e84ef77d64ed000779c0a7345a112e6d3a9d060
AKDN27UniformJointPhysicalBudget	LeanCode/Internal/PhysicalAnalysis/AKDN27UniformJointPhysicalBudget.lean	d71266f9836c1b2cff6820f72577919267d7aeaf59171fa66569ff5e063fb346
AKDN28UniformActualNativeRows	LeanCode/Internal/PhysicalAnalysis/AKDN28UniformActualNativeRows.lean	92be067fe9ea1505eeda83a42452ec52ece23b57275e4f83b699f91e46f2b27d
AKDN29WeightedNativeCollector	LeanCode/Internal/PhysicalAnalysis/AKDN29WeightedNativeCollector.lean	8bfea8d405130e9be80a427d0b99c9c16f9e1f567da137bbde3f1b780363f7bf
AKDN30ActualNativeNormRecurrence	LeanCode/Internal/PhysicalAnalysis/AKDN30ActualNativeNormRecurrence.lean	6697822ce27085135dd650b4e2d4de165d6a982036dba3d7c5dd5284ec7ecce1
AKDN31FiniteEulerTerminal	LeanCode/Internal/PhysicalAnalysis/AKDN31FiniteEulerTerminal.lean	f586860089e712b2ec8ac4751dc5cbe89591385cb9ab91ffaf0862cfc02dc731
AKDN32ActualFiniteEulerInduction	LeanCode/Internal/PhysicalAnalysis/AKDN32ActualFiniteEulerInduction.lean	783ee0e9e208a01415f32607ca230d85f0e6f9d6fdd7b82ff48c0897baf0d1de
AKDN33FiniteTerminalEnergy	LeanCode/Internal/PhysicalAnalysis/AKDN33FiniteTerminalEnergy.lean	f7e1b771271e71bd30b0fcc94b88513279b21537f71f3f3b69bcd4cad2315c9f
AKDN34ActualKappaEulerAction	LeanCode/Internal/PhysicalAnalysis/AKDN34ActualKappaEulerAction.lean	2beb27590ea8fc8de3f3b9a9b021a17bdf06f1ed724c6636cdada7a1bb5fc83d
AKDN35ActualKappaProductEulerAllocation	LeanCode/Internal/PhysicalAnalysis/AKDN35ActualKappaProductEulerAllocation.lean	483f6bf9bf8245f1eb898e6b1ea5a16d71257f9012e817560bbc18c614963b64
AKDN39EulerTerminalSumEnergy	LeanCode/Internal/PhysicalAnalysis/AKDN39EulerTerminalSumEnergy.lean	ee7592afa011d4c93f145bbb22da7cf780f1301c0a8c60415e4f56e09d56001c
AKDN40ActualWeightedKappaPrimitive	LeanCode/Internal/PhysicalAnalysis/AKDN40ActualWeightedKappaPrimitive.lean	eaee3442ce8e28285a7537630138f88bda71c7df4e0a27c08bdf5df8e96961d1
AKDK1OriginalSourceInterpolation	LeanCode/Internal/PhysicalAnalysis/AKDK1OriginalSourceInterpolation.lean	94560dffd06bad2bdfcec7843702663ea54d2ef3137e773dd4f4424225f105b4
AKDK2JointOriginalSourceAllocation	LeanCode/Internal/PhysicalAnalysis/AKDK2JointOriginalSourceAllocation.lean	7f68ca75492fd316221f9a0e5f23214dcea8bc2d676db00862084d8e0ba5c7d2
AKDK3ActualSourceMixedRadialEnergy	LeanCode/Internal/PhysicalAnalysis/AKDK3ActualSourceMixedRadialEnergy.lean	f9b68e1febe12b298df4466daa933041f34c5a230e61202317763811adc1f160
AKDK4FiniteEulerEnergy	LeanCode/Internal/PhysicalAnalysis/AKDK4FiniteEulerEnergy.lean	96cace03a3432a75fb4ac6877995301bfb12cdb77b19aaa9866e5653eb8c9b45
AKDK5ActualSourceEulerEnergy	LeanCode/Internal/PhysicalAnalysis/AKDK5ActualSourceEulerEnergy.lean	fda74bc4ac8ec3c8586366fe8ae21e4b0126158a5ca8fe942e1988b5b9604a87
AKDK6OriginalEulerSourceActions	LeanCode/Internal/PhysicalAnalysis/AKDK6OriginalEulerSourceActions.lean	a49049fd627aa095a5a3707b8593daffa8194d7fae299daff75ba624332b55c8
AKDK7ActualPrimitiveEulerPayment	LeanCode/Internal/PhysicalAnalysis/AKDK7ActualPrimitiveEulerPayment.lean	5daab8871690a10c54c25d97274c8c4b145154b6dea2eb5a0aaf548146ad77db
AKDK8JointPrimitiveTerminalEnergy	LeanCode/Internal/PhysicalAnalysis/AKDK8JointPrimitiveTerminalEnergy.lean	db1249c43de1bd69cb3daa6aef3586bbcc3387dd2090333847638407b90ed97b
AKDK9PureFrequencyAllocation	LeanCode/Internal/PhysicalAnalysis/AKDK9PureFrequencyAllocation.lean	182a3af60a0e1196427f5f7450b76041b92995f00c8f405b22b769efc5c92b1b
AKDK10PureCellTerminalAllocation	LeanCode/Internal/PhysicalAnalysis/AKDK10PureCellTerminalAllocation.lean	2476ba6b19c57c93b920594b84d28dcfd7da90408af0eedff4b85d68165e1fc3
AKDK11NativePureTerminalEnergy	LeanCode/Internal/PhysicalAnalysis/AKDK11NativePureTerminalEnergy.lean	61de313acac80d51069b11dc7b169138b4bad8af69f9d44e60452d566c4fdb91
AKDK12OriginalScalarTerminalEnergy	LeanCode/Internal/PhysicalAnalysis/AKDK12OriginalScalarTerminalEnergy.lean	f59e6d23d522c3bfd514657f8c1e1af796e73b312522e4e11ee63899f4f5fa6e
AKDN41ActualPrimitiveEulerTermEnergy	LeanCode/Internal/PhysicalAnalysis/AKDN41ActualPrimitiveEulerTermEnergy.lean	058c3dbfcbda59465615f6b6226ed6cd430ec75ba37fca555abee74b0bf8d32a
AKDN42ActualKappaPrimitiveEnergy	LeanCode/Internal/PhysicalAnalysis/AKDN42ActualKappaPrimitiveEnergy.lean	a0c46b3d854e118d15e03de9fa6ee215c68c6b5cea0fe3cb7c35de7f2d87a453
AKDN43ActualInjectedPhysicalEuler	LeanCode/Internal/PhysicalAnalysis/AKDN43ActualInjectedPhysicalEuler.lean	3bdcea5240d1ff11b9d8a497fce75a975f6d2997f1f8b6024dac64121c4db108
AKDN44ActualWeightedPhysicalPrimitive	LeanCode/Internal/PhysicalAnalysis/AKDN44ActualWeightedPhysicalPrimitive.lean	50f8784b5eaadab2b8206f68ca40a7945064efc75b11a3c491579d3593dc4776
AKDN45ActualPhysicalPrimitiveEnergy	LeanCode/Internal/PhysicalAnalysis/AKDN45ActualPhysicalPrimitiveEnergy.lean	ced4fa15957a6217e6b07fda4deacfa92ebbb759675cf2a48111e7c7b8e44910
AKDN46FixedRadiusEulerNorm	LeanCode/Internal/PhysicalAnalysis/AKDN46FixedRadiusEulerNorm.lean	b21f1df4df72872ae986a0be1f33b8e8f4ef9bfd6cc28cbb916562d2c6f59dcd
AKDN47ActualRadiusSourceEnergy	LeanCode/Internal/PhysicalAnalysis/AKDN47ActualRadiusSourceEnergy.lean	a69aaa57e236603dd88d1c1728cc3c135d27bb78fcebe8cfe1d71d882af8b3cb
AKDN36LiteralDividedSourceCurves	LeanCode/Internal/PhysicalAnalysis/AKDN36LiteralDividedSourceCurves.lean	33255cbabdf8a502f7bb6103b732310bc3fed06aa50eae074f106ac2ca0c21b9
AKDN37LiteralFullG3Curve	LeanCode/Internal/PhysicalAnalysis/AKDN37LiteralFullG3Curve.lean	9d4d3933bfb9f243c4aec99e2047c0586e28bb8622920433e3c99290c382f986
AKDN38ActualThirdSourceExpansion	LeanCode/Internal/PhysicalAnalysis/AKDN38ActualThirdSourceExpansion.lean	31015347d0ccf58ce347a911ce5e072403158141008bbd3f0c461862e4c4cf5f
AKDN48LinearEulerEnergyAssembly	LeanCode/Internal/PhysicalAnalysis/AKDN48LinearEulerEnergyAssembly.lean	5d8f996a5da85130ae3e36192bf8ebe569ca2e4854a4e006ace94532722add1d
AKDN51SignedEulerEnergyAssembly	LeanCode/Internal/PhysicalAnalysis/AKDN51SignedEulerEnergyAssembly.lean	ab859d99f96a6155c3988f0566f31ef24eeab58cac0ea98d9a1e1b3441068921
AKDN55FiniteTerminalSquareEnergy	LeanCode/Internal/PhysicalAnalysis/AKDN55FiniteTerminalSquareEnergy.lean	6fbffc4154f4de5aa9c21e7dae777dd2f247c04be87d6a72368cf24c0f30a486
AKDN56PureBalancedPairEnergy	LeanCode/Internal/PhysicalAnalysis/AKDN56PureBalancedPairEnergy.lean	e80e0bbcad266f5706798c841de669a466ad0ae71c912f09d7bf0a1157491af8
AKDN60PurePairSevenProjection	LeanCode/Internal/PhysicalAnalysis/AKDN60PurePairSevenProjection.lean	1be61b8a952f46cee67bb2a28660019701b2efc378c16b00ff95bca2378ee69b
AKDN61SameSevenBalancedEnergy	LeanCode/Internal/PhysicalAnalysis/AKDN61SameSevenBalancedEnergy.lean	1868186c76c064d9f598050cdb32d7d7c3b6d6c542dc26dda1bf63c8ea875613
AKDN62ActualNativePureBalancedEnergy	LeanCode/Internal/PhysicalAnalysis/AKDN62ActualNativePureBalancedEnergy.lean	75d4959a02d30cddd9c52b879feb74a9a69ddc7d97a784e8349a52c8ff4b60d5
AKDN71ClosedCollarSevenFidelity	LeanCode/Internal/PhysicalAnalysis/AKDN71ClosedCollarSevenFidelity.lean	5af00772399340d662b893926a3ba30efc61695989ba107908cde43f44314648
AKDN73ActualStoredSevenFidelity	LeanCode/Internal/PhysicalAnalysis/AKDN73ActualStoredSevenFidelity.lean	dca0b43059b8c6996a9c3aed7662f47a8504dcc9011cc6745c130a07826b4720
AKDN67ActualCovariantEulerOperator	LeanCode/Internal/PhysicalAnalysis/AKDN67ActualCovariantEulerOperator.lean	770acf62210cecfe2337031993c39ed804fb34b57e54ff6d4f20dcbc934bab29
AKDN68ActualCovariantEulerAllocation	LeanCode/Internal/PhysicalAnalysis/AKDN68ActualCovariantEulerAllocation.lean	4eaf935afadf3cfe14c5ee9848b9d06a88bd4eb4a759a6687c163120f20dba82
AKDN69ActualWeightedCovariantEuler	LeanCode/Internal/PhysicalAnalysis/AKDN69ActualWeightedCovariantEuler.lean	867803f4c9f9e00e4852d769a22af5932a25492558f8d4771bbae80c30511b7c
AKDN70ActualCovariantJointEnergy	LeanCode/Internal/PhysicalAnalysis/AKDN70ActualCovariantJointEnergy.lean	cf6fac91acc272928149c7652886e1c1d9816bd58adeb3521171648ea2dc219d
AKDN72BalancedSevenAssemblyEnergy	LeanCode/Internal/PhysicalAnalysis/AKDN72BalancedSevenAssemblyEnergy.lean	fc16384b315bddbe01c8495596b8812818aa8335329963efac7a67c400ddcfb3
AKDN49ActualForcingProductSmooth	LeanCode/Internal/PhysicalAnalysis/AKDN49ActualForcingProductSmooth.lean	e99bbda237f7a1d015d985c5e17d0f631308b026c96c7a88914e6dc39c0095b7
AKDN50ActualKnownRowEnergy	LeanCode/Internal/PhysicalAnalysis/AKDN50ActualKnownRowEnergy.lean	3fd9f09103152c587a3575ac96a31f021450c1a74ccb5a04bf296c2019c0d11c
AKDN52ActualThirdSourceEulerEnergy	LeanCode/Internal/PhysicalAnalysis/AKDN52ActualThirdSourceEulerEnergy.lean	d4bc964bc9c5433c53a92c305066b9d040b9710dd851b18a08e147011fe38976
AKDN53ActualKnownFluxEnergy	LeanCode/Internal/PhysicalAnalysis/AKDN53ActualKnownFluxEnergy.lean	86f7309676b1970fc319c28141536c4fb6e5387840bc2d03c7a3a1a7e0f0397d
AKDN54ActualBalancedForcingEnergy	LeanCode/Internal/PhysicalAnalysis/AKDN54ActualBalancedForcingEnergy.lean	e166f41219048893ea5805309ebb333ed36c6c15281a90328e3bc96bf655622b
AKDN57SameIncomingForcingEnergy	LeanCode/Internal/PhysicalAnalysis/AKDN57SameIncomingForcingEnergy.lean	c61f74ad098f55d12df2e4d47a94d6082874b4de882b9c6d33e53e116961ca66
AKDN58UniformSameForcingEnergy	LeanCode/Internal/PhysicalAnalysis/AKDN58UniformSameForcingEnergy.lean	8609bc227965d6209501e81b03df0be8893a422109fb30d2ff9983be3acc3f54
AKDN59SameNativeEulerIntegral	LeanCode/Internal/PhysicalAnalysis/AKDN59SameNativeEulerIntegral.lean	784778f9c82b4d1404df8c1107de718fd97d081b4c5b07e681af16cf4ed98603
AKDN63SameObservedInverseFidelity	LeanCode/Internal/PhysicalAnalysis/AKDN63SameObservedInverseFidelity.lean	e674c18ce0b31dcc24ee036d45ea4832d5c1bd10c92e2de0e7b8c22ba6633944
AKDN64SameNativeJointEulerEnergy	LeanCode/Internal/PhysicalAnalysis/AKDN64SameNativeJointEulerEnergy.lean	b4c82e056bb4ff511c3fd2c35daefd7b85b546b84bad29d3fbbd8a871c722164
AKDN65OriginalNativeEnergyPayment	LeanCode/Internal/PhysicalAnalysis/AKDN65OriginalNativeEnergyPayment.lean	80875ee70f9f890dcc8368f5e33a5f7b8ac80a245e2b8a93ebd2aa00d23ab52f
AKDN66ActualNativeBalancedSourceEnergy	LeanCode/Internal/PhysicalAnalysis/AKDN66ActualNativeBalancedSourceEnergy.lean	f37d32de8618136c1a2c03ae01bbb160313b1e8fb9886cff978eb8d5e1317a7c
AKDN75ActualNativeSevenUnknownEnergy	LeanCode/Internal/PhysicalAnalysis/AKDN75ActualNativeSevenUnknownEnergy.lean	c37c521beea545f575241fd65cfe157e78f3566fe65b00e03ae3a18ba2e58963
AKDN74ActualKnownSevenEulerEnergy	LeanCode/Internal/PhysicalAnalysis/AKDN74ActualKnownSevenEulerEnergy.lean	f66f0cc051144d908a14c3bc00b74c79c599bf6a028671e752a42128d8844ced
AKDN76ActualFullSevenEulerEnergy	LeanCode/Internal/PhysicalAnalysis/AKDN76ActualFullSevenEulerEnergy.lean	d27a0352b57e94f7b352af997665197d5aa0d803be548ae091976ea2fc71a90e
AKDN77UnshiftedSevenJointEnergy	LeanCode/Internal/PhysicalAnalysis/AKDN77UnshiftedSevenJointEnergy.lean	318e4e171a3699eb685561dc36b6c26b5ab79ffc93072ebf96459f1c97af38be
AKDN78UniformActualSevenEnergy	LeanCode/Internal/PhysicalAnalysis/AKDN78UniformActualSevenEnergy.lean	4c5fdfababfcf9cb5496513df20501baec44adb4ec70aa83f763e1bf65d0c884
AKDN79ActualPolarCovariantEulerEnergy	LeanCode/Internal/PhysicalAnalysis/AKDN79ActualPolarCovariantEulerEnergy.lean	bffd6c8ef9206f062b14c5c5012fa1e736548ea95a2744d58aa26f7462bdb840
AKDN80ActualCartesianCovariantEulerEnergy	LeanCode/Internal/PhysicalAnalysis/AKDN80ActualCartesianCovariantEulerEnergy.lean	82144e62a4468ba012e876952676ae92e74df93f13d0c957a3cb71a66de27584
AKDN81CanonicalWeightedCurveFidelity	LeanCode/Internal/PhysicalAnalysis/AKDN81CanonicalWeightedCurveFidelity.lean	84bb186a76ca113cc52b8b947f43df47c45dbb956e4c1b8753ee0c9068e056ef
AKDN82SameNativeCanonicalCovariant	LeanCode/Internal/PhysicalAnalysis/AKDN82SameNativeCanonicalCovariant.lean	dd1aef6e37817ab28a27bd80321ac846a2523e49e5bc42c275fc4a1b69346ad1
AKDN83ActualCanonicalCovariantEnergy	LeanCode/Internal/PhysicalAnalysis/AKDN83ActualCanonicalCovariantEnergy.lean	e65538135bc29d778617c695c91549695c1b88a9d354e1d1c5da50014272e11b
AKDN84ActualCanonicalCollarEulerConsumer	LeanCode/Internal/PhysicalAnalysis/AKDN84ActualCanonicalCollarEulerConsumer.lean	9b177c41d4b756b28cfb235d666da2eb2a840de6ee67421e6e6cc33a54320069
AKDX1FixedInverseChartBounds	LeanCode/Internal/PhysicalAnalysis/AKDX1FixedInverseChartBounds.lean	53a0b18c96724799c531849e8df5d5a1d75a2daf9eba71c407e8397906ee8312
AKDX2FixedReverseCollarBounds	LeanCode/Internal/PhysicalAnalysis/AKDX2FixedReverseCollarBounds.lean	b736a5b6fe0ee2e34cf867709e1dee84e63f612f9ca2f9b064c3ac4009913995
AKDX3FixedCollarIntegral	LeanCode/Internal/PhysicalAnalysis/AKDX3FixedCollarIntegral.lean	099192a618615970e165169d48de6d881d75b5c169d9be6a0c605071ff4be1ca
AKDX4FixedCartesianEnergy	LeanCode/Internal/PhysicalAnalysis/AKDX4FixedCartesianEnergy.lean	058643de130f392ad2fbfa6e3c30ca3cb13dc4d411d3f096a09447840ba520fc
AKDX5FixedCutoffCartesianEnergy	LeanCode/Internal/PhysicalAnalysis/AKDX5FixedCutoffCartesianEnergy.lean	d09fa3fba79e30c01efa7df1702a304010cf21cfe1fc7399daaa53f44a0e093c
AKDX6PolarWordFourier	LeanCode/Internal/PhysicalAnalysis/AKDX6PolarWordFourier.lean	315ac09830176d6d42be00d6471630796e4cf490d27bd30b4146ae51cfde1031
AKDX7FiniteCellAngularEnergy	LeanCode/Internal/PhysicalAnalysis/AKDX7FiniteCellAngularEnergy.lean	fc93eb9a49f4e6e23489fcb3ef90b8530e67a9c2ad8f8fcf29fbb669539c1705
AKDX8CanonicalPolarWordEnergy	LeanCode/Internal/PhysicalAnalysis/AKDX8CanonicalPolarWordEnergy.lean	1748e8964d8f99fb8d6acabccbcebf538e59277b0e681c189803c55485a2c89c
AKDX9CanonicalPolarTensorEnergy	LeanCode/Internal/PhysicalAnalysis/AKDX9CanonicalPolarTensorEnergy.lean	25aed7be639558b6fac3acc7b4092695d5c43acc47573cab12887e27d68b33c4
AKDX10FixedCutoffMassEnergy	LeanCode/Internal/PhysicalAnalysis/AKDX10FixedCutoffMassEnergy.lean	dae8dc57fd359af80f024985a385f48a9dd07d1f847977b2823d4de62712335e
AKDX11SameCutoffClosedJet	LeanCode/Internal/PhysicalAnalysis/AKDX11SameCutoffClosedJet.lean	aad4143d5155b31ea4a9fb04dd11484a9d1545541498f924ce89b179f1a8c96a
AKDX12SameOriginalCutoffPlanarNorm	LeanCode/Internal/PhysicalAnalysis/AKDX12SameOriginalCutoffPlanarNorm.lean	10f842489cf2a031378a621aaf2b22a2646ba25747aef8a86d43c5448c555beb
AKDX13ActualAnnularPlanarNorm	LeanCode/Internal/PhysicalAnalysis/AKDX13ActualAnnularPlanarNorm.lean	8b269cacf0e3339b9cc331d5da86b122afd32b9638057059c6d7f716e643522d
AKDY1InverseEulerPolynomial	LeanCode/Internal/PhysicalAnalysis/AKDY1InverseEulerPolynomial.lean	bed5a01aa49fab0702155c7abeb852773be078093c2684595bf912b32c428d41
AKDY2InverseEulerRadialFidelity	LeanCode/Internal/PhysicalAnalysis/AKDY2InverseEulerRadialFidelity.lean	b8c31aca62c3226d30058ff9e39ee8adc035df323845c1704177e9d80ead74a9
AKDY3FiniteEulerRadialEnergy	LeanCode/Internal/PhysicalAnalysis/AKDY3FiniteEulerRadialEnergy.lean	09328723641d1a531161a39eab52e5affc4f76e797e8cdac62dfc614ebe7691a
AKDY4ActualEulerRadialEnergy	LeanCode/Internal/PhysicalAnalysis/AKDY4ActualEulerRadialEnergy.lean	c8103b59cfbe6d8a8c117e199f4e48f3514f594e6d86079e9471dfb308c4dd22
AKDZ1CanonicalRadialJetEnergy	LeanCode/Internal/PhysicalAnalysis/AKDZ1CanonicalRadialJetEnergy.lean	ecb16f24f92833466e3f1635f57c1b88ba543f4e272c4d1e6a30c1fb6be37ad6
AKDZ2FiniteCellPolarTensorIntegral	LeanCode/Internal/PhysicalAnalysis/AKDZ2FiniteCellPolarTensorIntegral.lean	360da47694b49f428646403a6ec0b23d14223d5d0ef37bd3c7bf5da43e0bc140
AKDZ3FixedCollarIntegralReflection	LeanCode/Internal/PhysicalAnalysis/AKDZ3FixedCollarIntegralReflection.lean	b1b43efd4cdaa758c1cbc227b5893f6b06c0073e63cccfab40fa5d545ec35b59
AKDZ4OriginalPolarDensityIntegral	LeanCode/Internal/PhysicalAnalysis/AKDZ4OriginalPolarDensityIntegral.lean	60661967b810645ac2858394ddcee366ed708dd2f7870fc4b733481225723f49
AKDZ5CanonicalFiniteCellDensity	LeanCode/Internal/PhysicalAnalysis/AKDZ5CanonicalFiniteCellDensity.lean	53c4aa23e28056d87f51bf799be7a965c114e62d50d3e8a4d41279beecd17a70
AKEA1CanonicalAnnularPlanarEnergy	LeanCode/Internal/PhysicalAnalysis/AKEA1CanonicalAnnularPlanarEnergy.lean	4aaa34dd3626778f4dc61d709eb35f991214ba2f6c32d717fec885160866d824
AKEA2ActualNativeAnnularPlanarNorm	LeanCode/Internal/PhysicalAnalysis/AKEA2ActualNativeAnnularPlanarNorm.lean	a4ef20da74e22a4d7cd069a24c28ecc89d4f0a86518ab99d06a9ee3db4c89502
AKEB4ActualFiniteCollarLoss32	LeanCode/Internal/PhysicalAnalysis/AKEB4ActualFiniteCollarLoss32.lean	32c99252df283cb8801f1a2e5f629308c85f8f97393768bb2c5302562addc55d
AKEC1ActualFiniteNativeAnnularNorm	LeanCode/Internal/PhysicalAnalysis/AKEC1ActualFiniteNativeAnnularNorm.lean	7f897758ad3aaa2df2f356b14d52c5fd98587114becac00745c9bad8e61326d1
AKEC2ActualFiniteNativeAnnularBase	LeanCode/Internal/PhysicalAnalysis/AKEC2ActualFiniteNativeAnnularBase.lean	a33920534737fc29f9f1861461e0578705ebaaeb7b88fff647f1c27771891a12
AKDV27ActualProductAnnularNorm	LeanCode/Internal/PhysicalAnalysis/AKDV27ActualProductAnnularNorm.lean	2ae5efc9a63ec008c9199ba6902cde0ee22a6fb11c7867a7764b2c320224fd87
AKDV30ActualCompactAnnularNorm	LeanCode/Internal/PhysicalAnalysis/AKDV30ActualCompactAnnularNorm.lean	d9cb5e1d828f36c73204944544e4dfd5e90b41e7863eaf66ef171057089650cd
AKDV28FixedBase32EndpointPayment	LeanCode/Internal/PhysicalAnalysis/AKDV28FixedBase32EndpointPayment.lean	e0bd4090665220892bec2be71b90e8eac1e57f847aee0b6bb13f462f6d87a83f
AKDV29FixedBase32PlanarAbsorption	LeanCode/Internal/PhysicalAnalysis/AKDV29FixedBase32PlanarAbsorption.lean	dc9f2ee25b4658df25a13076f102a5264ef59e8d5235d93df64f52593d0f5bda
AKDV11ActualCompactHighRankAbsorption	LeanCode/Internal/PhysicalAnalysis/AKDV11ActualCompactHighRankAbsorption.lean	634d0458c1023141e1391e9257d50bd3553b49e78c5d826fd999a48b74beb7c2
AKEH9ActualFullPlanarAssembly	LeanCode/Internal/PhysicalAnalysis/AKEH9ActualFullPlanarAssembly.lean	76556725c730c3d1bef6b6b8ecc0e0abb9bd8df04a76cde6841d24e2903e11ba
AKEG1PhysicalUnitNativeMatrices	LeanCode/Internal/PhysicalAnalysis/AKEG1PhysicalUnitNativeMatrices.lean	b47b77c99728ee332fed750b1f923392944e8747bdef86cf1980bfd8657da133
AKEG2PhysicalUnitNativeActions	LeanCode/Internal/PhysicalAnalysis/AKEG2PhysicalUnitNativeActions.lean	24bf34e970f30dc05b7e40c3bb1363435fa682d38220fc122048d60112294637
AKEG3PhysicalUnitWeightedActions	LeanCode/Internal/PhysicalAnalysis/AKEG3PhysicalUnitWeightedActions.lean	36cc08c96a53134c80e00dfb6e00a54cb6f28ca40b7190b9470d6d68d4abfb5d
AKEG4NativeFourOperatorRealization	LeanCode/Internal/PhysicalAnalysis/AKEG4NativeFourOperatorRealization.lean	244da7febe997b672e2bb4f81f8825ecb3860df3c680789589791226c737b029
AKEG5ActualPhysicalUnitNativeRows	LeanCode/Internal/PhysicalAnalysis/AKEG5ActualPhysicalUnitNativeRows.lean	03df579f70081b21a2eb29ab9db3dc9766e83f7bdf676c6a2e746bfa7063e6f5
AKEF1ExplicitSignedCompactData	LeanCode/Internal/PhysicalAnalysis/AKEF1ExplicitSignedCompactData.lean	915d18c95d2319cc818922bc7dc62c7c7c2f83b05026bda2faaccdadb45c615a
AKEF2ExplicitPhysicalUnitFlux	LeanCode/Internal/PhysicalAnalysis/AKEF2ExplicitPhysicalUnitFlux.lean	a55f8f4329200bf69d6d450e8f88748d8daa4fb7e6ccc05921689c4d4ca52e77
AKEF3ActualPacketCompactData	LeanCode/Internal/PhysicalAnalysis/AKEF3ActualPacketCompactData.lean	14e7c17f9b37f31c9806ad3488dbfd3b2cc7e739fe55d1d33c5b36a62a5b661f
AKEF4UnitKnownRowFidelity	LeanCode/Internal/PhysicalAnalysis/AKEF4UnitKnownRowFidelity.lean	2d2da7fd4ce843dbc3dbd40e32c0bb3efcceacc7dae3873674881436ccd59c9c
AKEF5ActualUnitCoreField	LeanCode/Internal/PhysicalAnalysis/AKEF5ActualUnitCoreField.lean	4738b2241c8a5ee87781eabcae4658ac35517568c63f2ff8b8888320f5224e24
AKEF6ActualNativeCompactData	LeanCode/Internal/PhysicalAnalysis/AKEF6ActualNativeCompactData.lean	cee2d9a2115dc29ab20169327bfd017fe752403d237c3c6049a7bf89c3d15023
AKEG6SameRetainedNativeNorm	LeanCode/Internal/PhysicalAnalysis/AKEG6SameRetainedNativeNorm.lean	1d62848d853fb7a265ea9dffebc0a6a6673b18d65b4822474ae3b8c2402e9fbd
AKEG7ActualNativeRoughRowBounds	LeanCode/Internal/PhysicalAnalysis/AKEG7ActualNativeRoughRowBounds.lean	46b7dac42a9e393243e8a233ad94a00793981b7abe0606ae359b06573dac0662
AKEF7RecoveryPacketCompactData	LeanCode/Internal/PhysicalAnalysis/AKEF7RecoveryPacketCompactData.lean	6cdc00e17f0f283351747fefccc306b3ea3436322b1d9ab87f3172e2d2e66a59
AKEF8ActualPrincipalCompactData	LeanCode/Internal/PhysicalAnalysis/AKEF8ActualPrincipalCompactData.lean	2e8cbd8b7e2383c593681377cc0417e2cd17c9d2882d8a851d370bca5c9936e5
AKEH10ActualOriginalPlanarEstimate	LeanCode/Internal/PhysicalAnalysis/AKEH10ActualOriginalPlanarEstimate.lean	d80bf420eb7b200e1140353c64deaa6642350e547d9d5953b54f2957eae0d8dc
AKDV3SameProductFlatOneHigh	LeanCode/Internal/PhysicalAnalysis/AKDV3SameProductFlatOneHigh.lean	de723cf22cccb5a65ddc1edfa6de7539a2b75e958842be85361fae30e366b768
AKDS26ActualProductInverseBound	LeanCode/Internal/PhysicalAnalysis/AKDS26ActualProductInverseBound.lean	33ba359087733b46c4aa5469e74e7863ab87926252e7d5a6916cb554410dd465
AKDE1OriginalRealPhysicalFields	LeanCode/Internal/PhysicalAnalysis/AKDE1OriginalRealPhysicalFields.lean	4909bd0333a2f5a5fb886cf4401b10221aa08ee7e295c7c406100f2e8af61b8b
AKDE2ConstructedRealFields	LeanCode/Internal/PhysicalAnalysis/AKDE2ConstructedRealFields.lean	d51808547c6f35602962f6892efe2983d1cdefa942b63afa41c7de01f020f923
AKDE3OriginalChartValues	LeanCode/Internal/PhysicalAnalysis/AKDE3OriginalChartValues.lean	8e70261de7333a9131b6b80216fa48d5e3d2fe943135526a59a72d7d7ccbe49e
AKDE5OriginalPhysicalDerivatives	LeanCode/Internal/PhysicalAnalysis/AKDE5OriginalPhysicalDerivatives.lean	255fad9a7ad5f9eb459c7d3991d1886491cb6436b770ac2827665635edaabc80
LiteralFirstPair	LeanCode/Internal/NonlinearAnalysis/LiteralFirstPair.lean	c0dd8f340bf5d5450cd71104ea5cd6df2d5593c2c7b805652c8b37b5ca067077
SmoothRowFields	LeanCode/Internal/NonlinearAnalysis/SmoothRowFields.lean	c5f1a187a6c69366d076bfc3a2635579c8cc4a722ee3c2d1620934b4b21af5c7
RealComplexification	LeanCode/Internal/NonlinearAnalysis/RealComplexification.lean	c557dfddde334de3f84af7dcfaa557252446e8d0c436fe937a8c32d006922d53
AKDE6LiteralPhysicalOperators	LeanCode/Internal/PhysicalAnalysis/AKDE6LiteralPhysicalOperators.lean	e0f24144307df366f8f30b7f95a36723ce6286d10f3ab944731e819b20b28b7c
AKDE4RealNormalizedChart	LeanCode/Internal/PhysicalAnalysis/AKDE4RealNormalizedChart.lean	30d8ca7f95c81d67dbc0e9c6d244ca6e8a40e92460e2b3ceefdecde380623ebe
AKDE7OriginalExtensionReality	LeanCode/Internal/PhysicalAnalysis/AKDE7OriginalExtensionReality.lean	4c83cefdb62c25d97156b2c958ea4b0f9ae419da62dc36a166a142f8c07f6384
AKDE8OriginalPhysicalMean	LeanCode/Internal/PhysicalAnalysis/AKDE8OriginalPhysicalMean.lean	84decc6dfcf0e8891c67b4064df86d247a66145688e04c3cf43a95d97880d3c2
RealLiteralRowsInterface	LeanCode/Internal/NonlinearAnalysis/RealLiteralRowsInterface.lean	594055c56ff07a71907c55460fbea40d57b51ac8e358de3af50b17a192d0ed30
NonlinearRadialCorrection	LeanCode/Internal/NonlinearAnalysis/NonlinearRadialCorrection.lean	393f31ec9f3ab703ecd15b6b89997112ba0a9d8cf37ab6de8b23e2f7316c84e1
LiteralRowsProof	LeanCode/Internal/NonlinearAnalysis/LiteralRowsProof.lean	46fc2b262a1abe4bdc5f0da83125744e0aafdc929fa78ee763e2b1d5758291f2
RealRowBridge	LeanCode/Internal/NonlinearAnalysis/RealRowBridge.lean	ceffb23589d6397ea7b3bcd28666ae7815d78eef03bcf031f74ea5736b0215dc
RealLiteralRowsProof	LeanCode/Internal/NonlinearAnalysis/RealLiteralRowsProof.lean	cb23c5990db0f828bfa068a7e40cedd32aeb4a46a895ad8afa937af516bfc58d
AKDE9OriginalScalarOperators	LeanCode/Internal/PhysicalAnalysis/AKDE9OriginalScalarOperators.lean	e0db8ed02651c4a14fbb150064a1b6a6b6385f1ce259e19b328c0957fc32457b
AKDE10OriginalRawPhysicalRows	LeanCode/Internal/PhysicalAnalysis/AKDE10OriginalRawPhysicalRows.lean	841200ca62f4267643e8d5115579f2ee613bff242c9ce3283f8bccd7d268731a
AKDE11ConstructedRealCellEquations	LeanCode/Internal/PhysicalAnalysis/AKDE11ConstructedRealCellEquations.lean	03f0e34b52c9d7fb9e3a962007b8d6d9df9d90f5b7b51c01b10b012507ffd4db
AKDE12RealChartFirstJets	LeanCode/Internal/PhysicalAnalysis/AKDE12RealChartFirstJets.lean	7e4e6d307812334d89b47066b61cd0c82409a0aaec5f14bc6667ef943eef84c8
AKDE13ConstructedTiltRemainder	LeanCode/Internal/PhysicalAnalysis/AKDE13ConstructedTiltRemainder.lean	a7c53a02b89470dfc5077664633a1afee328b290842ef3e7f8c97f47f1c5a589
AKDE16CompactParameterMeanValue	LeanCode/Internal/PhysicalAnalysis/AKDE16CompactParameterMeanValue.lean	9aca28c3c4e6ca6348695ac55d10dd609211b9a0f900b4243b93a368f5bb7885
AKDE17ActualPartialDerivativePackets	LeanCode/Internal/PhysicalAnalysis/AKDE17ActualPartialDerivativePackets.lean	937922f8e5607eff0e3442e678b90d9971c99be859a6b169bbe2848ff7efadb4
AKDE18UniformPhysicalDerivativeBound	LeanCode/Internal/PhysicalAnalysis/AKDE18UniformPhysicalDerivativeBound.lean	d3316171e913955aa9ee9e2a78ef7b04671223ad5640deace0065ad41f7e93c4
AKDE14ConstructedTiltSmoothness	LeanCode/Internal/PhysicalAnalysis/AKDE14ConstructedTiltSmoothness.lean	70b8126575df1d91bcbde840bc0b75926d60d51c07d7dd15027d204bf7c45fca
AKDE15ConstructedRemainderSmoothness	LeanCode/Internal/PhysicalAnalysis/AKDE15ConstructedRemainderSmoothness.lean	226bed0bbf058decae48cfac38881e43f8b4aa122e426c4657a1920996b93b9e
AKDE19ClosedPhysicalDerivativeZero	LeanCode/Internal/PhysicalAnalysis/AKDE19ClosedPhysicalDerivativeZero.lean	47c1afcdac72212e54ae09137440110c14b800c125a06ec783c219da1c136719
AKDE20ActualZeroLimitFields	LeanCode/Internal/PhysicalAnalysis/AKDE20ActualZeroLimitFields.lean	2a46530d191512f737f95929de770612a702501292b6d8e70e9e45f3b917b79d
AKDE21OriginalParameterWindow	LeanCode/Internal/PhysicalAnalysis/AKDE21OriginalParameterWindow.lean	83103bb98bc222400aa26b4cf90caa7ce7169459999106dc24dafabfb3554727
AKDE22ActualPhysicalC2Estimate	LeanCode/Internal/PhysicalAnalysis/AKDE22ActualPhysicalC2Estimate.lean	3d97a20af674ead699a8a4d1d3454aeb4da93fc96983960a665e37b0263c5dda
AKDE23LiteralConstructedCellFamily	LeanCode/Internal/PhysicalAnalysis/AKDE23LiteralConstructedCellFamily.lean	7d03e7466f0a3fc8e02c1233e8ff584a4b0e16a5dc7dfa399c30121d8c25ce97
AKDE24ConstructedWindowFromOpenness	LeanCode/Internal/PhysicalAnalysis/AKDE24ConstructedWindowFromOpenness.lean	13befcca946c189de4c499827944e2716d0f97d3985178f07dad149864e3b834
AKDE25ActualOriginalCellSolutionFamily	LeanCode/Internal/PhysicalAnalysis/AKDE25ActualOriginalCellSolutionFamily.lean	584068ce767f663290ade258220ee3f3600738338f2219ed3fa39f1f0636201d
AKDU1ActualProductNewtonInverse	LeanCode/Internal/PhysicalAnalysis/AKDU1ActualProductNewtonInverse.lean	e68de232028fa2dc83d68889e8c4c0443d52fdbbde1f651b4f28a701b0ff1122
AKDU2ActualProductCellFamily	LeanCode/Internal/PhysicalAnalysis/AKDU2ActualProductCellFamily.lean	a9dede05551fb36398358f76498ff0522fcf327cf5f3828431fd137c2471476b
AKDU3FixedOriginalPhaseParameters	LeanCode/Internal/PhysicalAnalysis/AKDU3FixedOriginalPhaseParameters.lean	f426bc1d719a1ed71a48bb14c25e8b86a0b01dd9f0cc8e5463f9be30e2595ccd
IntegerSampling	LeanCode/Applications/MHS/IntegerSampling.lean	bc34dfe29da8bc004b89f629d67323d67ad6be1fa8f32d3335560a1136f892df
SampledSmoothFamily	LeanCode/Applications/MHS/SampledSmoothFamily.lean	9e80a5ce5e3c5dfa1da6b49040196f8a6493b283850eaa7bd5b840b7ec0f0d8a
SampledSeminormBounds	LeanCode/Applications/MHS/SampledSeminormBounds.lean	46892d7a61a4e8ed7ae1cb130d8277459447a68abb8fe2171b33b070f8ee194a
SampledSeminormBoundsConsumer	LeanCode/Applications/MHS/SampledSeminormBoundsConsumer.lean	43e32524cd2b9f58bfdc7c031936779d32fc6d869d200d311f68af05ed7ae534
SampledNormalizedFactorBounds	LeanCode/Applications/MHS/SampledNormalizedFactorBounds.lean	fd65518f172c80fe1b966d0a1b9e8bd17b1a46982f83b2952ed33d84b517438d
SampledAllTimeBounds	LeanCode/Applications/MHS/SampledAllTimeBounds.lean	c711cfa87d340b518ee429636f9e0264d398fd2f235c2b7b81acefab49c32969
SampledConfigurationRegularity	LeanCode/Applications/MHS/SampledConfigurationRegularity.lean	c55be29d2891db4d7a0f15402fbab09d211182c817690622363e2f51f2938470
ReparametrizationBasic	LeanCode/Topology/ReparametrizationBasic.lean	0fb00b7118e6a4eda30205aebb96fe69c0ca45f990b09769f8faa71eac88e2a7
ReparametrizationComposition	LeanCode/Applications/MHS/ReparametrizationComposition.lean	dc6ef2b938381545808516b0f370c7e2b0009bb29cb28f6252b1b7df428599d0
ReparametrizationRegularity	LeanCode/Topology/ReparametrizationRegularity.lean	fa06a80c693eedf918a90e643eaf45a0f69c7b306fb7816dd36dffbf8b915825
CylinderJets	LeanCode/Internal/FunctionalAnalysis/CylinderJets.lean	54e92941b7c55e678306ba525691edc6595dc14e54bbc3229f7debd2f52986cf
ReparametrizationDerivative	LeanCode/Applications/MHS/ReparametrizationDerivative.lean	dc8e9dfa5d80a3171be774733a066961a5cdfc57fdd95415c643d3840543a9d3
ReparametrizationHomeomorph	LeanCode/Applications/MHS/ReparametrizationHomeomorph.lean	f72d3363d72a010817dcde7309312871d1bef5d14fcbeecc40f139f40a73ded9
ReparametrizationHomeomorphConsumer	LeanCode/Applications/MHS/ReparametrizationHomeomorphConsumer.lean	eb7331823fbc89e97c729ae82d36862496cc26a2af0dec476393bb98474978e9
ReparametrizationDerivativeConsumer	LeanCode/Applications/MHS/ReparametrizationDerivativeConsumer.lean	c549b7aca094e10872bc5065df7f35e9539e60928be3ad6eb6e93185798aae81
ReparametrizationEmbedding	LeanCode/Applications/MHS/ReparametrizationEmbedding.lean	666095753f590787df0ac49dc78b3d261ecd0625ca469ad6ad3d7031a96359ab
ReparametrizationEmbeddingConsumer	LeanCode/Applications/MHS/ReparametrizationEmbeddingConsumer.lean	1ef4e282e611799ff5762efc1c8c7efbb146c9231d0477796435115ba7908808
RelatedEquivalence	LeanCode/Topology/RelatedEquivalence.lean	faf5d9bff95267d7a65cc49c7bdd622e33f33f16a131788503323a9ed8cea094
PhysicalSimilarity	LeanCode/Applications/MHS/PhysicalSimilarity.lean	ea844d12f9c404f426701be7283b286fb635c3b431b7a10b69805ff5f522bf59
RoundAxisSimilarity	LeanCode/Applications/MHS/RoundAxisSimilarity.lean	3ff976b80d66715119ed71a9e1e211be6fb22c627f87eb681d3bba3132ea2eb2
PhysicalHessianCovariance	LeanCode/Applications/MHS/PhysicalHessianCovariance.lean	de509736fdbcfcbe8665be8d0716d1b4fccd2ce12444ee53b758d352cb268fd1
RoundAxisSimilarityInterface	LeanCode/Applications/MHS/RoundAxisSimilarityInterface.lean	71f1eba7c287202bc4b368477b287c01923064b1f5083b6d9bd54e15abaf7a21
RoundAxisSimilarityProof	LeanCode/Applications/MHS/RoundAxisSimilarityProof.lean	823bafda5db6f2f40c3a1cd20f27c8207f0680fef1c23cead9b699f0a085547c
CircleIsometryClassification	LeanCode/Applications/MHS/CircleIsometryClassification.lean	ff35bb0c205a8aafe7294134538ad3d447f61b180fe9c010a39cc66cf25d118f
CircleIsometryClassificationInterface	LeanCode/Applications/MHS/CircleIsometryClassificationInterface.lean	c749298c4f6d539bf56d83f1d6419655d689cafe26a582e812b50ca15d9e0ad2
CircleIsometryClassificationProof	LeanCode/Applications/MHS/CircleIsometryClassificationProof.lean	5df3145667110abfddbaff66d45b94cdc1587cbe61f5e53c5b1a2b4b091ce9b6
CircleIsometryClassificationConsumer	LeanCode/Applications/MHS/CircleIsometryClassificationConsumer.lean	b4cf43b66e8339befb69437eaefe1943082c788ca0413c4c5dc4981e22574b16
TensorAngleRigidity	LeanCode/Applications/MHS/TensorAngleRigidity.lean	942290decb98445ecbc188605e31bc97aa6f42731d9e85efbdf8d6480bceb485
NormalHessianCovariance	LeanCode/Applications/MHS/NormalHessianCovariance.lean	041cb7a66bc1d26f439d2468060418808408cab0c2632b6dfaaf683f1333be28
TensorAngleRigidityInterface	LeanCode/Applications/MHS/TensorAngleRigidityInterface.lean	4fb12379d914972f7b028fa2c80dbc9b01c1511044da3218fea47526fb0d2a81
TensorAngleRigidityProof	LeanCode/Applications/MHS/TensorAngleRigidityProof.lean	fdd757be22f7213477cd70ce608be2d7759e12b296fd4036faf2b611236b6521
TensorAngleRigidityConsumer	LeanCode/Applications/MHS/TensorAngleRigidityConsumer.lean	94f8fde56f60b17240807a2a1a2561b8de06fdc235573f0f22645cb6aebbc518
HarmonicRigidity	LeanCode/Applications/MHS/HarmonicRigidity.lean	15a51ebd1a3d2385e81061c7b3f833f06ea9c86e42bf003e09af2b5eccd77596
HarmonicRigidityInterface	LeanCode/Applications/MHS/HarmonicRigidityInterface.lean	f128e02448ba829103a91bdfd1cc8300c9022c2c378fdeaae8f0d5f89f5fda9c
HarmonicRigidityProof	LeanCode/Applications/MHS/HarmonicRigidityProof.lean	41a12a288e24ade060789c2d0174ab7cd64f870d56fbcc6c10a85411e3487af6
HarmonicRigidityConsumer	LeanCode/Applications/MHS/HarmonicRigidityConsumer.lean	cbfd956800309b584e7cab533ef0520625bf56010874a5bf3b647b8f7fd47f5d
PhysicalSimilarityRigidity	LeanCode/Applications/MHS/PhysicalSimilarityRigidity.lean	46b5e289b94d8bad3051e90b878cb909dc449afb235bb4c7d04446a1bdb8582b
Grad.GeometryClosure.Hessian	LeanCode/Applications/MHS/Grad/GeometryClosure/Hessian.lean	881f64c0bbc9f0e5c2f92ca72d0375b6ceb328b02b9503cdce14577251795c1f
NormalHessianSeedBridge	LeanCode/Applications/MHS/NormalHessianSeedBridge.lean	715174e29b119675a3c71291e16e43751d2efb38b98c9a89023a75172b480e74
PhysicalNormalHessian	LeanCode/Applications/MHS/PhysicalNormalHessian.lean	0c8134261030ad3cebc934c94a3963fead48ec17dfa2b00794052335fbb65ed9
PhysicalNormalHessianConsumer	LeanCode/Applications/MHS/PhysicalNormalHessianConsumer.lean	6594d6ab2c61a5850812b80cbf8c4124fbea8aa55f87382f94111ee889323634
SampledPhysicalSimilarityRigidity	LeanCode/Applications/MHS/SampledPhysicalSimilarityRigidity.lean	4300aa8643ed5daa8f9541bb8f72763aab6dfc65414c76b20a39d56029290e70
SampledAxisBasics	LeanCode/Applications/MHS/SampledAxisBasics.lean	fc2fc7e85780781a0341c5d5538def7e150be5d70593649f7e6beb1b96d5d1f2
SampledPositionDerivative	LeanCode/Applications/MHS/SampledPositionDerivative.lean	cef0e254328f7ef962c6a88dc3aa5ec4be5bed1a2d62e68e341cb8a4dec70409
SamplingThreshold	LeanCode/Applications/MHS/SamplingThreshold.lean	45547cd2d88fec6ae5a9233d60f94f5bd2120530bd958352f99e354c093fe45e
GeometricSamplingThreshold	LeanCode/Applications/MHS/GeometricSamplingThreshold.lean	3b6d7eb0d6593cd241c0006a32ae0fd6ea48c1b701b13e1330a4366d66bf6682
SampledSeedBounds	LeanCode/Applications/MHS/SampledSeedBounds.lean	3efeb5d9d33052b7cd4e25b71ce59dccc844dfa2e51baffe002de96e5f51e10b
SampledFullGeometry	LeanCode/Applications/MHS/SampledFullGeometry.lean	9ec2ea2f3480a38d1a27919b604ea97c98fd1a4dce6118f631067365e1f2b9cb
SampledFullGeometryConsumer	LeanCode/Applications/MHS/SampledFullGeometryConsumer.lean	b1c8dd365f06e5e74137acd8bf8b2001fd47f7498ba09a9479003cb0f3589289
SampledGlobalEmbedding	LeanCode/Applications/MHS/SampledGlobalEmbedding.lean	240f53f2c7f16cd507888c216402f2d1a57cf548769c2623e81a1510474786b9
SampledCylindricalEstimates	LeanCode/Applications/MHS/SampledCylindricalEstimates.lean	17ef516ab59495734235fe1398ae4f8ac52c3413a8e15465e64433c9bca07acb
SampledCellCoverDerivatives	LeanCode/Applications/MHS/SampledCellCoverDerivatives.lean	e4de143d6cc5085a613cd8ab0f699c5404c2e573bd6b1a1f31fa463facdadf21
SampledSeedPerturbation	LeanCode/Applications/MHS/SampledSeedPerturbation.lean	c07c089bfaffebb22defc1d1a27ce6c663a485cb3519b0c30ce8d8fe4caa78f7
SampledSeedInverseChart	LeanCode/Applications/MHS/SampledSeedInverseChart.lean	2ec705f0bc73e9eb60b54e3c4e6f9a93d71dfccd8f55e846ae266e5f3c2c5f5a
SampledCoverError	LeanCode/Applications/MHS/SampledCoverError.lean	377646eaf6f95a38175e4de608ff3e628f028092e08e448184a527c49c7b474a
SampledNormalizedCover	LeanCode/Applications/MHS/SampledNormalizedCover.lean	77a891430c729d08187a3db2e3b54147aa29c378a7bbac8bb24880fef0934a41
SampledGlobalEmbeddingConsumer	LeanCode/Applications/MHS/SampledGlobalEmbeddingConsumer.lean	aa94edd9d6913674229fb9907d28c01d628ed076fa7e300995abb335e12c71f5
AKDL1ClosedSmoothExtension	LeanCode/Internal/PhysicalAnalysis/AKDL1ClosedSmoothExtension.lean	ac59aedb8f445cd19d5d517788e8f3b529bd141f6618e8829677a2ea171db450
AKDL2SmoothInversePatch	LeanCode/Internal/PhysicalAnalysis/AKDL2SmoothInversePatch.lean	ce5d4c52674af3aa4251a835afa59f5632322483571a1505140f24a96c2c7b2d
AKDL3ReferenceCover	LeanCode/Internal/PhysicalAnalysis/AKDL3ReferenceCover.lean	b1b15455c872db845ff17f035edda3a2bc518e2f46484b35b5bb7122c324c955
AKDL4CanonicalAmbientExtension	LeanCode/Internal/PhysicalAnalysis/AKDL4CanonicalAmbientExtension.lean	3fe8172c7276e3f3b9c2413e14fc8cd93a749fa65139890f09a9b308ed0fc75d
AKDL5ActualSampledLifts	LeanCode/Internal/PhysicalAnalysis/AKDL5ActualSampledLifts.lean	048ecb019859cf23a715f57b81cfbec0c552674503d9a635a2e9285848eea99c
AKDL6ActualAmbientFields	LeanCode/Internal/PhysicalAnalysis/AKDL6ActualAmbientFields.lean	56d483e39251f0e66310b8d8b57201d99e22cd1241ae69a777988abdc0f5aebd
AKDL7ClosedCylinderAmbientJets	LeanCode/Internal/PhysicalAnalysis/AKDL7ClosedCylinderAmbientJets.lean	8096726298f466f776caf8257d3eadfa4054b0660f067e97b0485f11b7df283b
AKDQ1ProjectedAngularIdentity	LeanCode/Internal/PhysicalAnalysis/AKDQ1ProjectedAngularIdentity.lean	77675d7a0d1d298d5e6e54b9bbfdfacfd63996df6afa1ab97d8a4f4b5654477e
AKDQ2DirectionalCalculus	LeanCode/Internal/PhysicalAnalysis/AKDQ2DirectionalCalculus.lean	c783fe9a4fea70a906d103d6c5a7423000b737df0b5ea25159d90f7ad1cf1630
AKDQ3LiteralProductActions	LeanCode/Internal/PhysicalAnalysis/AKDQ3LiteralProductActions.lean	c01206d37b859fdbfcfbd38be98a6dc3c83863df82f6d1e15980533ab80f10d3
AKDQ4EulerAngularCommutation	LeanCode/Internal/PhysicalAnalysis/AKDQ4EulerAngularCommutation.lean	6daf61968dd8ea2bd308605f25e7b61915991212bca5f414a7b99264e1805354
AKDQ5AxialCommutation	LeanCode/Internal/PhysicalAnalysis/AKDQ5AxialCommutation.lean	1b645f69ba71164fb535204ff43b21d9c193196719b3359278e1a8589e094ebe
AKDQ6LiteralProductRules	LeanCode/Internal/PhysicalAnalysis/AKDQ6LiteralProductRules.lean	93b358e485c6673af50275fcd029ffe4532212f3916a610f7d89c407e2609b15
AKDQ7FirstIntegratedForce	LeanCode/Internal/PhysicalAnalysis/AKDQ7FirstIntegratedForce.lean	a49f792f53b360273dc3b4f9dab5da6be9bd40175ec9bf690d43f3d30ce7789d
AKDQ8AffineAngularRule	LeanCode/Internal/PhysicalAnalysis/AKDQ8AffineAngularRule.lean	186b94e5b1751cdce13cb6afb1160673cc354fadbc24ea63ac518c1334ebae11
AKDQ9SecondIntegratedForce	LeanCode/Internal/PhysicalAnalysis/AKDQ9SecondIntegratedForce.lean	a70ad673767c0b9b4fadaa2ad74adcb35a561d55f50565c55b601482efbb6974
AKDQ10IntegratedDeterminant	LeanCode/Internal/PhysicalAnalysis/AKDQ10IntegratedDeterminant.lean	7b7910796dbd177b47066311739a08a7450d578e981c178104986e2235cf3eaa
AKDQ11ActualIntegratedCellEquations	LeanCode/Internal/PhysicalAnalysis/AKDQ11ActualIntegratedCellEquations.lean	26d60985ede4f042b5ca44dbc61b82abf7e3e261391fd266e7534af5e165fa6b
AKDQ12AmbientForcePairing	LeanCode/Internal/PhysicalAnalysis/AKDQ12AmbientForcePairing.lean	50161df185dee2e5bac4538d4c21d1c3672c84b703e63bf81e060eee0d17cf82
AKDQ13RotatedSampledFields	LeanCode/Internal/PhysicalAnalysis/AKDQ13RotatedSampledFields.lean	47e425c2e59dc9bf454c6660271acce4caec5c21a2d9e80ea4054fb56b33d52e
AKDQ14RotatedSampledTimeDerivative	LeanCode/Internal/PhysicalAnalysis/AKDQ14RotatedSampledTimeDerivative.lean	bd96aa67b3b502cbd1625ece258a2ccb22dd002f7bd710222cb1e99b1bed0c7c
AKDQ15PullbackForcePairing	LeanCode/Internal/PhysicalAnalysis/AKDQ15PullbackForcePairing.lean	f3b7af44fdc55de00746302abec5ea9f5ed1eec0121e24da8420e18205e58e32
AKDQ16ActualMagneticLift	LeanCode/Internal/PhysicalAnalysis/AKDQ16ActualMagneticLift.lean	d14ef2f04233c28c95da398c6b4bef3d3efec7d72e0d3cade03a9c85dd2278bd
AKDQ17ActualAmbientDerivativeFidelity	LeanCode/Internal/PhysicalAnalysis/AKDQ17ActualAmbientDerivativeFidelity.lean	59c0bb7b2afb22938f62acfefd807d39711c502829cd7a99f7d14aa2a6ad5bb1
AKDQ18ActualPressureDerivatives	LeanCode/Internal/PhysicalAnalysis/AKDQ18ActualPressureDerivatives.lean	04ee3df66779881614e90a750de01aaf68a5068d5b462b5ad707b0d79e7c3c28
AKDQ19ActualDiskForcePairing	LeanCode/Internal/PhysicalAnalysis/AKDQ19ActualDiskForcePairing.lean	5d22120b482c9b7b5fb59051baa9eaa3e210e0590a90a38c11c70cbf7cd7fe21
AKDQ20ActualTimeForcePairing	LeanCode/Internal/PhysicalAnalysis/AKDQ20ActualTimeForcePairing.lean	1059d5fd7633157a351a9088b4dcdc2bc22417ac8cc6619bdf5b808c71a462d5
AKDQ21ActualForcePairingsZero	LeanCode/Internal/PhysicalAnalysis/AKDQ21ActualForcePairingsZero.lean	d9ab5057f4cea5e9ee8f6e679c31982891453a2345f631c34424e6c709debb6b
AKDQ22AnnularCoordinateSpanning	LeanCode/Internal/PhysicalAnalysis/AKDQ22AnnularCoordinateSpanning.lean	7c28a896972acd53a6ff5cf41a32a4e593c737b9ba0d6d79c864ab38b8b8d8da
AKDQ23AmbientForceContinuity	LeanCode/Internal/PhysicalAnalysis/AKDQ23AmbientForceContinuity.lean	634b1fb7e2992a34814e6d18792b0c9ac197a827c6a30806fb4d60467d8aab3f
AKDQ24AxisContinuityExtension	LeanCode/Internal/PhysicalAnalysis/AKDQ24AxisContinuityExtension.lean	b535fef79dc22d8714d0ab16c700080607a097ed32b29fc39461f6ec09cd6b14
AKDQ25ActualClosedCylinderForceZero	LeanCode/Internal/PhysicalAnalysis/AKDQ25ActualClosedCylinderForceZero.lean	5838010fcc4178b85416a175d46c3a511b4cc03e4e3f649d93f44c5804e53d9b
AKDQ26ActualAmbientForceFields	LeanCode/Internal/PhysicalAnalysis/AKDQ26ActualAmbientForceFields.lean	7bc8500e496787fde43a4799a596b47f0ff4b34b0a0abb5317f45ad27ada2ac6
AKDQ27DeterminantTraceAlgebra	LeanCode/Internal/PhysicalAnalysis/AKDQ27DeterminantTraceAlgebra.lean	13ba5c4ef1f0ebeeb7f2df1db0d2e9fbfe29e52b7bea1d0f268b0a3579c977b1
AKDQ28DeterminantDirectionalDerivative	LeanCode/Internal/PhysicalAnalysis/AKDQ28DeterminantDirectionalDerivative.lean	818048975fcdddc05d1632ed5c3d268a858bf4a38eda9b3420bf44b89a37a208
AKDQ29DeterminantNondegeneracy	LeanCode/Internal/PhysicalAnalysis/AKDQ29DeterminantNondegeneracy.lean	15e9a83103423b8c8527bef67de85e46b5dd5c9a92e7cd93be207a953f4c612e
AKDQ30ActualCellJacobianRate	LeanCode/Internal/PhysicalAnalysis/AKDQ30ActualCellJacobianRate.lean	4727b22e68d717562cc942bfd433582657a35a9e1642abd1910b9b2121af48b3
AKDQ31ActualDivergenceFrameIdentity	LeanCode/Internal/PhysicalAnalysis/AKDQ31ActualDivergenceFrameIdentity.lean	ccad23eceda2e91e1e33f8cc1e3cb42511237e0d3164ffbe86ed8f0d8bddf5ba
AKDQ32ActualClosedCylinderDivergenceZero	LeanCode/Internal/PhysicalAnalysis/AKDQ32ActualClosedCylinderDivergenceZero.lean	f17a6d08098ef1eb375dc8475899f07084723d6d7c3460c26c362d7261b0c57f
AKDQ33ActualAmbientMHSFields	LeanCode/Internal/PhysicalAnalysis/AKDQ33ActualAmbientMHSFields.lean	ac62d1be756f2665474846e9188b578b3ee530affd491ca8f38768b29791ebef
AKDT1ActualBodyInversePatch	LeanCode/Internal/PhysicalAnalysis/AKDT1ActualBodyInversePatch.lean	f93a69357607574669eb57052e22e2b39868af0bcdb9a0ad3f74ee0371e1591e
AKDT2ActualBodyInterior	LeanCode/Internal/PhysicalAnalysis/AKDT2ActualBodyInterior.lean	954e0cacf6580a38f110c0423797fb03cb60a77c6828696b1bdf9585c2ca968d
AKDT3ActualBodyAxis	LeanCode/Internal/PhysicalAnalysis/AKDT3ActualBodyAxis.lean	483ee89e945dd0a083dd6705919d5e8a1c5a6aaa21381169f4bbda6ed62de281
AKDT4ActualFieldZeros	LeanCode/Internal/PhysicalAnalysis/AKDT4ActualFieldZeros.lean	abbe5b63740d5a25b8eadbedc9639dc365236f6947b183c554e0a4474cc1a683
AKDT5BoundaryOrbit	LeanCode/Internal/PhysicalAnalysis/AKDT5BoundaryOrbit.lean	52bf491a98e12afed748763616380c33de9644413e134de249593dbe29d2495e
AKDT6ActualBoundaryTangency	LeanCode/Internal/PhysicalAnalysis/AKDT6ActualBoundaryTangency.lean	389e6ef9dc56af4a4bdc65ef1e0a6c6c65709020210671b4fadc9f0d9b41a0bc
AKDT7ActualFieldZeroSets	LeanCode/Internal/PhysicalAnalysis/AKDT7ActualFieldZeroSets.lean	1c2e1ef5ea843dc05d4370ad34ce1d898d678712f7760352d791843ad42f7f38
AKDT8ActualBoundaryFields	LeanCode/Internal/PhysicalAnalysis/AKDT8ActualBoundaryFields.lean	73be8f238fd231ed04240186a7236219867862c444391d85db1c11f1012a68bc
AKDT9CircleCoordinate	LeanCode/Internal/PhysicalAnalysis/AKDT9CircleCoordinate.lean	2bf3bf2aac4ee4811a5a651bfa162fb85a77740f165be92f914eecb3159b2301
AKDT10UnitCircleHomeomorph	LeanCode/Internal/PhysicalAnalysis/AKDT10UnitCircleHomeomorph.lean	7cfc053fea836b04a3536c30c53009ecb03793c62cdbbfa2830bff5f9dd37f7c
AKDT11PolarDiskHomeomorph	LeanCode/Internal/PhysicalAnalysis/AKDT11PolarDiskHomeomorph.lean	f1f3272e2627429fc59ae58c7b8c85b24df8ceefc27d140288018a97ffd82985
AKDT12ReferenceFoliation	LeanCode/Internal/PhysicalAnalysis/AKDT12ReferenceFoliation.lean	7422a9ca6fb3dac508c0bf48f7b002f95244378ea29565b9ca0abe2b7851bbaf
AKDT13PolarCylinderCalculus	LeanCode/Internal/PhysicalAnalysis/AKDT13PolarCylinderCalculus.lean	5cf20b031ff25a4f898859056d86423063e69f5f3477a553d2f2538ffbf926e0
AKDT14ReferencePolarLifts	LeanCode/Internal/PhysicalAnalysis/AKDT14ReferencePolarLifts.lean	4c12c893917bec8d011f781a7be1aa053de57639cf8f66d4d0ca26d315241bf0
AKDT15ActualFoliationSmoothness	LeanCode/Internal/PhysicalAnalysis/AKDT15ActualFoliationSmoothness.lean	1af69fe98931fd8b6676ee530348d4f4aaf956958d172fa94cc3ae71ffd57294
AKDT16ActualPressureLeaves	LeanCode/Internal/PhysicalAnalysis/AKDT16ActualPressureLeaves.lean	0093ecd35669ecfb70a8418cf33d11f689f797687e2db94c9a98fcb25d52505d
AKDT17TorusCoordinateCalculus	LeanCode/Internal/PhysicalAnalysis/AKDT17TorusCoordinateCalculus.lean	846509cb3c0fdf476c9e718c41fbfe78c706c198e71c29b78d479f2804af5e90
AKDT18ActualPressureTori	LeanCode/Internal/PhysicalAnalysis/AKDT18ActualPressureTori.lean	f1150b4f5ecec220272dd2b99469c141c6624bba7709c1b3ef2fa3643ae73acf
AKDT19ActualRegularLevels	LeanCode/Internal/PhysicalAnalysis/AKDT19ActualRegularLevels.lean	3d9ec0483c7367525c923379c22f77f13a7aae98984ec0c07f282cad38ca9b2d
AKDT20ActualPressureFoliation	LeanCode/Internal/PhysicalAnalysis/AKDT20ActualPressureFoliation.lean	121d0abc1fd2c090506e9b53fbd41a6b08206d87fb61ba957028bfae2f560237
AKDT21ActualFoliatedFields	LeanCode/Internal/PhysicalAnalysis/AKDT21ActualFoliatedFields.lean	05ebf9befa243acbe7c35312647329fa074f5cb5fa5ed996e3db4482426e091a
SampledAxisChartData	LeanCode/Applications/MHS/SampledAxisChartData.lean	1838b117e2ded04ed47a8de39657bde3104069c24a83db9925ceab2a57fdb455
AKDT22ActualAxisChartData	LeanCode/Internal/PhysicalAnalysis/AKDT22ActualAxisChartData.lean	f770d178061ae271ff68ef64bfe7951bef3b4407daf15a45ddc4a7b65a02d939
AKDT23SignedAxisPreservation	LeanCode/Internal/PhysicalAnalysis/AKDT23SignedAxisPreservation.lean	59054cf5a504076fc9391c1aa66a9ecf421c149b3a6aea0bc02d2a88fd4021dc
AKDT24ActualNormalShape	LeanCode/Internal/PhysicalAnalysis/AKDT24ActualNormalShape.lean	48264d49e22c66c123870e8e0ceaae2008d9197dcadf4cdfd8db01ec100b0eb7
AKDT25PreservedNormalShape	LeanCode/Internal/PhysicalAnalysis/AKDT25PreservedNormalShape.lean	ff066e8fc9403628538b6912873239eae69521d1cc2a177fba18dcb5078bede6
AKDT26RotationFromFrame	LeanCode/Internal/PhysicalAnalysis/AKDT26RotationFromFrame.lean	bf4d2223813c73f80ba6ba0aae99fdae258231dbb9b90a61e08b80d562c2958b
AKDT27SignedStabilizerUpper	LeanCode/Internal/PhysicalAnalysis/AKDT27SignedStabilizerUpper.lean	6c3e581e000c8ceb79a88cba2b5756128958bcd09a0d251627f79f19ff58aa18
AKDT28FiniteRotationIndex	LeanCode/Internal/PhysicalAnalysis/AKDT28FiniteRotationIndex.lean	b17dcaf3065e82180f2eb804fd3eb3b0add49ec3c47be574388e7b7ecbca94bb
AKDT29ActualCyclicFieldShift	LeanCode/Internal/PhysicalAnalysis/AKDT29ActualCyclicFieldShift.lean	4324a69708b1a675175089001cfdfa65c9d752101101007c10d07ed1a2199865
AKDT30ActualCyclicStabilizer	LeanCode/Internal/PhysicalAnalysis/AKDT30ActualCyclicStabilizer.lean	8d5199cb92b4dcd97f4b811d3209a000ff7234d9f7fad2d4dad598349a8ff282
AKDT31ActualSignedStabilizer	LeanCode/Internal/PhysicalAnalysis/AKDT31ActualSignedStabilizer.lean	bb5fa973194bddb6ec1ab418e4ea280ca5dca24615732d431e8bd4cd412f26cc
AKDT32ActualPhysicalConclusions	LeanCode/Internal/PhysicalAnalysis/AKDT32ActualPhysicalConclusions.lean	ed6407765c8f547807814358c31329369718701c63a86aa7ee03b5300336172b
SampledSmoothFamilyConsumer	LeanCode/Applications/MHS/SampledSmoothFamilyConsumer.lean	a221aebc80432110ffaa5b82c49da2e9f025744f6177bf72284a0a43d2a9dca6
SampledThresholdFamily	LeanCode/Applications/MHS/SampledThresholdFamily.lean	304b19b6c7b987ede5cfff92e33ecd3292cffc3bae8c934dd2c5ce9c556caf3b
AKDT33ActualEventualPhysicalFamily	LeanCode/Internal/PhysicalAnalysis/AKDT33ActualEventualPhysicalFamily.lean	aebc93ca7963d5663b648172bb46adf648c8245f1243025870e818feefbd5c95
ConfigurationRegularity	LeanCode/Topology/ConfigurationRegularity.lean	dd7a682dbd291427f54f357209a7d5a7c2f6dab3a3a1d5689b5acdbbcac335ff
ConfigurationRegularityConsumer	LeanCode/Applications/MHS/ConfigurationRegularityConsumer.lean	daba5a78f58819b33cc6450fc9753ab4358b6552f196987b63049640517a8ab1
ModuliTopology	LeanCode/Topology/ModuliTopology.lean	3f5963752dfd142a3c040f09b98eb0f7e952c876ffdecdd66f92073126d1f9e8
ModuliTopologyConsumer	LeanCode/Topology/ModuliTopologyConsumer.lean	cfd165c762de25d2750adad46adf55305cb2a32c8d8b809f6f0fa0997c825c25
ModuliCurveNonisolation	LeanCode/Topology/ModuliCurveNonisolation.lean	1879d9f78a0847214226f7ee029fc1e85a18bac104931ab8bb90ad019fc8aec4
ModuliCurveNonisolationConsumer	LeanCode/Topology/ModuliCurveNonisolationConsumer.lean	59c19889c2f1aadc8531fae6a1693a886c41e53d02f090b3cd832617677e09b6
ModuliCurveAssembly	LeanCode/Applications/MHS/ModuliCurveAssembly.lean	c7cdc6e52ef3132dd4e2e70a51ad6dd8a3fee31f81244705d6e7ecfd423f9bb8
SmoothRepresentativeContinuity	LeanCode/Applications/MHS/SmoothRepresentativeContinuity.lean	b8aa20b1e6306895ffd76cfed239f63cc8e1c8c3ea08ed2714a98d25516ba066
SmoothRepresentativeContinuityConsumer	LeanCode/Applications/MHS/SmoothRepresentativeContinuityConsumer.lean	f3c4cf92854aacfc516fe1babfdc149879342c69a9aa7f2acd7100fd702cbc71
PhysicalSimilarityConsumer	LeanCode/Applications/MHS/PhysicalSimilarityConsumer.lean	41c6e6b4c5130f4576a92a42942f0416aaf28ea094aab7c50086cdb47e231bea
MainAssemblySkeleton	LeanCode/Applications/MHS/MainAssemblySkeleton.lean	1888621dc4b54ad17116041a91833fdb19c1a39e68e0cd4b1ace797ff3a695b5
SampledMainAssemblySkeleton	LeanCode/Applications/MHS/SampledMainAssemblySkeleton.lean	63cad7f36b53f4113ed1154110febdf3d75faafd6ad06af1dc544c43460b5037
MainFromCellSolutionFamily	LeanCode/Applications/MHS/MainFromCellSolutionFamily.lean	87164adf1e93ed120c5a39c71482845ef4f084305e12f66eaaa0507ce2f8f3a9
SampledAxisChartConstruction	LeanCode/Applications/MHS/SampledAxisChartConstruction.lean	0e12c352faac9dc73c081ae8b80c405aa4532f6e387dd98fcaa0ba4cc79804fa
MainFromPhysicalFamily	LeanCode/Applications/MHS/MainFromPhysicalFamily.lean	251c7e4fc8b92036576091b7a10bf47a6d567f853a7199261c5ca1bdac08e44f
AKDT34ExactMainFromActualCellFamilies	LeanCode/Internal/PhysicalAnalysis/AKDT34ExactMainFromActualCellFamilies.lean	3b2a156bf137986be85e93e6720fbda5c0779dea369f47352151b4fcfca41334
AKDU4ExactMainAnalyticConsumer	LeanCode/Internal/PhysicalAnalysis/AKDU4ExactMainAnalyticConsumer.lean	1987e5c04cc5c2ec2d53a732ba5f570ed83df586f7a7e3a867e1b0c1341cd150
AKDU5TypedInverseSameOriginalMap	LeanCode/Internal/PhysicalAnalysis/AKDU5TypedInverseSameOriginalMap.lean	6b4a18e0ef8fb81c6aabbbffe47a865403315862fe7611940d09ecbc52e5d219
AKDU6ExactMainTypedInverseConsumer	LeanCode/Internal/PhysicalAnalysis/AKDU6ExactMainTypedInverseConsumer.lean	4ed9b3260503a0438114d8a5e521f4a6048ead4d034e75ec292986fbed88783f
AKDV4ActualFlatSolveToNewton	LeanCode/Internal/PhysicalAnalysis/AKDV4ActualFlatSolveToNewton.lean	7a398e22bff1372a0b2e9e5320c7bcdbd9ff5be3dc1180b289179ff08572d03d
AKDV15OpaqueProductCurrentTransfer	LeanCode/Internal/PhysicalAnalysis/AKDV15OpaqueProductCurrentTransfer.lean	d32aa063942ecbed51c16a17826480b765a7efe93f2e59fd61c1429c4dfb394b
AKDV12ActualTwoCoreNewtonConsumer	LeanCode/Internal/PhysicalAnalysis/AKDV12ActualTwoCoreNewtonConsumer.lean	a3c0919f62041f41c4f2bf49ab536c70eb81a3057f33edff20ca325bb7398c2b
AKDV17ActualCompactPlanarInverse	LeanCode/Internal/PhysicalAnalysis/AKDV17ActualCompactPlanarInverse.lean	a2e328acfa04659108a41c2de198fcfcbf45939f50d3dd65ad54e50b05a0be77
AKDV18ExactMainFromCompactPlanar	LeanCode/Internal/PhysicalAnalysis/AKDV18ExactMainFromCompactPlanar.lean	f36e97d18c6767e8c99070c8c9f517428e58b8eedc04dc705074b33658599f93
AKEH11ExactOriginalMain	LeanCode/Applications/MHS/AKEH11ExactOriginalMain.lean	d5f28ffe177a40624e720f7fc5c18ba4fdb5f7e3e4a13992867ac78b87ae0bca
